Copyright 1986-2018 Xilinx, Inc. All Rights Reserved.
--------------------------------------------------------------------------------------------------------------------------------------------------------------------------------------------------------
| Tool Version : Vivado v.2018.3 (win64) Build 2405991 Thu Dec  6 23:38:27 MST 2018
| Date         : Mon Aug 24 12:03:07 2026
| Host         : SEAL_LAPTOP running 64-bit major release  (build 9200)
| Command      : report_timing_summary -max_paths 10 -file led_counter_timing_summary_routed.rpt -pb led_counter_timing_summary_routed.pb -rpx led_counter_timing_summary_routed.rpx -warn_on_violation
| Design       : led_counter
| Device       : 7a100t-csg324
| Speed File   : -1  PRODUCTION 1.23 2018-06-13
--------------------------------------------------------------------------------------------------------------------------------------------------------------------------------------------------------

Timing Summary Report

------------------------------------------------------------------------------------------------
| Timer Settings
| --------------
------------------------------------------------------------------------------------------------

  Enable Multi Corner Analysis               :  Yes
  Enable Pessimism Removal                   :  Yes
  Pessimism Removal Resolution               :  Nearest Common Node
  Enable Input Delay Default Clock           :  No
  Enable Preset / Clear Arcs                 :  No
  Disable Flight Delays                      :  No
  Ignore I/O Paths                           :  No
  Timing Early Launch at Borrowing Latches   :  false

  Corner  Analyze    Analyze    
  Name    Max Paths  Min Paths  
  ------  ---------  ---------  
  Slow    Yes        Yes        
  Fast    Yes        Yes        



check_timing report

Table of Contents
-----------------
1. checking no_clock
2. checking constant_clock
3. checking pulse_width_clock
4. checking unconstrained_internal_endpoints
5. checking no_input_delay
6. checking no_output_delay
7. checking multiple_clock
8. checking generated_clocks
9. checking loops
10. checking partial_input_delay
11. checking partial_output_delay
12. checking latch_loops

1. checking no_clock
--------------------
 There are 5 register/latch pins with no clock driven by root clock pin: clk_div_reg[25]/Q (HIGH)


2. checking constant_clock
--------------------------
 There are 0 register/latch pins with constant_clock.


3. checking pulse_width_clock
-----------------------------
 There are 0 register/latch pins which need pulse_width check


4. checking unconstrained_internal_endpoints
--------------------------------------------
 There are 10 pins that are not constrained for maximum delay. (HIGH)

 There are 0 pins that are not constrained for maximum delay due to constant clock.


5. checking no_input_delay
--------------------------
 There is 1 input port with no input delay specified. (HIGH)

 There are 0 input ports with no input delay but user has a false path constraint.


6. checking no_output_delay
---------------------------
 There are 5 ports with no output delay specified. (HIGH)

 There are 0 ports with no output delay but user has a false path constraint

 There are 0 ports with no output delay but with a timing clock defined on it or propagating through it


7. checking multiple_clock
--------------------------
 There are 0 register/latch pins with multiple clocks.


8. checking generated_clocks
----------------------------
 There are 0 generated clocks that are not connected to a clock source.


9. checking loops
-----------------
 There are 0 combinational loops in the design.


10. checking partial_input_delay
--------------------------------
 There are 0 input ports with partial input delay specified.


11. checking partial_output_delay
---------------------------------
 There are 0 ports with partial output delay specified.


12. checking latch_loops
------------------------
 There are 0 combinational latch loops in the design through latch input



------------------------------------------------------------------------------------------------
| Design Timing Summary
| ---------------------
------------------------------------------------------------------------------------------------

    WNS(ns)      TNS(ns)  TNS Failing Endpoints  TNS Total Endpoints      WHS(ns)      THS(ns)  THS Failing Endpoints  THS Total Endpoints     WPWS(ns)     TPWS(ns)  TPWS Failing Endpoints  TPWS Total Endpoints  
    -------      -------  ---------------------  -------------------      -------      -------  ---------------------  -------------------     --------     --------  ----------------------  --------------------  
      7.208        0.000                      0                   26        0.324        0.000                      0                   26        4.500        0.000                       0                    27  


All user specified timing constraints are met.


------------------------------------------------------------------------------------------------
| Clock Summary
| -------------
------------------------------------------------------------------------------------------------

Clock        Waveform(ns)       Period(ns)      Frequency(MHz)
-----        ------------       ----------      --------------
sys_clk_pin  {0.000 5.000}      10.000          100.000         


------------------------------------------------------------------------------------------------
| Intra Clock Table
| -----------------
------------------------------------------------------------------------------------------------

Clock             WNS(ns)      TNS(ns)  TNS Failing Endpoints  TNS Total Endpoints      WHS(ns)      THS(ns)  THS Failing Endpoints  THS Total Endpoints     WPWS(ns)     TPWS(ns)  TPWS Failing Endpoints  TPWS Total Endpoints  
-----             -------      -------  ---------------------  -------------------      -------      -------  ---------------------  -------------------     --------     --------  ----------------------  --------------------  
sys_clk_pin         7.208        0.000                      0                   26        0.324        0.000                      0                   26        4.500        0.000                       0                    27  


------------------------------------------------------------------------------------------------
| Inter Clock Table
| -----------------
------------------------------------------------------------------------------------------------

From Clock    To Clock          WNS(ns)      TNS(ns)  TNS Failing Endpoints  TNS Total Endpoints      WHS(ns)      THS(ns)  THS Failing Endpoints  THS Total Endpoints  
----------    --------          -------      -------  ---------------------  -------------------      -------      -------  ---------------------  -------------------  


------------------------------------------------------------------------------------------------
| Other Path Groups Table
| -----------------------
------------------------------------------------------------------------------------------------

Path Group    From Clock    To Clock          WNS(ns)      TNS(ns)  TNS Failing Endpoints  TNS Total Endpoints      WHS(ns)      THS(ns)  THS Failing Endpoints  THS Total Endpoints  
----------    ----------    --------          -------      -------  ---------------------  -------------------      -------      -------  ---------------------  -------------------  


------------------------------------------------------------------------------------------------
| Timing Details
| --------------
------------------------------------------------------------------------------------------------


---------------------------------------------------------------------------------------------------
From Clock:  sys_clk_pin
  To Clock:  sys_clk_pin

Setup :            0  Failing Endpoints,  Worst Slack        7.208ns,  Total Violation        0.000ns
Hold  :            0  Failing Endpoints,  Worst Slack        0.324ns,  Total Violation        0.000ns
PW    :            0  Failing Endpoints,  Worst Slack        4.500ns,  Total Violation        0.000ns
---------------------------------------------------------------------------------------------------


Max Delay Paths
--------------------------------------------------------------------------------------
Slack (MET) :             7.208ns  (required time - arrival time)
  Source:                 clk_div_reg[1]/C
                            (rising edge-triggered cell FDCE clocked by sys_clk_pin  {rise@0.000ns fall@5.000ns period=10.000ns})
  Destination:            clk_div_reg[25]/D
                            (rising edge-triggered cell FDCE clocked by sys_clk_pin  {rise@0.000ns fall@5.000ns period=10.000ns})
  Path Group:             sys_clk_pin
  Path Type:              Setup (Max at Slow Process Corner)
  Requirement:            10.000ns  (sys_clk_pin rise@10.000ns - sys_clk_pin rise@0.000ns)
  Data Path Delay:        2.796ns  (logic 2.034ns (72.750%)  route 0.762ns (27.250%))
  Logic Levels:           7  (CARRY4=7)
  Clock Path Skew:        -0.023ns (DCD - SCD + CPR)
    Destination Clock Delay (DCD):    5.029ns = ( 15.029 - 10.000 ) 
    Source Clock Delay      (SCD):    5.327ns
    Clock Pessimism Removal (CPR):    0.275ns
  Clock Uncertainty:      0.035ns  ((TSJ^2 + TIJ^2)^1/2 + DJ) / 2 + PE
    Total System Jitter     (TSJ):    0.071ns
    Total Input Jitter      (TIJ):    0.000ns
    Discrete Jitter          (DJ):    0.000ns
    Phase Error              (PE):    0.000ns

    Location             Delay type                Incr(ns)  Path(ns)    Netlist Resource(s)
  -------------------------------------------------------------------    -------------------
                         (clock sys_clk_pin rise edge)
                                                      0.000     0.000 r  
    E3                                                0.000     0.000 r  clk (IN)
                         net (fo=0)                   0.000     0.000    clk
    E3                   IBUF (Prop_ibuf_I_O)         1.482     1.482 r  clk_IBUF_inst/O
                         net (fo=1, routed)           2.025     3.506    clk_IBUF
    BUFGCTRL_X0Y16       BUFG (Prop_bufg_I_O)         0.096     3.602 r  clk_IBUF_BUFG_inst/O
                         net (fo=26, routed)          1.724     5.327    clk_IBUF_BUFG
    SLICE_X0Y92          FDCE                                         r  clk_div_reg[1]/C
  -------------------------------------------------------------------    -------------------
    SLICE_X0Y92          FDCE (Prop_fdce_C_Q)         0.456     5.783 r  clk_div_reg[1]/Q
                         net (fo=1, routed)           0.762     6.545    clk_div_reg_n_0_[1]
    SLICE_X0Y92          CARRY4 (Prop_carry4_S[1]_CO[3])
                                                      0.674     7.219 r  clk_div_reg[0]_i_1/CO[3]
                         net (fo=1, routed)           0.000     7.219    clk_div_reg[0]_i_1_n_0
    SLICE_X0Y93          CARRY4 (Prop_carry4_CI_CO[3])
                                                      0.114     7.333 r  clk_div_reg[4]_i_1/CO[3]
                         net (fo=1, routed)           0.000     7.333    clk_div_reg[4]_i_1_n_0
    SLICE_X0Y94          CARRY4 (Prop_carry4_CI_CO[3])
                                                      0.114     7.447 r  clk_div_reg[8]_i_1/CO[3]
                         net (fo=1, routed)           0.000     7.447    clk_div_reg[8]_i_1_n_0
    SLICE_X0Y95          CARRY4 (Prop_carry4_CI_CO[3])
                                                      0.114     7.561 r  clk_div_reg[12]_i_1/CO[3]
                         net (fo=1, routed)           0.000     7.561    clk_div_reg[12]_i_1_n_0
    SLICE_X0Y96          CARRY4 (Prop_carry4_CI_CO[3])
                                                      0.114     7.675 r  clk_div_reg[16]_i_1/CO[3]
                         net (fo=1, routed)           0.000     7.675    clk_div_reg[16]_i_1_n_0
    SLICE_X0Y97          CARRY4 (Prop_carry4_CI_CO[3])
                                                      0.114     7.789 r  clk_div_reg[20]_i_1/CO[3]
                         net (fo=1, routed)           0.000     7.789    clk_div_reg[20]_i_1_n_0
    SLICE_X0Y98          CARRY4 (Prop_carry4_CI_O[1])
                                                      0.334     8.123 r  clk_div_reg[24]_i_1/O[1]
                         net (fo=1, routed)           0.000     8.123    clk_div_reg[24]_i_1_n_6
    SLICE_X0Y98          FDCE                                         r  clk_div_reg[25]/D
  -------------------------------------------------------------------    -------------------

                         (clock sys_clk_pin rise edge)
                                                     10.000    10.000 r  
    E3                                                0.000    10.000 r  clk (IN)
                         net (fo=0)                   0.000    10.000    clk
    E3                   IBUF (Prop_ibuf_I_O)         1.411    11.411 r  clk_IBUF_inst/O
                         net (fo=1, routed)           1.920    13.331    clk_IBUF
    BUFGCTRL_X0Y16       BUFG (Prop_bufg_I_O)         0.091    13.422 r  clk_IBUF_BUFG_inst/O
                         net (fo=26, routed)          1.606    15.029    clk_IBUF_BUFG
    SLICE_X0Y98          FDCE                                         r  clk_div_reg[25]/C
                         clock pessimism              0.275    15.304    
                         clock uncertainty           -0.035    15.268    
    SLICE_X0Y98          FDCE (Setup_fdce_C_D)        0.062    15.330    clk_div_reg[25]
  -------------------------------------------------------------------
                         required time                         15.330    
                         arrival time                          -8.123    
  -------------------------------------------------------------------
                         slack                                  7.208    

Slack (MET) :             7.319ns  (required time - arrival time)
  Source:                 clk_div_reg[1]/C
                            (rising edge-triggered cell FDCE clocked by sys_clk_pin  {rise@0.000ns fall@5.000ns period=10.000ns})
  Destination:            clk_div_reg[24]/D
                            (rising edge-triggered cell FDCE clocked by sys_clk_pin  {rise@0.000ns fall@5.000ns period=10.000ns})
  Path Group:             sys_clk_pin
  Path Type:              Setup (Max at Slow Process Corner)
  Requirement:            10.000ns  (sys_clk_pin rise@10.000ns - sys_clk_pin rise@0.000ns)
  Data Path Delay:        2.685ns  (logic 1.923ns (71.624%)  route 0.762ns (28.376%))
  Logic Levels:           7  (CARRY4=7)
  Clock Path Skew:        -0.023ns (DCD - SCD + CPR)
    Destination Clock Delay (DCD):    5.029ns = ( 15.029 - 10.000 ) 
    Source Clock Delay      (SCD):    5.327ns
    Clock Pessimism Removal (CPR):    0.275ns
  Clock Uncertainty:      0.035ns  ((TSJ^2 + TIJ^2)^1/2 + DJ) / 2 + PE
    Total System Jitter     (TSJ):    0.071ns
    Total Input Jitter      (TIJ):    0.000ns
    Discrete Jitter          (DJ):    0.000ns
    Phase Error              (PE):    0.000ns

    Location             Delay type                Incr(ns)  Path(ns)    Netlist Resource(s)
  -------------------------------------------------------------------    -------------------
                         (clock sys_clk_pin rise edge)
                                                      0.000     0.000 r  
    E3                                                0.000     0.000 r  clk (IN)
                         net (fo=0)                   0.000     0.000    clk
    E3                   IBUF (Prop_ibuf_I_O)         1.482     1.482 r  clk_IBUF_inst/O
                         net (fo=1, routed)           2.025     3.506    clk_IBUF
    BUFGCTRL_X0Y16       BUFG (Prop_bufg_I_O)         0.096     3.602 r  clk_IBUF_BUFG_inst/O
                         net (fo=26, routed)          1.724     5.327    clk_IBUF_BUFG
    SLICE_X0Y92          FDCE                                         r  clk_div_reg[1]/C
  -------------------------------------------------------------------    -------------------
    SLICE_X0Y92          FDCE (Prop_fdce_C_Q)         0.456     5.783 r  clk_div_reg[1]/Q
                         net (fo=1, routed)           0.762     6.545    clk_div_reg_n_0_[1]
    SLICE_X0Y92          CARRY4 (Prop_carry4_S[1]_CO[3])
                                                      0.674     7.219 r  clk_div_reg[0]_i_1/CO[3]
                         net (fo=1, routed)           0.000     7.219    clk_div_reg[0]_i_1_n_0
    SLICE_X0Y93          CARRY4 (Prop_carry4_CI_CO[3])
                                                      0.114     7.333 r  clk_div_reg[4]_i_1/CO[3]
                         net (fo=1, routed)           0.000     7.333    clk_div_reg[4]_i_1_n_0
    SLICE_X0Y94          CARRY4 (Prop_carry4_CI_CO[3])
                                                      0.114     7.447 r  clk_div_reg[8]_i_1/CO[3]
                         net (fo=1, routed)           0.000     7.447    clk_div_reg[8]_i_1_n_0
    SLICE_X0Y95          CARRY4 (Prop_carry4_CI_CO[3])
                                                      0.114     7.561 r  clk_div_reg[12]_i_1/CO[3]
                         net (fo=1, routed)           0.000     7.561    clk_div_reg[12]_i_1_n_0
    SLICE_X0Y96          CARRY4 (Prop_carry4_CI_CO[3])
                                                      0.114     7.675 r  clk_div_reg[16]_i_1/CO[3]
                         net (fo=1, routed)           0.000     7.675    clk_div_reg[16]_i_1_n_0
    SLICE_X0Y97          CARRY4 (Prop_carry4_CI_CO[3])
                                                      0.114     7.789 r  clk_div_reg[20]_i_1/CO[3]
                         net (fo=1, routed)           0.000     7.789    clk_div_reg[20]_i_1_n_0
    SLICE_X0Y98          CARRY4 (Prop_carry4_CI_O[0])
                                                      0.223     8.012 r  clk_div_reg[24]_i_1/O[0]
                         net (fo=1, routed)           0.000     8.012    clk_div_reg[24]_i_1_n_7
    SLICE_X0Y98          FDCE                                         r  clk_div_reg[24]/D
  -------------------------------------------------------------------    -------------------

                         (clock sys_clk_pin rise edge)
                                                     10.000    10.000 r  
    E3                                                0.000    10.000 r  clk (IN)
                         net (fo=0)                   0.000    10.000    clk
    E3                   IBUF (Prop_ibuf_I_O)         1.411    11.411 r  clk_IBUF_inst/O
                         net (fo=1, routed)           1.920    13.331    clk_IBUF
    BUFGCTRL_X0Y16       BUFG (Prop_bufg_I_O)         0.091    13.422 r  clk_IBUF_BUFG_inst/O
                         net (fo=26, routed)          1.606    15.029    clk_IBUF_BUFG
    SLICE_X0Y98          FDCE                                         r  clk_div_reg[24]/C
                         clock pessimism              0.275    15.304    
                         clock uncertainty           -0.035    15.268    
    SLICE_X0Y98          FDCE (Setup_fdce_C_D)        0.062    15.330    clk_div_reg[24]
  -------------------------------------------------------------------
                         required time                         15.330    
                         arrival time                          -8.012    
  -------------------------------------------------------------------
                         slack                                  7.319    

Slack (MET) :             7.322ns  (required time - arrival time)
  Source:                 clk_div_reg[1]/C
                            (rising edge-triggered cell FDCE clocked by sys_clk_pin  {rise@0.000ns fall@5.000ns period=10.000ns})
  Destination:            clk_div_reg[21]/D
                            (rising edge-triggered cell FDCE clocked by sys_clk_pin  {rise@0.000ns fall@5.000ns period=10.000ns})
  Path Group:             sys_clk_pin
  Path Type:              Setup (Max at Slow Process Corner)
  Requirement:            10.000ns  (sys_clk_pin rise@10.000ns - sys_clk_pin rise@0.000ns)
  Data Path Delay:        2.682ns  (logic 1.920ns (71.592%)  route 0.762ns (28.408%))
  Logic Levels:           6  (CARRY4=6)
  Clock Path Skew:        -0.023ns (DCD - SCD + CPR)
    Destination Clock Delay (DCD):    5.029ns = ( 15.029 - 10.000 ) 
    Source Clock Delay      (SCD):    5.327ns
    Clock Pessimism Removal (CPR):    0.275ns
  Clock Uncertainty:      0.035ns  ((TSJ^2 + TIJ^2)^1/2 + DJ) / 2 + PE
    Total System Jitter     (TSJ):    0.071ns
    Total Input Jitter      (TIJ):    0.000ns
    Discrete Jitter          (DJ):    0.000ns
    Phase Error              (PE):    0.000ns

    Location             Delay type                Incr(ns)  Path(ns)    Netlist Resource(s)
  -------------------------------------------------------------------    -------------------
                         (clock sys_clk_pin rise edge)
                                                      0.000     0.000 r  
    E3                                                0.000     0.000 r  clk (IN)
                         net (fo=0)                   0.000     0.000    clk
    E3                   IBUF (Prop_ibuf_I_O)         1.482     1.482 r  clk_IBUF_inst/O
                         net (fo=1, routed)           2.025     3.506    clk_IBUF
    BUFGCTRL_X0Y16       BUFG (Prop_bufg_I_O)         0.096     3.602 r  clk_IBUF_BUFG_inst/O
                         net (fo=26, routed)          1.724     5.327    clk_IBUF_BUFG
    SLICE_X0Y92          FDCE                                         r  clk_div_reg[1]/C
  -------------------------------------------------------------------    -------------------
    SLICE_X0Y92          FDCE (Prop_fdce_C_Q)         0.456     5.783 r  clk_div_reg[1]/Q
                         net (fo=1, routed)           0.762     6.545    clk_div_reg_n_0_[1]
    SLICE_X0Y92          CARRY4 (Prop_carry4_S[1]_CO[3])
                                                      0.674     7.219 r  clk_div_reg[0]_i_1/CO[3]
                         net (fo=1, routed)           0.000     7.219    clk_div_reg[0]_i_1_n_0
    SLICE_X0Y93          CARRY4 (Prop_carry4_CI_CO[3])
                                                      0.114     7.333 r  clk_div_reg[4]_i_1/CO[3]
                         net (fo=1, routed)           0.000     7.333    clk_div_reg[4]_i_1_n_0
    SLICE_X0Y94          CARRY4 (Prop_carry4_CI_CO[3])
                                                      0.114     7.447 r  clk_div_reg[8]_i_1/CO[3]
                         net (fo=1, routed)           0.000     7.447    clk_div_reg[8]_i_1_n_0
    SLICE_X0Y95          CARRY4 (Prop_carry4_CI_CO[3])
                                                      0.114     7.561 r  clk_div_reg[12]_i_1/CO[3]
                         net (fo=1, routed)           0.000     7.561    clk_div_reg[12]_i_1_n_0
    SLICE_X0Y96          CARRY4 (Prop_carry4_CI_CO[3])
                                                      0.114     7.675 r  clk_div_reg[16]_i_1/CO[3]
                         net (fo=1, routed)           0.000     7.675    clk_div_reg[16]_i_1_n_0
    SLICE_X0Y97          CARRY4 (Prop_carry4_CI_O[1])
                                                      0.334     8.009 r  clk_div_reg[20]_i_1/O[1]
                         net (fo=1, routed)           0.000     8.009    clk_div_reg[20]_i_1_n_6
    SLICE_X0Y97          FDCE                                         r  clk_div_reg[21]/D
  -------------------------------------------------------------------    -------------------

                         (clock sys_clk_pin rise edge)
                                                     10.000    10.000 r  
    E3                                                0.000    10.000 r  clk (IN)
                         net (fo=0)                   0.000    10.000    clk
    E3                   IBUF (Prop_ibuf_I_O)         1.411    11.411 r  clk_IBUF_inst/O
                         net (fo=1, routed)           1.920    13.331    clk_IBUF
    BUFGCTRL_X0Y16       BUFG (Prop_bufg_I_O)         0.091    13.422 r  clk_IBUF_BUFG_inst/O
                         net (fo=26, routed)          1.606    15.029    clk_IBUF_BUFG
    SLICE_X0Y97          FDCE                                         r  clk_div_reg[21]/C
                         clock pessimism              0.275    15.304    
                         clock uncertainty           -0.035    15.268    
    SLICE_X0Y97          FDCE (Setup_fdce_C_D)        0.062    15.330    clk_div_reg[21]
  -------------------------------------------------------------------
                         required time                         15.330    
                         arrival time                          -8.009    
  -------------------------------------------------------------------
                         slack                                  7.322    

Slack (MET) :             7.343ns  (required time - arrival time)
  Source:                 clk_div_reg[1]/C
                            (rising edge-triggered cell FDCE clocked by sys_clk_pin  {rise@0.000ns fall@5.000ns period=10.000ns})
  Destination:            clk_div_reg[23]/D
                            (rising edge-triggered cell FDCE clocked by sys_clk_pin  {rise@0.000ns fall@5.000ns period=10.000ns})
  Path Group:             sys_clk_pin
  Path Type:              Setup (Max at Slow Process Corner)
  Requirement:            10.000ns  (sys_clk_pin rise@10.000ns - sys_clk_pin rise@0.000ns)
  Data Path Delay:        2.661ns  (logic 1.899ns (71.368%)  route 0.762ns (28.632%))
  Logic Levels:           6  (CARRY4=6)
  Clock Path Skew:        -0.023ns (DCD - SCD + CPR)
    Destination Clock Delay (DCD):    5.029ns = ( 15.029 - 10.000 ) 
    Source Clock Delay      (SCD):    5.327ns
    Clock Pessimism Removal (CPR):    0.275ns
  Clock Uncertainty:      0.035ns  ((TSJ^2 + TIJ^2)^1/2 + DJ) / 2 + PE
    Total System Jitter     (TSJ):    0.071ns
    Total Input Jitter      (TIJ):    0.000ns
    Discrete Jitter          (DJ):    0.000ns
    Phase Error              (PE):    0.000ns

    Location             Delay type                Incr(ns)  Path(ns)    Netlist Resource(s)
  -------------------------------------------------------------------    -------------------
                         (clock sys_clk_pin rise edge)
                                                      0.000     0.000 r  
    E3                                                0.000     0.000 r  clk (IN)
                         net (fo=0)                   0.000     0.000    clk
    E3                   IBUF (Prop_ibuf_I_O)         1.482     1.482 r  clk_IBUF_inst/O
                         net (fo=1, routed)           2.025     3.506    clk_IBUF
    BUFGCTRL_X0Y16       BUFG (Prop_bufg_I_O)         0.096     3.602 r  clk_IBUF_BUFG_inst/O
                         net (fo=26, routed)          1.724     5.327    clk_IBUF_BUFG
    SLICE_X0Y92          FDCE                                         r  clk_div_reg[1]/C
  -------------------------------------------------------------------    -------------------
    SLICE_X0Y92          FDCE (Prop_fdce_C_Q)         0.456     5.783 r  clk_div_reg[1]/Q
                         net (fo=1, routed)           0.762     6.545    clk_div_reg_n_0_[1]
    SLICE_X0Y92          CARRY4 (Prop_carry4_S[1]_CO[3])
                                                      0.674     7.219 r  clk_div_reg[0]_i_1/CO[3]
                         net (fo=1, routed)           0.000     7.219    clk_div_reg[0]_i_1_n_0
    SLICE_X0Y93          CARRY4 (Prop_carry4_CI_CO[3])
                                                      0.114     7.333 r  clk_div_reg[4]_i_1/CO[3]
                         net (fo=1, routed)           0.000     7.333    clk_div_reg[4]_i_1_n_0
    SLICE_X0Y94          CARRY4 (Prop_carry4_CI_CO[3])
                                                      0.114     7.447 r  clk_div_reg[8]_i_1/CO[3]
                         net (fo=1, routed)           0.000     7.447    clk_div_reg[8]_i_1_n_0
    SLICE_X0Y95          CARRY4 (Prop_carry4_CI_CO[3])
                                                      0.114     7.561 r  clk_div_reg[12]_i_1/CO[3]
                         net (fo=1, routed)           0.000     7.561    clk_div_reg[12]_i_1_n_0
    SLICE_X0Y96          CARRY4 (Prop_carry4_CI_CO[3])
                                                      0.114     7.675 r  clk_div_reg[16]_i_1/CO[3]
                         net (fo=1, routed)           0.000     7.675    clk_div_reg[16]_i_1_n_0
    SLICE_X0Y97          CARRY4 (Prop_carry4_CI_O[3])
                                                      0.313     7.988 r  clk_div_reg[20]_i_1/O[3]
                         net (fo=1, routed)           0.000     7.988    clk_div_reg[20]_i_1_n_4
    SLICE_X0Y97          FDCE                                         r  clk_div_reg[23]/D
  -------------------------------------------------------------------    -------------------

                         (clock sys_clk_pin rise edge)
                                                     10.000    10.000 r  
    E3                                                0.000    10.000 r  clk (IN)
                         net (fo=0)                   0.000    10.000    clk
    E3                   IBUF (Prop_ibuf_I_O)         1.411    11.411 r  clk_IBUF_inst/O
                         net (fo=1, routed)           1.920    13.331    clk_IBUF
    BUFGCTRL_X0Y16       BUFG (Prop_bufg_I_O)         0.091    13.422 r  clk_IBUF_BUFG_inst/O
                         net (fo=26, routed)          1.606    15.029    clk_IBUF_BUFG
    SLICE_X0Y97          FDCE                                         r  clk_div_reg[23]/C
                         clock pessimism              0.275    15.304    
                         clock uncertainty           -0.035    15.268    
    SLICE_X0Y97          FDCE (Setup_fdce_C_D)        0.062    15.330    clk_div_reg[23]
  -------------------------------------------------------------------
                         required time                         15.330    
                         arrival time                          -7.988    
  -------------------------------------------------------------------
                         slack                                  7.343    

Slack (MET) :             7.417ns  (required time - arrival time)
  Source:                 clk_div_reg[1]/C
                            (rising edge-triggered cell FDCE clocked by sys_clk_pin  {rise@0.000ns fall@5.000ns period=10.000ns})
  Destination:            clk_div_reg[22]/D
                            (rising edge-triggered cell FDCE clocked by sys_clk_pin  {rise@0.000ns fall@5.000ns period=10.000ns})
  Path Group:             sys_clk_pin
  Path Type:              Setup (Max at Slow Process Corner)
  Requirement:            10.000ns  (sys_clk_pin rise@10.000ns - sys_clk_pin rise@0.000ns)
  Data Path Delay:        2.587ns  (logic 1.825ns (70.549%)  route 0.762ns (29.451%))
  Logic Levels:           6  (CARRY4=6)
  Clock Path Skew:        -0.023ns (DCD - SCD + CPR)
    Destination Clock Delay (DCD):    5.029ns = ( 15.029 - 10.000 ) 
    Source Clock Delay      (SCD):    5.327ns
    Clock Pessimism Removal (CPR):    0.275ns
  Clock Uncertainty:      0.035ns  ((TSJ^2 + TIJ^2)^1/2 + DJ) / 2 + PE
    Total System Jitter     (TSJ):    0.071ns
    Total Input Jitter      (TIJ):    0.000ns
    Discrete Jitter          (DJ):    0.000ns
    Phase Error              (PE):    0.000ns

    Location             Delay type                Incr(ns)  Path(ns)    Netlist Resource(s)
  -------------------------------------------------------------------    -------------------
                         (clock sys_clk_pin rise edge)
                                                      0.000     0.000 r  
    E3                                                0.000     0.000 r  clk (IN)
                         net (fo=0)                   0.000     0.000    clk
    E3                   IBUF (Prop_ibuf_I_O)         1.482     1.482 r  clk_IBUF_inst/O
                         net (fo=1, routed)           2.025     3.506    clk_IBUF
    BUFGCTRL_X0Y16       BUFG (Prop_bufg_I_O)         0.096     3.602 r  clk_IBUF_BUFG_inst/O
                         net (fo=26, routed)          1.724     5.327    clk_IBUF_BUFG
    SLICE_X0Y92          FDCE                                         r  clk_div_reg[1]/C
  -------------------------------------------------------------------    -------------------
    SLICE_X0Y92          FDCE (Prop_fdce_C_Q)         0.456     5.783 r  clk_div_reg[1]/Q
                         net (fo=1, routed)           0.762     6.545    clk_div_reg_n_0_[1]
    SLICE_X0Y92          CARRY4 (Prop_carry4_S[1]_CO[3])
                                                      0.674     7.219 r  clk_div_reg[0]_i_1/CO[3]
                         net (fo=1, routed)           0.000     7.219    clk_div_reg[0]_i_1_n_0
    SLICE_X0Y93          CARRY4 (Prop_carry4_CI_CO[3])
                                                      0.114     7.333 r  clk_div_reg[4]_i_1/CO[3]
                         net (fo=1, routed)           0.000     7.333    clk_div_reg[4]_i_1_n_0
    SLICE_X0Y94          CARRY4 (Prop_carry4_CI_CO[3])
                                                      0.114     7.447 r  clk_div_reg[8]_i_1/CO[3]
                         net (fo=1, routed)           0.000     7.447    clk_div_reg[8]_i_1_n_0
    SLICE_X0Y95          CARRY4 (Prop_carry4_CI_CO[3])
                                                      0.114     7.561 r  clk_div_reg[12]_i_1/CO[3]
                         net (fo=1, routed)           0.000     7.561    clk_div_reg[12]_i_1_n_0
    SLICE_X0Y96          CARRY4 (Prop_carry4_CI_CO[3])
                                                      0.114     7.675 r  clk_div_reg[16]_i_1/CO[3]
                         net (fo=1, routed)           0.000     7.675    clk_div_reg[16]_i_1_n_0
    SLICE_X0Y97          CARRY4 (Prop_carry4_CI_O[2])
                                                      0.239     7.914 r  clk_div_reg[20]_i_1/O[2]
                         net (fo=1, routed)           0.000     7.914    clk_div_reg[20]_i_1_n_5
    SLICE_X0Y97          FDCE                                         r  clk_div_reg[22]/D
  -------------------------------------------------------------------    -------------------

                         (clock sys_clk_pin rise edge)
                                                     10.000    10.000 r  
    E3                                                0.000    10.000 r  clk (IN)
                         net (fo=0)                   0.000    10.000    clk
    E3                   IBUF (Prop_ibuf_I_O)         1.411    11.411 r  clk_IBUF_inst/O
                         net (fo=1, routed)           1.920    13.331    clk_IBUF
    BUFGCTRL_X0Y16       BUFG (Prop_bufg_I_O)         0.091    13.422 r  clk_IBUF_BUFG_inst/O
                         net (fo=26, routed)          1.606    15.029    clk_IBUF_BUFG
    SLICE_X0Y97          FDCE                                         r  clk_div_reg[22]/C
                         clock pessimism              0.275    15.304    
                         clock uncertainty           -0.035    15.268    
    SLICE_X0Y97          FDCE (Setup_fdce_C_D)        0.062    15.330    clk_div_reg[22]
  -------------------------------------------------------------------
                         required time                         15.330    
                         arrival time                          -7.914    
  -------------------------------------------------------------------
                         slack                                  7.417    

Slack (MET) :             7.433ns  (required time - arrival time)
  Source:                 clk_div_reg[1]/C
                            (rising edge-triggered cell FDCE clocked by sys_clk_pin  {rise@0.000ns fall@5.000ns period=10.000ns})
  Destination:            clk_div_reg[20]/D
                            (rising edge-triggered cell FDCE clocked by sys_clk_pin  {rise@0.000ns fall@5.000ns period=10.000ns})
  Path Group:             sys_clk_pin
  Path Type:              Setup (Max at Slow Process Corner)
  Requirement:            10.000ns  (sys_clk_pin rise@10.000ns - sys_clk_pin rise@0.000ns)
  Data Path Delay:        2.571ns  (logic 1.809ns (70.365%)  route 0.762ns (29.635%))
  Logic Levels:           6  (CARRY4=6)
  Clock Path Skew:        -0.023ns (DCD - SCD + CPR)
    Destination Clock Delay (DCD):    5.029ns = ( 15.029 - 10.000 ) 
    Source Clock Delay      (SCD):    5.327ns
    Clock Pessimism Removal (CPR):    0.275ns
  Clock Uncertainty:      0.035ns  ((TSJ^2 + TIJ^2)^1/2 + DJ) / 2 + PE
    Total System Jitter     (TSJ):    0.071ns
    Total Input Jitter      (TIJ):    0.000ns
    Discrete Jitter          (DJ):    0.000ns
    Phase Error              (PE):    0.000ns

    Location             Delay type                Incr(ns)  Path(ns)    Netlist Resource(s)
  -------------------------------------------------------------------    -------------------
                         (clock sys_clk_pin rise edge)
                                                      0.000     0.000 r  
    E3                                                0.000     0.000 r  clk (IN)
                         net (fo=0)                   0.000     0.000    clk
    E3                   IBUF (Prop_ibuf_I_O)         1.482     1.482 r  clk_IBUF_inst/O
                         net (fo=1, routed)           2.025     3.506    clk_IBUF
    BUFGCTRL_X0Y16       BUFG (Prop_bufg_I_O)         0.096     3.602 r  clk_IBUF_BUFG_inst/O
                         net (fo=26, routed)          1.724     5.327    clk_IBUF_BUFG
    SLICE_X0Y92          FDCE                                         r  clk_div_reg[1]/C
  -------------------------------------------------------------------    -------------------
    SLICE_X0Y92          FDCE (Prop_fdce_C_Q)         0.456     5.783 r  clk_div_reg[1]/Q
                         net (fo=1, routed)           0.762     6.545    clk_div_reg_n_0_[1]
    SLICE_X0Y92          CARRY4 (Prop_carry4_S[1]_CO[3])
                                                      0.674     7.219 r  clk_div_reg[0]_i_1/CO[3]
                         net (fo=1, routed)           0.000     7.219    clk_div_reg[0]_i_1_n_0
    SLICE_X0Y93          CARRY4 (Prop_carry4_CI_CO[3])
                                                      0.114     7.333 r  clk_div_reg[4]_i_1/CO[3]
                         net (fo=1, routed)           0.000     7.333    clk_div_reg[4]_i_1_n_0
    SLICE_X0Y94          CARRY4 (Prop_carry4_CI_CO[3])
                                                      0.114     7.447 r  clk_div_reg[8]_i_1/CO[3]
                         net (fo=1, routed)           0.000     7.447    clk_div_reg[8]_i_1_n_0
    SLICE_X0Y95          CARRY4 (Prop_carry4_CI_CO[3])
                                                      0.114     7.561 r  clk_div_reg[12]_i_1/CO[3]
                         net (fo=1, routed)           0.000     7.561    clk_div_reg[12]_i_1_n_0
    SLICE_X0Y96          CARRY4 (Prop_carry4_CI_CO[3])
                                                      0.114     7.675 r  clk_div_reg[16]_i_1/CO[3]
                         net (fo=1, routed)           0.000     7.675    clk_div_reg[16]_i_1_n_0
    SLICE_X0Y97          CARRY4 (Prop_carry4_CI_O[0])
                                                      0.223     7.898 r  clk_div_reg[20]_i_1/O[0]
                         net (fo=1, routed)           0.000     7.898    clk_div_reg[20]_i_1_n_7
    SLICE_X0Y97          FDCE                                         r  clk_div_reg[20]/D
  -------------------------------------------------------------------    -------------------

                         (clock sys_clk_pin rise edge)
                                                     10.000    10.000 r  
    E3                                                0.000    10.000 r  clk (IN)
                         net (fo=0)                   0.000    10.000    clk
    E3                   IBUF (Prop_ibuf_I_O)         1.411    11.411 r  clk_IBUF_inst/O
                         net (fo=1, routed)           1.920    13.331    clk_IBUF
    BUFGCTRL_X0Y16       BUFG (Prop_bufg_I_O)         0.091    13.422 r  clk_IBUF_BUFG_inst/O
                         net (fo=26, routed)          1.606    15.029    clk_IBUF_BUFG
    SLICE_X0Y97          FDCE                                         r  clk_div_reg[20]/C
                         clock pessimism              0.275    15.304    
                         clock uncertainty           -0.035    15.268    
    SLICE_X0Y97          FDCE (Setup_fdce_C_D)        0.062    15.330    clk_div_reg[20]
  -------------------------------------------------------------------
                         required time                         15.330    
                         arrival time                          -7.898    
  -------------------------------------------------------------------
                         slack                                  7.433    

Slack (MET) :             7.435ns  (required time - arrival time)
  Source:                 clk_div_reg[1]/C
                            (rising edge-triggered cell FDCE clocked by sys_clk_pin  {rise@0.000ns fall@5.000ns period=10.000ns})
  Destination:            clk_div_reg[17]/D
                            (rising edge-triggered cell FDCE clocked by sys_clk_pin  {rise@0.000ns fall@5.000ns period=10.000ns})
  Path Group:             sys_clk_pin
  Path Type:              Setup (Max at Slow Process Corner)
  Requirement:            10.000ns  (sys_clk_pin rise@10.000ns - sys_clk_pin rise@0.000ns)
  Data Path Delay:        2.568ns  (logic 1.806ns (70.331%)  route 0.762ns (29.669%))
  Logic Levels:           5  (CARRY4=5)
  Clock Path Skew:        -0.024ns (DCD - SCD + CPR)
    Destination Clock Delay (DCD):    5.028ns = ( 15.028 - 10.000 ) 
    Source Clock Delay      (SCD):    5.327ns
    Clock Pessimism Removal (CPR):    0.275ns
  Clock Uncertainty:      0.035ns  ((TSJ^2 + TIJ^2)^1/2 + DJ) / 2 + PE
    Total System Jitter     (TSJ):    0.071ns
    Total Input Jitter      (TIJ):    0.000ns
    Discrete Jitter          (DJ):    0.000ns
    Phase Error              (PE):    0.000ns

    Location             Delay type                Incr(ns)  Path(ns)    Netlist Resource(s)
  -------------------------------------------------------------------    -------------------
                         (clock sys_clk_pin rise edge)
                                                      0.000     0.000 r  
    E3                                                0.000     0.000 r  clk (IN)
                         net (fo=0)                   0.000     0.000    clk
    E3                   IBUF (Prop_ibuf_I_O)         1.482     1.482 r  clk_IBUF_inst/O
                         net (fo=1, routed)           2.025     3.506    clk_IBUF
    BUFGCTRL_X0Y16       BUFG (Prop_bufg_I_O)         0.096     3.602 r  clk_IBUF_BUFG_inst/O
                         net (fo=26, routed)          1.724     5.327    clk_IBUF_BUFG
    SLICE_X0Y92          FDCE                                         r  clk_div_reg[1]/C
  -------------------------------------------------------------------    -------------------
    SLICE_X0Y92          FDCE (Prop_fdce_C_Q)         0.456     5.783 r  clk_div_reg[1]/Q
                         net (fo=1, routed)           0.762     6.545    clk_div_reg_n_0_[1]
    SLICE_X0Y92          CARRY4 (Prop_carry4_S[1]_CO[3])
                                                      0.674     7.219 r  clk_div_reg[0]_i_1/CO[3]
                         net (fo=1, routed)           0.000     7.219    clk_div_reg[0]_i_1_n_0
    SLICE_X0Y93          CARRY4 (Prop_carry4_CI_CO[3])
                                                      0.114     7.333 r  clk_div_reg[4]_i_1/CO[3]
                         net (fo=1, routed)           0.000     7.333    clk_div_reg[4]_i_1_n_0
    SLICE_X0Y94          CARRY4 (Prop_carry4_CI_CO[3])
                                                      0.114     7.447 r  clk_div_reg[8]_i_1/CO[3]
                         net (fo=1, routed)           0.000     7.447    clk_div_reg[8]_i_1_n_0
    SLICE_X0Y95          CARRY4 (Prop_carry4_CI_CO[3])
                                                      0.114     7.561 r  clk_div_reg[12]_i_1/CO[3]
                         net (fo=1, routed)           0.000     7.561    clk_div_reg[12]_i_1_n_0
    SLICE_X0Y96          CARRY4 (Prop_carry4_CI_O[1])
                                                      0.334     7.895 r  clk_div_reg[16]_i_1/O[1]
                         net (fo=1, routed)           0.000     7.895    clk_div_reg[16]_i_1_n_6
    SLICE_X0Y96          FDCE                                         r  clk_div_reg[17]/D
  -------------------------------------------------------------------    -------------------

                         (clock sys_clk_pin rise edge)
                                                     10.000    10.000 r  
    E3                                                0.000    10.000 r  clk (IN)
                         net (fo=0)                   0.000    10.000    clk
    E3                   IBUF (Prop_ibuf_I_O)         1.411    11.411 r  clk_IBUF_inst/O
                         net (fo=1, routed)           1.920    13.331    clk_IBUF
    BUFGCTRL_X0Y16       BUFG (Prop_bufg_I_O)         0.091    13.422 r  clk_IBUF_BUFG_inst/O
                         net (fo=26, routed)          1.605    15.028    clk_IBUF_BUFG
    SLICE_X0Y96          FDCE                                         r  clk_div_reg[17]/C
                         clock pessimism              0.275    15.303    
                         clock uncertainty           -0.035    15.267    
    SLICE_X0Y96          FDCE (Setup_fdce_C_D)        0.062    15.329    clk_div_reg[17]
  -------------------------------------------------------------------
                         required time                         15.329    
                         arrival time                          -7.895    
  -------------------------------------------------------------------
                         slack                                  7.435    

Slack (MET) :             7.456ns  (required time - arrival time)
  Source:                 clk_div_reg[1]/C
                            (rising edge-triggered cell FDCE clocked by sys_clk_pin  {rise@0.000ns fall@5.000ns period=10.000ns})
  Destination:            clk_div_reg[19]/D
                            (rising edge-triggered cell FDCE clocked by sys_clk_pin  {rise@0.000ns fall@5.000ns period=10.000ns})
  Path Group:             sys_clk_pin
  Path Type:              Setup (Max at Slow Process Corner)
  Requirement:            10.000ns  (sys_clk_pin rise@10.000ns - sys_clk_pin rise@0.000ns)
  Data Path Delay:        2.547ns  (logic 1.785ns (70.086%)  route 0.762ns (29.914%))
  Logic Levels:           5  (CARRY4=5)
  Clock Path Skew:        -0.024ns (DCD - SCD + CPR)
    Destination Clock Delay (DCD):    5.028ns = ( 15.028 - 10.000 ) 
    Source Clock Delay      (SCD):    5.327ns
    Clock Pessimism Removal (CPR):    0.275ns
  Clock Uncertainty:      0.035ns  ((TSJ^2 + TIJ^2)^1/2 + DJ) / 2 + PE
    Total System Jitter     (TSJ):    0.071ns
    Total Input Jitter      (TIJ):    0.000ns
    Discrete Jitter          (DJ):    0.000ns
    Phase Error              (PE):    0.000ns

    Location             Delay type                Incr(ns)  Path(ns)    Netlist Resource(s)
  -------------------------------------------------------------------    -------------------
                         (clock sys_clk_pin rise edge)
                                                      0.000     0.000 r  
    E3                                                0.000     0.000 r  clk (IN)
                         net (fo=0)                   0.000     0.000    clk
    E3                   IBUF (Prop_ibuf_I_O)         1.482     1.482 r  clk_IBUF_inst/O
                         net (fo=1, routed)           2.025     3.506    clk_IBUF
    BUFGCTRL_X0Y16       BUFG (Prop_bufg_I_O)         0.096     3.602 r  clk_IBUF_BUFG_inst/O
                         net (fo=26, routed)          1.724     5.327    clk_IBUF_BUFG
    SLICE_X0Y92          FDCE                                         r  clk_div_reg[1]/C
  -------------------------------------------------------------------    -------------------
    SLICE_X0Y92          FDCE (Prop_fdce_C_Q)         0.456     5.783 r  clk_div_reg[1]/Q
                         net (fo=1, routed)           0.762     6.545    clk_div_reg_n_0_[1]
    SLICE_X0Y92          CARRY4 (Prop_carry4_S[1]_CO[3])
                                                      0.674     7.219 r  clk_div_reg[0]_i_1/CO[3]
                         net (fo=1, routed)           0.000     7.219    clk_div_reg[0]_i_1_n_0
    SLICE_X0Y93          CARRY4 (Prop_carry4_CI_CO[3])
                                                      0.114     7.333 r  clk_div_reg[4]_i_1/CO[3]
                         net (fo=1, routed)           0.000     7.333    clk_div_reg[4]_i_1_n_0
    SLICE_X0Y94          CARRY4 (Prop_carry4_CI_CO[3])
                                                      0.114     7.447 r  clk_div_reg[8]_i_1/CO[3]
                         net (fo=1, routed)           0.000     7.447    clk_div_reg[8]_i_1_n_0
    SLICE_X0Y95          CARRY4 (Prop_carry4_CI_CO[3])
                                                      0.114     7.561 r  clk_div_reg[12]_i_1/CO[3]
                         net (fo=1, routed)           0.000     7.561    clk_div_reg[12]_i_1_n_0
    SLICE_X0Y96          CARRY4 (Prop_carry4_CI_O[3])
                                                      0.313     7.874 r  clk_div_reg[16]_i_1/O[3]
                         net (fo=1, routed)           0.000     7.874    clk_div_reg[16]_i_1_n_4
    SLICE_X0Y96          FDCE                                         r  clk_div_reg[19]/D
  -------------------------------------------------------------------    -------------------

                         (clock sys_clk_pin rise edge)
                                                     10.000    10.000 r  
    E3                                                0.000    10.000 r  clk (IN)
                         net (fo=0)                   0.000    10.000    clk
    E3                   IBUF (Prop_ibuf_I_O)         1.411    11.411 r  clk_IBUF_inst/O
                         net (fo=1, routed)           1.920    13.331    clk_IBUF
    BUFGCTRL_X0Y16       BUFG (Prop_bufg_I_O)         0.091    13.422 r  clk_IBUF_BUFG_inst/O
                         net (fo=26, routed)          1.605    15.028    clk_IBUF_BUFG
    SLICE_X0Y96          FDCE                                         r  clk_div_reg[19]/C
                         clock pessimism              0.275    15.303    
                         clock uncertainty           -0.035    15.267    
    SLICE_X0Y96          FDCE (Setup_fdce_C_D)        0.062    15.329    clk_div_reg[19]
  -------------------------------------------------------------------
                         required time                         15.329    
                         arrival time                          -7.874    
  -------------------------------------------------------------------
                         slack                                  7.456    

Slack (MET) :             7.530ns  (required time - arrival time)
  Source:                 clk_div_reg[1]/C
                            (rising edge-triggered cell FDCE clocked by sys_clk_pin  {rise@0.000ns fall@5.000ns period=10.000ns})
  Destination:            clk_div_reg[18]/D
                            (rising edge-triggered cell FDCE clocked by sys_clk_pin  {rise@0.000ns fall@5.000ns period=10.000ns})
  Path Group:             sys_clk_pin
  Path Type:              Setup (Max at Slow Process Corner)
  Requirement:            10.000ns  (sys_clk_pin rise@10.000ns - sys_clk_pin rise@0.000ns)
  Data Path Delay:        2.473ns  (logic 1.711ns (69.191%)  route 0.762ns (30.809%))
  Logic Levels:           5  (CARRY4=5)
  Clock Path Skew:        -0.024ns (DCD - SCD + CPR)
    Destination Clock Delay (DCD):    5.028ns = ( 15.028 - 10.000 ) 
    Source Clock Delay      (SCD):    5.327ns
    Clock Pessimism Removal (CPR):    0.275ns
  Clock Uncertainty:      0.035ns  ((TSJ^2 + TIJ^2)^1/2 + DJ) / 2 + PE
    Total System Jitter     (TSJ):    0.071ns
    Total Input Jitter      (TIJ):    0.000ns
    Discrete Jitter          (DJ):    0.000ns
    Phase Error              (PE):    0.000ns

    Location             Delay type                Incr(ns)  Path(ns)    Netlist Resource(s)
  -------------------------------------------------------------------    -------------------
                         (clock sys_clk_pin rise edge)
                                                      0.000     0.000 r  
    E3                                                0.000     0.000 r  clk (IN)
                         net (fo=0)                   0.000     0.000    clk
    E3                   IBUF (Prop_ibuf_I_O)         1.482     1.482 r  clk_IBUF_inst/O
                         net (fo=1, routed)           2.025     3.506    clk_IBUF
    BUFGCTRL_X0Y16       BUFG (Prop_bufg_I_O)         0.096     3.602 r  clk_IBUF_BUFG_inst/O
                         net (fo=26, routed)          1.724     5.327    clk_IBUF_BUFG
    SLICE_X0Y92          FDCE                                         r  clk_div_reg[1]/C
  -------------------------------------------------------------------    -------------------
    SLICE_X0Y92          FDCE (Prop_fdce_C_Q)         0.456     5.783 r  clk_div_reg[1]/Q
                         net (fo=1, routed)           0.762     6.545    clk_div_reg_n_0_[1]
    SLICE_X0Y92          CARRY4 (Prop_carry4_S[1]_CO[3])
                                                      0.674     7.219 r  clk_div_reg[0]_i_1/CO[3]
                         net (fo=1, routed)           0.000     7.219    clk_div_reg[0]_i_1_n_0
    SLICE_X0Y93          CARRY4 (Prop_carry4_CI_CO[3])
                                                      0.114     7.333 r  clk_div_reg[4]_i_1/CO[3]
                         net (fo=1, routed)           0.000     7.333    clk_div_reg[4]_i_1_n_0
    SLICE_X0Y94          CARRY4 (Prop_carry4_CI_CO[3])
                                                      0.114     7.447 r  clk_div_reg[8]_i_1/CO[3]
                         net (fo=1, routed)           0.000     7.447    clk_div_reg[8]_i_1_n_0
    SLICE_X0Y95          CARRY4 (Prop_carry4_CI_CO[3])
                                                      0.114     7.561 r  clk_div_reg[12]_i_1/CO[3]
                         net (fo=1, routed)           0.000     7.561    clk_div_reg[12]_i_1_n_0
    SLICE_X0Y96          CARRY4 (Prop_carry4_CI_O[2])
                                                      0.239     7.800 r  clk_div_reg[16]_i_1/O[2]
                         net (fo=1, routed)           0.000     7.800    clk_div_reg[16]_i_1_n_5
    SLICE_X0Y96          FDCE                                         r  clk_div_reg[18]/D
  -------------------------------------------------------------------    -------------------

                         (clock sys_clk_pin rise edge)
                                                     10.000    10.000 r  
    E3                                                0.000    10.000 r  clk (IN)
                         net (fo=0)                   0.000    10.000    clk
    E3                   IBUF (Prop_ibuf_I_O)         1.411    11.411 r  clk_IBUF_inst/O
                         net (fo=1, routed)           1.920    13.331    clk_IBUF
    BUFGCTRL_X0Y16       BUFG (Prop_bufg_I_O)         0.091    13.422 r  clk_IBUF_BUFG_inst/O
                         net (fo=26, routed)          1.605    15.028    clk_IBUF_BUFG
    SLICE_X0Y96          FDCE                                         r  clk_div_reg[18]/C
                         clock pessimism              0.275    15.303    
                         clock uncertainty           -0.035    15.267    
    SLICE_X0Y96          FDCE (Setup_fdce_C_D)        0.062    15.329    clk_div_reg[18]
  -------------------------------------------------------------------
                         required time                         15.329    
                         arrival time                          -7.800    
  -------------------------------------------------------------------
                         slack                                  7.530    

Slack (MET) :             7.546ns  (required time - arrival time)
  Source:                 clk_div_reg[1]/C
                            (rising edge-triggered cell FDCE clocked by sys_clk_pin  {rise@0.000ns fall@5.000ns period=10.000ns})
  Destination:            clk_div_reg[16]/D
                            (rising edge-triggered cell FDCE clocked by sys_clk_pin  {rise@0.000ns fall@5.000ns period=10.000ns})
  Path Group:             sys_clk_pin
  Path Type:              Setup (Max at Slow Process Corner)
  Requirement:            10.000ns  (sys_clk_pin rise@10.000ns - sys_clk_pin rise@0.000ns)
  Data Path Delay:        2.457ns  (logic 1.695ns (68.990%)  route 0.762ns (31.010%))
  Logic Levels:           5  (CARRY4=5)
  Clock Path Skew:        -0.024ns (DCD - SCD + CPR)
    Destination Clock Delay (DCD):    5.028ns = ( 15.028 - 10.000 ) 
    Source Clock Delay      (SCD):    5.327ns
    Clock Pessimism Removal (CPR):    0.275ns
  Clock Uncertainty:      0.035ns  ((TSJ^2 + TIJ^2)^1/2 + DJ) / 2 + PE
    Total System Jitter     (TSJ):    0.071ns
    Total Input Jitter      (TIJ):    0.000ns
    Discrete Jitter          (DJ):    0.000ns
    Phase Error              (PE):    0.000ns

    Location             Delay type                Incr(ns)  Path(ns)    Netlist Resource(s)
  -------------------------------------------------------------------    -------------------
                         (clock sys_clk_pin rise edge)
                                                      0.000     0.000 r  
    E3                                                0.000     0.000 r  clk (IN)
                         net (fo=0)                   0.000     0.000    clk
    E3                   IBUF (Prop_ibuf_I_O)         1.482     1.482 r  clk_IBUF_inst/O
                         net (fo=1, routed)           2.025     3.506    clk_IBUF
    BUFGCTRL_X0Y16       BUFG (Prop_bufg_I_O)         0.096     3.602 r  clk_IBUF_BUFG_inst/O
                         net (fo=26, routed)          1.724     5.327    clk_IBUF_BUFG
    SLICE_X0Y92          FDCE                                         r  clk_div_reg[1]/C
  -------------------------------------------------------------------    -------------------
    SLICE_X0Y92          FDCE (Prop_fdce_C_Q)         0.456     5.783 r  clk_div_reg[1]/Q
                         net (fo=1, routed)           0.762     6.545    clk_div_reg_n_0_[1]
    SLICE_X0Y92          CARRY4 (Prop_carry4_S[1]_CO[3])
                                                      0.674     7.219 r  clk_div_reg[0]_i_1/CO[3]
                         net (fo=1, routed)           0.000     7.219    clk_div_reg[0]_i_1_n_0
    SLICE_X0Y93          CARRY4 (Prop_carry4_CI_CO[3])
                                                      0.114     7.333 r  clk_div_reg[4]_i_1/CO[3]
                         net (fo=1, routed)           0.000     7.333    clk_div_reg[4]_i_1_n_0
    SLICE_X0Y94          CARRY4 (Prop_carry4_CI_CO[3])
                                                      0.114     7.447 r  clk_div_reg[8]_i_1/CO[3]
                         net (fo=1, routed)           0.000     7.447    clk_div_reg[8]_i_1_n_0
    SLICE_X0Y95          CARRY4 (Prop_carry4_CI_CO[3])
                                                      0.114     7.561 r  clk_div_reg[12]_i_1/CO[3]
                         net (fo=1, routed)           0.000     7.561    clk_div_reg[12]_i_1_n_0
    SLICE_X0Y96          CARRY4 (Prop_carry4_CI_O[0])
                                                      0.223     7.784 r  clk_div_reg[16]_i_1/O[0]
                         net (fo=1, routed)           0.000     7.784    clk_div_reg[16]_i_1_n_7
    SLICE_X0Y96          FDCE                                         r  clk_div_reg[16]/D
  -------------------------------------------------------------------    -------------------

                         (clock sys_clk_pin rise edge)
                                                     10.000    10.000 r  
    E3                                                0.000    10.000 r  clk (IN)
                         net (fo=0)                   0.000    10.000    clk
    E3                   IBUF (Prop_ibuf_I_O)         1.411    11.411 r  clk_IBUF_inst/O
                         net (fo=1, routed)           1.920    13.331    clk_IBUF
    BUFGCTRL_X0Y16       BUFG (Prop_bufg_I_O)         0.091    13.422 r  clk_IBUF_BUFG_inst/O
                         net (fo=26, routed)          1.605    15.028    clk_IBUF_BUFG
    SLICE_X0Y96          FDCE                                         r  clk_div_reg[16]/C
                         clock pessimism              0.275    15.303    
                         clock uncertainty           -0.035    15.267    
    SLICE_X0Y96          FDCE (Setup_fdce_C_D)        0.062    15.329    clk_div_reg[16]
  -------------------------------------------------------------------
                         required time                         15.329    
                         arrival time                          -7.784    
  -------------------------------------------------------------------
                         slack                                  7.546    





Min Delay Paths
--------------------------------------------------------------------------------------
Slack (MET) :             0.324ns  (arrival time - required time)
  Source:                 clk_div_reg[0]/C
                            (rising edge-triggered cell FDCE clocked by sys_clk_pin  {rise@0.000ns fall@5.000ns period=10.000ns})
  Destination:            clk_div_reg[0]/D
                            (rising edge-triggered cell FDCE clocked by sys_clk_pin  {rise@0.000ns fall@5.000ns period=10.000ns})
  Path Group:             sys_clk_pin
  Path Type:              Hold (Min at Fast Process Corner)
  Requirement:            0.000ns  (sys_clk_pin rise@0.000ns - sys_clk_pin rise@0.000ns)
  Data Path Delay:        0.429ns  (logic 0.256ns (59.730%)  route 0.173ns (40.270%))
  Logic Levels:           2  (CARRY4=1 LUT1=1)
  Clock Path Skew:        0.000ns (DCD - SCD - CPR)
    Destination Clock Delay (DCD):    2.041ns
    Source Clock Delay      (SCD):    1.522ns
    Clock Pessimism Removal (CPR):    0.518ns

    Location             Delay type                Incr(ns)  Path(ns)    Netlist Resource(s)
  -------------------------------------------------------------------    -------------------
                         (clock sys_clk_pin rise edge)
                                                      0.000     0.000 r  
    E3                                                0.000     0.000 r  clk (IN)
                         net (fo=0)                   0.000     0.000    clk
    E3                   IBUF (Prop_ibuf_I_O)         0.250     0.250 r  clk_IBUF_inst/O
                         net (fo=1, routed)           0.644     0.894    clk_IBUF
    BUFGCTRL_X0Y16       BUFG (Prop_bufg_I_O)         0.026     0.920 r  clk_IBUF_BUFG_inst/O
                         net (fo=26, routed)          0.603     1.522    clk_IBUF_BUFG
    SLICE_X0Y92          FDCE                                         r  clk_div_reg[0]/C
  -------------------------------------------------------------------    -------------------
    SLICE_X0Y92          FDCE (Prop_fdce_C_Q)         0.141     1.663 f  clk_div_reg[0]/Q
                         net (fo=1, routed)           0.173     1.836    clk_div_reg_n_0_[0]
    SLICE_X0Y92          LUT1 (Prop_lut1_I0_O)        0.045     1.881 r  clk_div[0]_i_2/O
                         net (fo=1, routed)           0.000     1.881    clk_div[0]_i_2_n_0
    SLICE_X0Y92          CARRY4 (Prop_carry4_S[0]_O[0])
                                                      0.070     1.951 r  clk_div_reg[0]_i_1/O[0]
                         net (fo=1, routed)           0.000     1.951    clk_div_reg[0]_i_1_n_7
    SLICE_X0Y92          FDCE                                         r  clk_div_reg[0]/D
  -------------------------------------------------------------------    -------------------

                         (clock sys_clk_pin rise edge)
                                                      0.000     0.000 r  
    E3                                                0.000     0.000 r  clk (IN)
                         net (fo=0)                   0.000     0.000    clk
    E3                   IBUF (Prop_ibuf_I_O)         0.438     0.438 r  clk_IBUF_inst/O
                         net (fo=1, routed)           0.699     1.136    clk_IBUF
    BUFGCTRL_X0Y16       BUFG (Prop_bufg_I_O)         0.029     1.165 r  clk_IBUF_BUFG_inst/O
                         net (fo=26, routed)          0.876     2.041    clk_IBUF_BUFG
    SLICE_X0Y92          FDCE                                         r  clk_div_reg[0]/C
                         clock pessimism             -0.518     1.522    
    SLICE_X0Y92          FDCE (Hold_fdce_C_D)         0.105     1.627    clk_div_reg[0]
  -------------------------------------------------------------------
                         required time                         -1.627    
                         arrival time                           1.951    
  -------------------------------------------------------------------
                         slack                                  0.324    

Slack (MET) :             0.327ns  (arrival time - required time)
  Source:                 clk_div_reg[11]/C
                            (rising edge-triggered cell FDCE clocked by sys_clk_pin  {rise@0.000ns fall@5.000ns period=10.000ns})
  Destination:            clk_div_reg[11]/D
                            (rising edge-triggered cell FDCE clocked by sys_clk_pin  {rise@0.000ns fall@5.000ns period=10.000ns})
  Path Group:             sys_clk_pin
  Path Type:              Hold (Min at Fast Process Corner)
  Requirement:            0.000ns  (sys_clk_pin rise@0.000ns - sys_clk_pin rise@0.000ns)
  Data Path Delay:        0.432ns  (logic 0.249ns (57.658%)  route 0.183ns (42.342%))
  Logic Levels:           1  (CARRY4=1)
  Clock Path Skew:        0.000ns (DCD - SCD - CPR)
    Destination Clock Delay (DCD):    2.042ns
    Source Clock Delay      (SCD):    1.523ns
    Clock Pessimism Removal (CPR):    0.518ns

    Location             Delay type                Incr(ns)  Path(ns)    Netlist Resource(s)
  -------------------------------------------------------------------    -------------------
                         (clock sys_clk_pin rise edge)
                                                      0.000     0.000 r  
    E3                                                0.000     0.000 r  clk (IN)
                         net (fo=0)                   0.000     0.000    clk
    E3                   IBUF (Prop_ibuf_I_O)         0.250     0.250 r  clk_IBUF_inst/O
                         net (fo=1, routed)           0.644     0.894    clk_IBUF
    BUFGCTRL_X0Y16       BUFG (Prop_bufg_I_O)         0.026     0.920 r  clk_IBUF_BUFG_inst/O
                         net (fo=26, routed)          0.604     1.523    clk_IBUF_BUFG
    SLICE_X0Y94          FDCE                                         r  clk_div_reg[11]/C
  -------------------------------------------------------------------    -------------------
    SLICE_X0Y94          FDCE (Prop_fdce_C_Q)         0.141     1.664 r  clk_div_reg[11]/Q
                         net (fo=1, routed)           0.183     1.847    clk_div_reg_n_0_[11]
    SLICE_X0Y94          CARRY4 (Prop_carry4_S[3]_O[3])
                                                      0.108     1.955 r  clk_div_reg[8]_i_1/O[3]
                         net (fo=1, routed)           0.000     1.955    clk_div_reg[8]_i_1_n_4
    SLICE_X0Y94          FDCE                                         r  clk_div_reg[11]/D
  -------------------------------------------------------------------    -------------------

                         (clock sys_clk_pin rise edge)
                                                      0.000     0.000 r  
    E3                                                0.000     0.000 r  clk (IN)
                         net (fo=0)                   0.000     0.000    clk
    E3                   IBUF (Prop_ibuf_I_O)         0.438     0.438 r  clk_IBUF_inst/O
                         net (fo=1, routed)           0.699     1.136    clk_IBUF
    BUFGCTRL_X0Y16       BUFG (Prop_bufg_I_O)         0.029     1.165 r  clk_IBUF_BUFG_inst/O
                         net (fo=26, routed)          0.877     2.042    clk_IBUF_BUFG
    SLICE_X0Y94          FDCE                                         r  clk_div_reg[11]/C
                         clock pessimism             -0.518     1.523    
    SLICE_X0Y94          FDCE (Hold_fdce_C_D)         0.105     1.628    clk_div_reg[11]
  -------------------------------------------------------------------
                         required time                         -1.628    
                         arrival time                           1.955    
  -------------------------------------------------------------------
                         slack                                  0.327    

Slack (MET) :             0.327ns  (arrival time - required time)
  Source:                 clk_div_reg[12]/C
                            (rising edge-triggered cell FDCE clocked by sys_clk_pin  {rise@0.000ns fall@5.000ns period=10.000ns})
  Destination:            clk_div_reg[12]/D
                            (rising edge-triggered cell FDCE clocked by sys_clk_pin  {rise@0.000ns fall@5.000ns period=10.000ns})
  Path Group:             sys_clk_pin
  Path Type:              Hold (Min at Fast Process Corner)
  Requirement:            0.000ns  (sys_clk_pin rise@0.000ns - sys_clk_pin rise@0.000ns)
  Data Path Delay:        0.432ns  (logic 0.256ns (59.199%)  route 0.176ns (40.801%))
  Logic Levels:           1  (CARRY4=1)
  Clock Path Skew:        0.000ns (DCD - SCD - CPR)
    Destination Clock Delay (DCD):    2.042ns
    Source Clock Delay      (SCD):    1.523ns
    Clock Pessimism Removal (CPR):    0.518ns

    Location             Delay type                Incr(ns)  Path(ns)    Netlist Resource(s)
  -------------------------------------------------------------------    -------------------
                         (clock sys_clk_pin rise edge)
                                                      0.000     0.000 r  
    E3                                                0.000     0.000 r  clk (IN)
                         net (fo=0)                   0.000     0.000    clk
    E3                   IBUF (Prop_ibuf_I_O)         0.250     0.250 r  clk_IBUF_inst/O
                         net (fo=1, routed)           0.644     0.894    clk_IBUF
    BUFGCTRL_X0Y16       BUFG (Prop_bufg_I_O)         0.026     0.920 r  clk_IBUF_BUFG_inst/O
                         net (fo=26, routed)          0.604     1.523    clk_IBUF_BUFG
    SLICE_X0Y95          FDCE                                         r  clk_div_reg[12]/C
  -------------------------------------------------------------------    -------------------
    SLICE_X0Y95          FDCE (Prop_fdce_C_Q)         0.141     1.664 r  clk_div_reg[12]/Q
                         net (fo=1, routed)           0.176     1.841    clk_div_reg_n_0_[12]
    SLICE_X0Y95          CARRY4 (Prop_carry4_S[0]_O[0])
                                                      0.115     1.956 r  clk_div_reg[12]_i_1/O[0]
                         net (fo=1, routed)           0.000     1.956    clk_div_reg[12]_i_1_n_7
    SLICE_X0Y95          FDCE                                         r  clk_div_reg[12]/D
  -------------------------------------------------------------------    -------------------

                         (clock sys_clk_pin rise edge)
                                                      0.000     0.000 r  
    E3                                                0.000     0.000 r  clk (IN)
                         net (fo=0)                   0.000     0.000    clk
    E3                   IBUF (Prop_ibuf_I_O)         0.438     0.438 r  clk_IBUF_inst/O
                         net (fo=1, routed)           0.699     1.136    clk_IBUF
    BUFGCTRL_X0Y16       BUFG (Prop_bufg_I_O)         0.029     1.165 r  clk_IBUF_BUFG_inst/O
                         net (fo=26, routed)          0.877     2.042    clk_IBUF_BUFG
    SLICE_X0Y95          FDCE                                         r  clk_div_reg[12]/C
                         clock pessimism             -0.518     1.523    
    SLICE_X0Y95          FDCE (Hold_fdce_C_D)         0.105     1.628    clk_div_reg[12]
  -------------------------------------------------------------------
                         required time                         -1.628    
                         arrival time                           1.956    
  -------------------------------------------------------------------
                         slack                                  0.327    

Slack (MET) :             0.327ns  (arrival time - required time)
  Source:                 clk_div_reg[16]/C
                            (rising edge-triggered cell FDCE clocked by sys_clk_pin  {rise@0.000ns fall@5.000ns period=10.000ns})
  Destination:            clk_div_reg[16]/D
                            (rising edge-triggered cell FDCE clocked by sys_clk_pin  {rise@0.000ns fall@5.000ns period=10.000ns})
  Path Group:             sys_clk_pin
  Path Type:              Hold (Min at Fast Process Corner)
  Requirement:            0.000ns  (sys_clk_pin rise@0.000ns - sys_clk_pin rise@0.000ns)
  Data Path Delay:        0.432ns  (logic 0.256ns (59.199%)  route 0.176ns (40.801%))
  Logic Levels:           1  (CARRY4=1)
  Clock Path Skew:        0.000ns (DCD - SCD - CPR)
    Destination Clock Delay (DCD):    2.042ns
    Source Clock Delay      (SCD):    1.523ns
    Clock Pessimism Removal (CPR):    0.518ns

    Location             Delay type                Incr(ns)  Path(ns)    Netlist Resource(s)
  -------------------------------------------------------------------    -------------------
                         (clock sys_clk_pin rise edge)
                                                      0.000     0.000 r  
    E3                                                0.000     0.000 r  clk (IN)
                         net (fo=0)                   0.000     0.000    clk
    E3                   IBUF (Prop_ibuf_I_O)         0.250     0.250 r  clk_IBUF_inst/O
                         net (fo=1, routed)           0.644     0.894    clk_IBUF
    BUFGCTRL_X0Y16       BUFG (Prop_bufg_I_O)         0.026     0.920 r  clk_IBUF_BUFG_inst/O
                         net (fo=26, routed)          0.604     1.523    clk_IBUF_BUFG
    SLICE_X0Y96          FDCE                                         r  clk_div_reg[16]/C
  -------------------------------------------------------------------    -------------------
    SLICE_X0Y96          FDCE (Prop_fdce_C_Q)         0.141     1.664 r  clk_div_reg[16]/Q
                         net (fo=1, routed)           0.176     1.841    clk_div_reg_n_0_[16]
    SLICE_X0Y96          CARRY4 (Prop_carry4_S[0]_O[0])
                                                      0.115     1.956 r  clk_div_reg[16]_i_1/O[0]
                         net (fo=1, routed)           0.000     1.956    clk_div_reg[16]_i_1_n_7
    SLICE_X0Y96          FDCE                                         r  clk_div_reg[16]/D
  -------------------------------------------------------------------    -------------------

                         (clock sys_clk_pin rise edge)
                                                      0.000     0.000 r  
    E3                                                0.000     0.000 r  clk (IN)
                         net (fo=0)                   0.000     0.000    clk
    E3                   IBUF (Prop_ibuf_I_O)         0.438     0.438 r  clk_IBUF_inst/O
                         net (fo=1, routed)           0.699     1.136    clk_IBUF
    BUFGCTRL_X0Y16       BUFG (Prop_bufg_I_O)         0.029     1.165 r  clk_IBUF_BUFG_inst/O
                         net (fo=26, routed)          0.877     2.042    clk_IBUF_BUFG
    SLICE_X0Y96          FDCE                                         r  clk_div_reg[16]/C
                         clock pessimism             -0.518     1.523    
    SLICE_X0Y96          FDCE (Hold_fdce_C_D)         0.105     1.628    clk_div_reg[16]
  -------------------------------------------------------------------
                         required time                         -1.628    
                         arrival time                           1.956    
  -------------------------------------------------------------------
                         slack                                  0.327    

Slack (MET) :             0.327ns  (arrival time - required time)
  Source:                 clk_div_reg[20]/C
                            (rising edge-triggered cell FDCE clocked by sys_clk_pin  {rise@0.000ns fall@5.000ns period=10.000ns})
  Destination:            clk_div_reg[20]/D
                            (rising edge-triggered cell FDCE clocked by sys_clk_pin  {rise@0.000ns fall@5.000ns period=10.000ns})
  Path Group:             sys_clk_pin
  Path Type:              Hold (Min at Fast Process Corner)
  Requirement:            0.000ns  (sys_clk_pin rise@0.000ns - sys_clk_pin rise@0.000ns)
  Data Path Delay:        0.432ns  (logic 0.256ns (59.199%)  route 0.176ns (40.801%))
  Logic Levels:           1  (CARRY4=1)
  Clock Path Skew:        0.000ns (DCD - SCD - CPR)
    Destination Clock Delay (DCD):    2.043ns
    Source Clock Delay      (SCD):    1.524ns
    Clock Pessimism Removal (CPR):    0.518ns

    Location             Delay type                Incr(ns)  Path(ns)    Netlist Resource(s)
  -------------------------------------------------------------------    -------------------
                         (clock sys_clk_pin rise edge)
                                                      0.000     0.000 r  
    E3                                                0.000     0.000 r  clk (IN)
                         net (fo=0)                   0.000     0.000    clk
    E3                   IBUF (Prop_ibuf_I_O)         0.250     0.250 r  clk_IBUF_inst/O
                         net (fo=1, routed)           0.644     0.894    clk_IBUF
    BUFGCTRL_X0Y16       BUFG (Prop_bufg_I_O)         0.026     0.920 r  clk_IBUF_BUFG_inst/O
                         net (fo=26, routed)          0.605     1.524    clk_IBUF_BUFG
    SLICE_X0Y97          FDCE                                         r  clk_div_reg[20]/C
  -------------------------------------------------------------------    -------------------
    SLICE_X0Y97          FDCE (Prop_fdce_C_Q)         0.141     1.665 r  clk_div_reg[20]/Q
                         net (fo=1, routed)           0.176     1.842    clk_div_reg_n_0_[20]
    SLICE_X0Y97          CARRY4 (Prop_carry4_S[0]_O[0])
                                                      0.115     1.957 r  clk_div_reg[20]_i_1/O[0]
                         net (fo=1, routed)           0.000     1.957    clk_div_reg[20]_i_1_n_7
    SLICE_X0Y97          FDCE                                         r  clk_div_reg[20]/D
  -------------------------------------------------------------------    -------------------

                         (clock sys_clk_pin rise edge)
                                                      0.000     0.000 r  
    E3                                                0.000     0.000 r  clk (IN)
                         net (fo=0)                   0.000     0.000    clk
    E3                   IBUF (Prop_ibuf_I_O)         0.438     0.438 r  clk_IBUF_inst/O
                         net (fo=1, routed)           0.699     1.136    clk_IBUF
    BUFGCTRL_X0Y16       BUFG (Prop_bufg_I_O)         0.029     1.165 r  clk_IBUF_BUFG_inst/O
                         net (fo=26, routed)          0.878     2.043    clk_IBUF_BUFG
    SLICE_X0Y97          FDCE                                         r  clk_div_reg[20]/C
                         clock pessimism             -0.518     1.524    
    SLICE_X0Y97          FDCE (Hold_fdce_C_D)         0.105     1.629    clk_div_reg[20]
  -------------------------------------------------------------------
                         required time                         -1.629    
                         arrival time                           1.957    
  -------------------------------------------------------------------
                         slack                                  0.327    

Slack (MET) :             0.327ns  (arrival time - required time)
  Source:                 clk_div_reg[24]/C
                            (rising edge-triggered cell FDCE clocked by sys_clk_pin  {rise@0.000ns fall@5.000ns period=10.000ns})
  Destination:            clk_div_reg[24]/D
                            (rising edge-triggered cell FDCE clocked by sys_clk_pin  {rise@0.000ns fall@5.000ns period=10.000ns})
  Path Group:             sys_clk_pin
  Path Type:              Hold (Min at Fast Process Corner)
  Requirement:            0.000ns  (sys_clk_pin rise@0.000ns - sys_clk_pin rise@0.000ns)
  Data Path Delay:        0.432ns  (logic 0.256ns (59.199%)  route 0.176ns (40.801%))
  Logic Levels:           1  (CARRY4=1)
  Clock Path Skew:        0.000ns (DCD - SCD - CPR)
    Destination Clock Delay (DCD):    2.043ns
    Source Clock Delay      (SCD):    1.524ns
    Clock Pessimism Removal (CPR):    0.518ns

    Location             Delay type                Incr(ns)  Path(ns)    Netlist Resource(s)
  -------------------------------------------------------------------    -------------------
                         (clock sys_clk_pin rise edge)
                                                      0.000     0.000 r  
    E3                                                0.000     0.000 r  clk (IN)
                         net (fo=0)                   0.000     0.000    clk
    E3                   IBUF (Prop_ibuf_I_O)         0.250     0.250 r  clk_IBUF_inst/O
                         net (fo=1, routed)           0.644     0.894    clk_IBUF
    BUFGCTRL_X0Y16       BUFG (Prop_bufg_I_O)         0.026     0.920 r  clk_IBUF_BUFG_inst/O
                         net (fo=26, routed)          0.605     1.524    clk_IBUF_BUFG
    SLICE_X0Y98          FDCE                                         r  clk_div_reg[24]/C
  -------------------------------------------------------------------    -------------------
    SLICE_X0Y98          FDCE (Prop_fdce_C_Q)         0.141     1.665 r  clk_div_reg[24]/Q
                         net (fo=1, routed)           0.176     1.842    clk_div_reg_n_0_[24]
    SLICE_X0Y98          CARRY4 (Prop_carry4_S[0]_O[0])
                                                      0.115     1.957 r  clk_div_reg[24]_i_1/O[0]
                         net (fo=1, routed)           0.000     1.957    clk_div_reg[24]_i_1_n_7
    SLICE_X0Y98          FDCE                                         r  clk_div_reg[24]/D
  -------------------------------------------------------------------    -------------------

                         (clock sys_clk_pin rise edge)
                                                      0.000     0.000 r  
    E3                                                0.000     0.000 r  clk (IN)
                         net (fo=0)                   0.000     0.000    clk
    E3                   IBUF (Prop_ibuf_I_O)         0.438     0.438 r  clk_IBUF_inst/O
                         net (fo=1, routed)           0.699     1.136    clk_IBUF
    BUFGCTRL_X0Y16       BUFG (Prop_bufg_I_O)         0.029     1.165 r  clk_IBUF_BUFG_inst/O
                         net (fo=26, routed)          0.878     2.043    clk_IBUF_BUFG
    SLICE_X0Y98          FDCE                                         r  clk_div_reg[24]/C
                         clock pessimism             -0.518     1.524    
    SLICE_X0Y98          FDCE (Hold_fdce_C_D)         0.105     1.629    clk_div_reg[24]
  -------------------------------------------------------------------
                         required time                         -1.629    
                         arrival time                           1.957    
  -------------------------------------------------------------------
                         slack                                  0.327    

Slack (MET) :             0.360ns  (arrival time - required time)
  Source:                 clk_div_reg[0]/C
                            (rising edge-triggered cell FDCE clocked by sys_clk_pin  {rise@0.000ns fall@5.000ns period=10.000ns})
  Destination:            clk_div_reg[1]/D
                            (rising edge-triggered cell FDCE clocked by sys_clk_pin  {rise@0.000ns fall@5.000ns period=10.000ns})
  Path Group:             sys_clk_pin
  Path Type:              Hold (Min at Fast Process Corner)
  Requirement:            0.000ns  (sys_clk_pin rise@0.000ns - sys_clk_pin rise@0.000ns)
  Data Path Delay:        0.465ns  (logic 0.292ns (62.850%)  route 0.173ns (37.150%))
  Logic Levels:           2  (CARRY4=1 LUT1=1)
  Clock Path Skew:        0.000ns (DCD - SCD - CPR)
    Destination Clock Delay (DCD):    2.041ns
    Source Clock Delay      (SCD):    1.522ns
    Clock Pessimism Removal (CPR):    0.518ns

    Location             Delay type                Incr(ns)  Path(ns)    Netlist Resource(s)
  -------------------------------------------------------------------    -------------------
                         (clock sys_clk_pin rise edge)
                                                      0.000     0.000 r  
    E3                                                0.000     0.000 r  clk (IN)
                         net (fo=0)                   0.000     0.000    clk
    E3                   IBUF (Prop_ibuf_I_O)         0.250     0.250 r  clk_IBUF_inst/O
                         net (fo=1, routed)           0.644     0.894    clk_IBUF
    BUFGCTRL_X0Y16       BUFG (Prop_bufg_I_O)         0.026     0.920 r  clk_IBUF_BUFG_inst/O
                         net (fo=26, routed)          0.603     1.522    clk_IBUF_BUFG
    SLICE_X0Y92          FDCE                                         r  clk_div_reg[0]/C
  -------------------------------------------------------------------    -------------------
    SLICE_X0Y92          FDCE (Prop_fdce_C_Q)         0.141     1.663 f  clk_div_reg[0]/Q
                         net (fo=1, routed)           0.173     1.836    clk_div_reg_n_0_[0]
    SLICE_X0Y92          LUT1 (Prop_lut1_I0_O)        0.045     1.881 r  clk_div[0]_i_2/O
                         net (fo=1, routed)           0.000     1.881    clk_div[0]_i_2_n_0
    SLICE_X0Y92          CARRY4 (Prop_carry4_S[0]_O[1])
                                                      0.106     1.987 r  clk_div_reg[0]_i_1/O[1]
                         net (fo=1, routed)           0.000     1.987    clk_div_reg[0]_i_1_n_6
    SLICE_X0Y92          FDCE                                         r  clk_div_reg[1]/D
  -------------------------------------------------------------------    -------------------

                         (clock sys_clk_pin rise edge)
                                                      0.000     0.000 r  
    E3                                                0.000     0.000 r  clk (IN)
                         net (fo=0)                   0.000     0.000    clk
    E3                   IBUF (Prop_ibuf_I_O)         0.438     0.438 r  clk_IBUF_inst/O
                         net (fo=1, routed)           0.699     1.136    clk_IBUF
    BUFGCTRL_X0Y16       BUFG (Prop_bufg_I_O)         0.029     1.165 r  clk_IBUF_BUFG_inst/O
                         net (fo=26, routed)          0.876     2.041    clk_IBUF_BUFG
    SLICE_X0Y92          FDCE                                         r  clk_div_reg[1]/C
                         clock pessimism             -0.518     1.522    
    SLICE_X0Y92          FDCE (Hold_fdce_C_D)         0.105     1.627    clk_div_reg[1]
  -------------------------------------------------------------------
                         required time                         -1.627    
                         arrival time                           1.987    
  -------------------------------------------------------------------
                         slack                                  0.360    

Slack (MET) :             0.363ns  (arrival time - required time)
  Source:                 clk_div_reg[12]/C
                            (rising edge-triggered cell FDCE clocked by sys_clk_pin  {rise@0.000ns fall@5.000ns period=10.000ns})
  Destination:            clk_div_reg[13]/D
                            (rising edge-triggered cell FDCE clocked by sys_clk_pin  {rise@0.000ns fall@5.000ns period=10.000ns})
  Path Group:             sys_clk_pin
  Path Type:              Hold (Min at Fast Process Corner)
  Requirement:            0.000ns  (sys_clk_pin rise@0.000ns - sys_clk_pin rise@0.000ns)
  Data Path Delay:        0.468ns  (logic 0.292ns (62.334%)  route 0.176ns (37.666%))
  Logic Levels:           1  (CARRY4=1)
  Clock Path Skew:        0.000ns (DCD - SCD - CPR)
    Destination Clock Delay (DCD):    2.042ns
    Source Clock Delay      (SCD):    1.523ns
    Clock Pessimism Removal (CPR):    0.518ns

    Location             Delay type                Incr(ns)  Path(ns)    Netlist Resource(s)
  -------------------------------------------------------------------    -------------------
                         (clock sys_clk_pin rise edge)
                                                      0.000     0.000 r  
    E3                                                0.000     0.000 r  clk (IN)
                         net (fo=0)                   0.000     0.000    clk
    E3                   IBUF (Prop_ibuf_I_O)         0.250     0.250 r  clk_IBUF_inst/O
                         net (fo=1, routed)           0.644     0.894    clk_IBUF
    BUFGCTRL_X0Y16       BUFG (Prop_bufg_I_O)         0.026     0.920 r  clk_IBUF_BUFG_inst/O
                         net (fo=26, routed)          0.604     1.523    clk_IBUF_BUFG
    SLICE_X0Y95          FDCE                                         r  clk_div_reg[12]/C
  -------------------------------------------------------------------    -------------------
    SLICE_X0Y95          FDCE (Prop_fdce_C_Q)         0.141     1.664 r  clk_div_reg[12]/Q
                         net (fo=1, routed)           0.176     1.841    clk_div_reg_n_0_[12]
    SLICE_X0Y95          CARRY4 (Prop_carry4_S[0]_O[1])
                                                      0.151     1.992 r  clk_div_reg[12]_i_1/O[1]
                         net (fo=1, routed)           0.000     1.992    clk_div_reg[12]_i_1_n_6
    SLICE_X0Y95          FDCE                                         r  clk_div_reg[13]/D
  -------------------------------------------------------------------    -------------------

                         (clock sys_clk_pin rise edge)
                                                      0.000     0.000 r  
    E3                                                0.000     0.000 r  clk (IN)
                         net (fo=0)                   0.000     0.000    clk
    E3                   IBUF (Prop_ibuf_I_O)         0.438     0.438 r  clk_IBUF_inst/O
                         net (fo=1, routed)           0.699     1.136    clk_IBUF
    BUFGCTRL_X0Y16       BUFG (Prop_bufg_I_O)         0.029     1.165 r  clk_IBUF_BUFG_inst/O
                         net (fo=26, routed)          0.877     2.042    clk_IBUF_BUFG
    SLICE_X0Y95          FDCE                                         r  clk_div_reg[13]/C
                         clock pessimism             -0.518     1.523    
    SLICE_X0Y95          FDCE (Hold_fdce_C_D)         0.105     1.628    clk_div_reg[13]
  -------------------------------------------------------------------
                         required time                         -1.628    
                         arrival time                           1.992    
  -------------------------------------------------------------------
                         slack                                  0.363    

Slack (MET) :             0.363ns  (arrival time - required time)
  Source:                 clk_div_reg[16]/C
                            (rising edge-triggered cell FDCE clocked by sys_clk_pin  {rise@0.000ns fall@5.000ns period=10.000ns})
  Destination:            clk_div_reg[17]/D
                            (rising edge-triggered cell FDCE clocked by sys_clk_pin  {rise@0.000ns fall@5.000ns period=10.000ns})
  Path Group:             sys_clk_pin
  Path Type:              Hold (Min at Fast Process Corner)
  Requirement:            0.000ns  (sys_clk_pin rise@0.000ns - sys_clk_pin rise@0.000ns)
  Data Path Delay:        0.468ns  (logic 0.292ns (62.334%)  route 0.176ns (37.666%))
  Logic Levels:           1  (CARRY4=1)
  Clock Path Skew:        0.000ns (DCD - SCD - CPR)
    Destination Clock Delay (DCD):    2.042ns
    Source Clock Delay      (SCD):    1.523ns
    Clock Pessimism Removal (CPR):    0.518ns

    Location             Delay type                Incr(ns)  Path(ns)    Netlist Resource(s)
  -------------------------------------------------------------------    -------------------
                         (clock sys_clk_pin rise edge)
                                                      0.000     0.000 r  
    E3                                                0.000     0.000 r  clk (IN)
                         net (fo=0)                   0.000     0.000    clk
    E3                   IBUF (Prop_ibuf_I_O)         0.250     0.250 r  clk_IBUF_inst/O
                         net (fo=1, routed)           0.644     0.894    clk_IBUF
    BUFGCTRL_X0Y16       BUFG (Prop_bufg_I_O)         0.026     0.920 r  clk_IBUF_BUFG_inst/O
                         net (fo=26, routed)          0.604     1.523    clk_IBUF_BUFG
    SLICE_X0Y96          FDCE                                         r  clk_div_reg[16]/C
  -------------------------------------------------------------------    -------------------
    SLICE_X0Y96          FDCE (Prop_fdce_C_Q)         0.141     1.664 r  clk_div_reg[16]/Q
                         net (fo=1, routed)           0.176     1.841    clk_div_reg_n_0_[16]
    SLICE_X0Y96          CARRY4 (Prop_carry4_S[0]_O[1])
                                                      0.151     1.992 r  clk_div_reg[16]_i_1/O[1]
                         net (fo=1, routed)           0.000     1.992    clk_div_reg[16]_i_1_n_6
    SLICE_X0Y96          FDCE                                         r  clk_div_reg[17]/D
  -------------------------------------------------------------------    -------------------

                         (clock sys_clk_pin rise edge)
                                                      0.000     0.000 r  
    E3                                                0.000     0.000 r  clk (IN)
                         net (fo=0)                   0.000     0.000    clk
    E3                   IBUF (Prop_ibuf_I_O)         0.438     0.438 r  clk_IBUF_inst/O
                         net (fo=1, routed)           0.699     1.136    clk_IBUF
    BUFGCTRL_X0Y16       BUFG (Prop_bufg_I_O)         0.029     1.165 r  clk_IBUF_BUFG_inst/O
                         net (fo=26, routed)          0.877     2.042    clk_IBUF_BUFG
    SLICE_X0Y96          FDCE                                         r  clk_div_reg[17]/C
                         clock pessimism             -0.518     1.523    
    SLICE_X0Y96          FDCE (Hold_fdce_C_D)         0.105     1.628    clk_div_reg[17]
  -------------------------------------------------------------------
                         required time                         -1.628    
                         arrival time                           1.992    
  -------------------------------------------------------------------
                         slack                                  0.363    

Slack (MET) :             0.363ns  (arrival time - required time)
  Source:                 clk_div_reg[20]/C
                            (rising edge-triggered cell FDCE clocked by sys_clk_pin  {rise@0.000ns fall@5.000ns period=10.000ns})
  Destination:            clk_div_reg[21]/D
                            (rising edge-triggered cell FDCE clocked by sys_clk_pin  {rise@0.000ns fall@5.000ns period=10.000ns})
  Path Group:             sys_clk_pin
  Path Type:              Hold (Min at Fast Process Corner)
  Requirement:            0.000ns  (sys_clk_pin rise@0.000ns - sys_clk_pin rise@0.000ns)
  Data Path Delay:        0.468ns  (logic 0.292ns (62.334%)  route 0.176ns (37.666%))
  Logic Levels:           1  (CARRY4=1)
  Clock Path Skew:        0.000ns (DCD - SCD - CPR)
    Destination Clock Delay (DCD):    2.043ns
    Source Clock Delay      (SCD):    1.524ns
    Clock Pessimism Removal (CPR):    0.518ns

    Location             Delay type                Incr(ns)  Path(ns)    Netlist Resource(s)
  -------------------------------------------------------------------    -------------------
                         (clock sys_clk_pin rise edge)
                                                      0.000     0.000 r  
    E3                                                0.000     0.000 r  clk (IN)
                         net (fo=0)                   0.000     0.000    clk
    E3                   IBUF (Prop_ibuf_I_O)         0.250     0.250 r  clk_IBUF_inst/O
                         net (fo=1, routed)           0.644     0.894    clk_IBUF
    BUFGCTRL_X0Y16       BUFG (Prop_bufg_I_O)         0.026     0.920 r  clk_IBUF_BUFG_inst/O
                         net (fo=26, routed)          0.605     1.524    clk_IBUF_BUFG
    SLICE_X0Y97          FDCE                                         r  clk_div_reg[20]/C
  -------------------------------------------------------------------    -------------------
    SLICE_X0Y97          FDCE (Prop_fdce_C_Q)         0.141     1.665 r  clk_div_reg[20]/Q
                         net (fo=1, routed)           0.176     1.842    clk_div_reg_n_0_[20]
    SLICE_X0Y97          CARRY4 (Prop_carry4_S[0]_O[1])
                                                      0.151     1.993 r  clk_div_reg[20]_i_1/O[1]
                         net (fo=1, routed)           0.000     1.993    clk_div_reg[20]_i_1_n_6
    SLICE_X0Y97          FDCE                                         r  clk_div_reg[21]/D
  -------------------------------------------------------------------    -------------------

                         (clock sys_clk_pin rise edge)
                                                      0.000     0.000 r  
    E3                                                0.000     0.000 r  clk (IN)
                         net (fo=0)                   0.000     0.000    clk
    E3                   IBUF (Prop_ibuf_I_O)         0.438     0.438 r  clk_IBUF_inst/O
                         net (fo=1, routed)           0.699     1.136    clk_IBUF
    BUFGCTRL_X0Y16       BUFG (Prop_bufg_I_O)         0.029     1.165 r  clk_IBUF_BUFG_inst/O
                         net (fo=26, routed)          0.878     2.043    clk_IBUF_BUFG
    SLICE_X0Y97          FDCE                                         r  clk_div_reg[21]/C
                         clock pessimism             -0.518     1.524    
    SLICE_X0Y97          FDCE (Hold_fdce_C_D)         0.105     1.629    clk_div_reg[21]
  -------------------------------------------------------------------
                         required time                         -1.629    
                         arrival time                           1.993    
  -------------------------------------------------------------------
                         slack                                  0.363    





Pulse Width Checks
--------------------------------------------------------------------------------------
Clock Name:         sys_clk_pin
Waveform(ns):       { 0.000 5.000 }
Period(ns):         10.000
Sources:            { clk }

Check Type        Corner  Lib Pin  Reference Pin  Required(ns)  Actual(ns)  Slack(ns)  Location        Pin
Min Period        n/a     BUFG/I   n/a            2.155         10.000      7.845      BUFGCTRL_X0Y16  clk_IBUF_BUFG_inst/I
Min Period        n/a     FDCE/C   n/a            1.000         10.000      9.000      SLICE_X0Y92     clk_div_reg[0]/C
Min Period        n/a     FDCE/C   n/a            1.000         10.000      9.000      SLICE_X0Y94     clk_div_reg[10]/C
Min Period        n/a     FDCE/C   n/a            1.000         10.000      9.000      SLICE_X0Y94     clk_div_reg[11]/C
Min Period        n/a     FDCE/C   n/a            1.000         10.000      9.000      SLICE_X0Y95     clk_div_reg[12]/C
Min Period        n/a     FDCE/C   n/a            1.000         10.000      9.000      SLICE_X0Y95     clk_div_reg[13]/C
Min Period        n/a     FDCE/C   n/a            1.000         10.000      9.000      SLICE_X0Y95     clk_div_reg[14]/C
Min Period        n/a     FDCE/C   n/a            1.000         10.000      9.000      SLICE_X0Y95     clk_div_reg[15]/C
Min Period        n/a     FDCE/C   n/a            1.000         10.000      9.000      SLICE_X0Y96     clk_div_reg[16]/C
Min Period        n/a     FDCE/C   n/a            1.000         10.000      9.000      SLICE_X0Y96     clk_div_reg[17]/C
Low Pulse Width   Slow    FDCE/C   n/a            0.500         5.000       4.500      SLICE_X0Y94     clk_div_reg[10]/C
Low Pulse Width   Slow    FDCE/C   n/a            0.500         5.000       4.500      SLICE_X0Y94     clk_div_reg[11]/C
Low Pulse Width   Slow    FDCE/C   n/a            0.500         5.000       4.500      SLICE_X0Y95     clk_div_reg[12]/C
Low Pulse Width   Slow    FDCE/C   n/a            0.500         5.000       4.500      SLICE_X0Y95     clk_div_reg[13]/C
Low Pulse Width   Slow    FDCE/C   n/a            0.500         5.000       4.500      SLICE_X0Y95     clk_div_reg[14]/C
Low Pulse Width   Slow    FDCE/C   n/a            0.500         5.000       4.500      SLICE_X0Y95     clk_div_reg[15]/C
Low Pulse Width   Slow    FDCE/C   n/a            0.500         5.000       4.500      SLICE_X0Y96     clk_div_reg[16]/C
Low Pulse Width   Slow    FDCE/C   n/a            0.500         5.000       4.500      SLICE_X0Y96     clk_div_reg[17]/C
Low Pulse Width   Slow    FDCE/C   n/a            0.500         5.000       4.500      SLICE_X0Y96     clk_div_reg[18]/C
Low Pulse Width   Slow    FDCE/C   n/a            0.500         5.000       4.500      SLICE_X0Y96     clk_div_reg[19]/C
High Pulse Width  Slow    FDCE/C   n/a            0.500         5.000       4.500      SLICE_X0Y92     clk_div_reg[0]/C
High Pulse Width  Slow    FDCE/C   n/a            0.500         5.000       4.500      SLICE_X0Y94     clk_div_reg[10]/C
High Pulse Width  Slow    FDCE/C   n/a            0.500         5.000       4.500      SLICE_X0Y94     clk_div_reg[11]/C
High Pulse Width  Slow    FDCE/C   n/a            0.500         5.000       4.500      SLICE_X0Y95     clk_div_reg[12]/C
High Pulse Width  Slow    FDCE/C   n/a            0.500         5.000       4.500      SLICE_X0Y95     clk_div_reg[13]/C
High Pulse Width  Slow    FDCE/C   n/a            0.500         5.000       4.500      SLICE_X0Y95     clk_div_reg[14]/C
High Pulse Width  Slow    FDCE/C   n/a            0.500         5.000       4.500      SLICE_X0Y95     clk_div_reg[15]/C
High Pulse Width  Slow    FDCE/C   n/a            0.500         5.000       4.500      SLICE_X0Y96     clk_div_reg[16]/C
High Pulse Width  Slow    FDCE/C   n/a            0.500         5.000       4.500      SLICE_X0Y96     clk_div_reg[17]/C
High Pulse Width  Slow    FDCE/C   n/a            0.500         5.000       4.500      SLICE_X0Y96     clk_div_reg[18]/C



