$date
	Sun Sep 13 16:46:14 2026
$end
$version
	Icarus Verilog
$end
$timescale
	1ps
$end
$scope module tb_logic_unit $end
$var wire 5 ! Y [4:0] $end
$var reg 4 " A [3:0] $end
$var reg 4 # B [3:0] $end
$var reg 5 $ expected [4:0] $end
$var reg 2 % sel [1:0] $end
$var integer 32 & failed [31:0] $end
$var integer 32 ' i [31:0] $end
$var integer 32 ( passed [31:0] $end
$scope module alu $end
$var wire 4 ) A [3:0] $end
$var wire 4 * B [3:0] $end
$var wire 2 + sel [1:0] $end
$var wire 5 , Y [4:0] $end
$var wire 5 - I3 [4:0] $end
$var wire 5 . I2 [4:0] $end
$var wire 5 / I1 [4:0] $end
$var wire 5 0 I0 [4:0] $end
$scope module a $end
$var wire 4 1 A [3:0] $end
$var wire 4 2 B [3:0] $end
$var wire 5 3 Out [4:0] $end
$upscope $end
$scope module mux1 $end
$var wire 5 4 I1 [4:0] $end
$var wire 2 5 sel [1:0] $end
$var wire 5 6 I3 [4:0] $end
$var wire 5 7 I2 [4:0] $end
$var wire 5 8 I0 [4:0] $end
$var reg 5 9 Y [4:0] $end
$upscope $end
$scope module o $end
$var wire 4 : A [3:0] $end
$var wire 4 ; B [3:0] $end
$var wire 5 < Out [4:0] $end
$upscope $end
$scope module rca $end
$var wire 4 = A [3:0] $end
$var wire 4 > B [3:0] $end
$var wire 1 ? c3 $end
$var wire 1 @ c2 $end
$var wire 1 A c1 $end
$var wire 5 B S [4:0] $end
$scope module f1 $end
$var wire 1 C A $end
$var wire 1 D B $end
$var wire 1 E Cin $end
$var wire 1 F placehodler $end
$var wire 1 G inter_sum_1 $end
$var wire 1 H inter_carry_2 $end
$var wire 1 I inter_carry_1 $end
$var wire 1 J S $end
$var wire 1 A Cout $end
$scope module h1 $end
$var wire 1 C A $end
$var wire 1 D B $end
$var wire 1 I C $end
$var wire 1 G S $end
$upscope $end
$scope module h2 $end
$var wire 1 G A $end
$var wire 1 E B $end
$var wire 1 H C $end
$var wire 1 J S $end
$upscope $end
$scope module h3 $end
$var wire 1 I A $end
$var wire 1 H B $end
$var wire 1 F C $end
$var wire 1 A S $end
$upscope $end
$upscope $end
$scope module f2 $end
$var wire 1 K A $end
$var wire 1 L B $end
$var wire 1 A Cin $end
$var wire 1 M placehodler $end
$var wire 1 N inter_sum_1 $end
$var wire 1 O inter_carry_2 $end
$var wire 1 P inter_carry_1 $end
$var wire 1 Q S $end
$var wire 1 @ Cout $end
$scope module h1 $end
$var wire 1 K A $end
$var wire 1 L B $end
$var wire 1 P C $end
$var wire 1 N S $end
$upscope $end
$scope module h2 $end
$var wire 1 N A $end
$var wire 1 A B $end
$var wire 1 O C $end
$var wire 1 Q S $end
$upscope $end
$scope module h3 $end
$var wire 1 P A $end
$var wire 1 O B $end
$var wire 1 M C $end
$var wire 1 @ S $end
$upscope $end
$upscope $end
$scope module f3 $end
$var wire 1 R A $end
$var wire 1 S B $end
$var wire 1 @ Cin $end
$var wire 1 T placehodler $end
$var wire 1 U inter_sum_1 $end
$var wire 1 V inter_carry_2 $end
$var wire 1 W inter_carry_1 $end
$var wire 1 X S $end
$var wire 1 ? Cout $end
$scope module h1 $end
$var wire 1 R A $end
$var wire 1 S B $end
$var wire 1 W C $end
$var wire 1 U S $end
$upscope $end
$scope module h2 $end
$var wire 1 U A $end
$var wire 1 @ B $end
$var wire 1 V C $end
$var wire 1 X S $end
$upscope $end
$scope module h3 $end
$var wire 1 W A $end
$var wire 1 V B $end
$var wire 1 T C $end
$var wire 1 ? S $end
$upscope $end
$upscope $end
$scope module f4 $end
$var wire 1 Y A $end
$var wire 1 Z B $end
$var wire 1 ? Cin $end
$var wire 1 [ placehodler $end
$var wire 1 \ inter_sum_1 $end
$var wire 1 ] inter_carry_2 $end
$var wire 1 ^ inter_carry_1 $end
$var wire 1 _ S $end
$var wire 1 ` Cout $end
$scope module h1 $end
$var wire 1 Y A $end
$var wire 1 Z B $end
$var wire 1 ^ C $end
$var wire 1 \ S $end
$upscope $end
$scope module h2 $end
$var wire 1 \ A $end
$var wire 1 ? B $end
$var wire 1 ] C $end
$var wire 1 _ S $end
$upscope $end
$scope module h3 $end
$var wire 1 ^ A $end
$var wire 1 ] B $end
$var wire 1 [ C $end
$var wire 1 ` S $end
$upscope $end
$upscope $end
$upscope $end
$scope module x $end
$var wire 4 a A [3:0] $end
$var wire 4 b B [3:0] $end
$var wire 5 c Out [4:0] $end
$upscope $end
$upscope $end
$upscope $end
$enddefinitions $end
$comment Show the parameter values. $end
$dumpall
$end
#0
$dumpvars
b0 c
b0 b
b0 a
0`
0_
0^
0]
0\
0[
0Z
0Y
0X
0W
0V
0U
0T
0S
0R
0Q
0P
0O
0N
0M
0L
0K
0J
0I
0H
0G
0F
0E
0D
0C
b0 B
0A
0@
0?
b0 >
b0 =
b0 <
b0 ;
b0 :
b0 9
b0 8
b0 7
b0 6
b0 5
b0 4
b0 3
b0 2
b0 1
b0 0
b0 /
b0 .
b0 -
b0 ,
b0 +
b0 *
b0 )
b0 (
b0 '
b0 &
b0 %
b0 $
b0 #
b0 "
b0 !
$end
#20000
b1 !
b1 ,
b1 9
b1 0
b1 8
b1 B
b1 .
b1 7
b1 <
b1 -
b1 6
b1 c
1J
1G
1D
b1 $
b1 #
b1 *
b1 2
b1 ;
b1 >
b1 b
b1 '
b1 (
#40000
b10 !
b10 ,
b10 9
b10 0
b10 8
b10 B
b10 .
b10 7
b10 <
b10 -
b10 6
b10 c
0J
1Q
0G
1N
0D
1L
b10 $
b10 #
b10 *
b10 2
b10 ;
b10 >
b10 b
b10 '
b10 (
#60000
b11 !
b11 ,
b11 9
b11 0
b11 8
b11 B
b11 .
b11 7
b11 <
b11 -
b11 6
b11 c
1J
1G
1D
b11 $
b11 #
b11 *
b11 2
b11 ;
b11 >
b11 b
b11 '
b11 (
#80000
b100 !
b100 ,
b100 9
b100 0
b100 8
b100 B
b100 .
b100 7
b100 <
b100 -
b100 6
b100 c
0J
0Q
1X
0G
0N
1U
0D
0L
1S
b100 $
b100 #
b100 *
b100 2
b100 ;
b100 >
b100 b
b100 '
b100 (
#100000
b101 !
b101 ,
b101 9
b101 0
b101 8
b101 B
b101 .
b101 7
b101 <
b101 -
b101 6
b101 c
1J
1G
1D
b101 $
b101 #
b101 *
b101 2
b101 ;
b101 >
b101 b
b101 '
b101 (
#120000
b110 !
b110 ,
b110 9
b110 0
b110 8
b110 B
b110 .
b110 7
b110 <
b110 -
b110 6
b110 c
0J
1Q
0G
1N
0D
1L
b110 $
b110 #
b110 *
b110 2
b110 ;
b110 >
b110 b
b110 '
b110 (
#140000
b111 !
b111 ,
b111 9
b111 0
b111 8
b111 B
b111 .
b111 7
b111 <
b111 -
b111 6
b111 c
1J
1G
1D
b111 $
b111 #
b111 *
b111 2
b111 ;
b111 >
b111 b
b111 '
b111 (
#160000
b1000 !
b1000 ,
b1000 9
b1000 0
b1000 8
b1000 B
b1000 .
b1000 7
b1000 <
b1000 -
b1000 6
b1000 c
0J
0Q
0X
1_
0G
0N
0U
1\
0D
0L
0S
1Z
b1000 $
b1000 #
b1000 *
b1000 2
b1000 ;
b1000 >
b1000 b
b1000 '
b1000 (
#180000
b1001 !
b1001 ,
b1001 9
b1001 0
b1001 8
b1001 B
b1001 .
b1001 7
b1001 <
b1001 -
b1001 6
b1001 c
1J
1G
1D
b1001 $
b1001 #
b1001 *
b1001 2
b1001 ;
b1001 >
b1001 b
b1001 '
b1001 (
#200000
b1010 !
b1010 ,
b1010 9
b1010 0
b1010 8
b1010 B
b1010 .
b1010 7
b1010 <
b1010 -
b1010 6
b1010 c
0J
1Q
0G
1N
0D
1L
b1010 $
b1010 #
b1010 *
b1010 2
b1010 ;
b1010 >
b1010 b
b1010 '
b1010 (
#220000
b1011 !
b1011 ,
b1011 9
b1011 0
b1011 8
b1011 B
b1011 .
b1011 7
b1011 <
b1011 -
b1011 6
b1011 c
1J
1G
1D
b1011 $
b1011 #
b1011 *
b1011 2
b1011 ;
b1011 >
b1011 b
b1011 '
b1011 (
#240000
b1100 !
b1100 ,
b1100 9
b1100 0
b1100 8
b1100 B
b1100 .
b1100 7
b1100 <
b1100 -
b1100 6
b1100 c
0J
0Q
1X
0G
0N
1U
0D
0L
1S
b1100 $
b1100 #
b1100 *
b1100 2
b1100 ;
b1100 >
b1100 b
b1100 '
b1100 (
#260000
b1101 !
b1101 ,
b1101 9
b1101 0
b1101 8
b1101 B
b1101 .
b1101 7
b1101 <
b1101 -
b1101 6
b1101 c
1J
1G
1D
b1101 $
b1101 #
b1101 *
b1101 2
b1101 ;
b1101 >
b1101 b
b1101 '
b1101 (
#280000
b1110 !
b1110 ,
b1110 9
b1110 0
b1110 8
b1110 B
b1110 .
b1110 7
b1110 <
b1110 -
b1110 6
b1110 c
0J
1Q
0G
1N
0D
1L
b1110 $
b1110 #
b1110 *
b1110 2
b1110 ;
b1110 >
b1110 b
b1110 '
b1110 (
#300000
b1111 !
b1111 ,
b1111 9
b1111 0
b1111 8
b1111 B
b1111 .
b1111 7
b1111 <
b1111 -
b1111 6
b1111 c
1J
1G
1D
b1111 $
b1111 #
b1111 *
b1111 2
b1111 ;
b1111 >
b1111 b
b1111 '
b1111 (
#320000
b1 !
b1 ,
b1 9
b1 0
b1 8
b1 B
b1 .
b1 7
b1 <
b1 -
b1 6
b1 c
0Q
0X
0_
0N
0U
0\
1C
0D
0L
0S
0Z
b1 $
b1 "
b1 )
b1 1
b1 :
b1 =
b1 a
b0 #
b0 *
b0 2
b0 ;
b0 >
b0 b
b10000 '
b10000 (
#340000
b10 !
b10 ,
b10 9
b10 0
b10 8
b10 B
b1 /
b1 3
b1 4
1Q
b0 -
b0 6
b0 c
0J
1A
0G
1I
1D
b10 $
b1 #
b1 *
b1 2
b1 ;
b1 >
b1 b
b10001 '
b10001 (
#360000
b11 !
b11 ,
b11 9
b11 0
b11 8
b11 B
0X
b0 /
b0 3
b0 4
b11 .
b11 7
b11 <
0@
b11 -
b11 6
b11 c
1J
0A
1Q
0O
1G
0I
1N
0D
1L
b11 $
b10 #
b10 *
b10 2
b10 ;
b10 >
b10 b
b10010 '
b10010 (
#380000
b100 !
b100 ,
b100 9
1X
b100 0
b100 8
b100 B
1@
b1 /
b1 3
b1 4
0Q
1O
b10 -
b10 6
b10 c
0J
1A
0G
1I
1D
b100 $
b11 #
b11 *
b11 2
b11 ;
b11 >
b11 b
b10011 '
b10011 (
#400000
b101 !
b101 ,
b101 9
b101 0
b101 8
b101 B
0_
b0 /
b0 3
b0 4
b101 .
b101 7
b101 <
0@
0?
b101 -
b101 6
b101 c
1J
0A
0Q
0O
1X
0V
1G
0I
0N
1U
0D
0L
1S
b101 $
b100 #
b100 *
b100 2
b100 ;
b100 >
b100 b
b10100 '
b10100 (
#420000
b110 !
b110 ,
b110 9
b110 0
b110 8
b110 B
b1 /
b1 3
b1 4
1Q
b100 -
b100 6
b100 c
0J
1A
0G
1I
1D
b110 $
b101 #
b101 *
b101 2
b101 ;
b101 >
b101 b
b10101 '
b10101 (
#440000
0_
b111 !
b111 ,
b111 9
0?
b111 0
b111 8
b111 B
1X
0V
b0 /
b0 3
b0 4
b111 .
b111 7
b111 <
0@
b111 -
b111 6
b111 c
1J
0A
1Q
0O
1G
0I
1N
0D
1L
b111 $
b110 #
b110 *
b110 2
b110 ;
b110 >
b110 b
b10110 '
b10110 (
#460000
1_
1?
b1000 !
b1000 ,
b1000 9
0X
1V
b1000 0
b1000 8
b1000 B
1@
b1 /
b1 3
b1 4
0Q
1O
b110 -
b110 6
b110 c
0J
1A
0G
1I
1D
b1000 $
b111 #
b111 *
b111 2
b111 ;
b111 >
b111 b
b10111 '
b10111 (
#480000
b1001 !
b1001 ,
b1001 9
b1001 0
b1001 8
b1001 B
b0 /
b0 3
b0 4
b1001 .
b1001 7
b1001 <
0@
0?
0`
b1001 -
b1001 6
b1001 c
1J
0A
0Q
0O
0X
0V
1_
0]
1G
0I
0N
0U
1\
0D
0L
0S
1Z
b1001 $
b1000 #
b1000 *
b1000 2
b1000 ;
b1000 >
b1000 b
b11000 '
b11000 (
#500000
b1010 !
b1010 ,
b1010 9
b1010 0
b1010 8
b1010 B
b1 /
b1 3
b1 4
1Q
b1000 -
b1000 6
b1000 c
0J
1A
0G
1I
1D
b1010 $
b1001 #
b1001 *
b1001 2
b1001 ;
b1001 >
b1001 b
b11001 '
b11001 (
#520000
b1011 !
b1011 ,
b1011 9
b1011 0
b1011 8
b1011 B
0X
b0 /
b0 3
b0 4
b1011 .
b1011 7
b1011 <
0@
b1011 -
b1011 6
b1011 c
1J
0A
1Q
0O
1G
0I
1N
0D
1L
b1011 $
b1010 #
b1010 *
b1010 2
b1010 ;
b1010 >
b1010 b
b11010 '
b11010 (
#540000
b1100 !
b1100 ,
b1100 9
1X
b1100 0
b1100 8
b1100 B
1@
b1 /
b1 3
b1 4
0Q
1O
b1010 -
b1010 6
b1010 c
0J
1A
0G
1I
1D
b1100 $
b1011 #
b1011 *
b1011 2
b1011 ;
b1011 >
b1011 b
b11011 '
b11011 (
#560000
b1101 !
b1101 ,
b1101 9
0`
b1101 0
b1101 8
b1101 B
1_
0]
b0 /
b0 3
b0 4
b1101 .
b1101 7
b1101 <
0@
0?
b1101 -
b1101 6
b1101 c
1J
0A
0Q
0O
1X
0V
1G
0I
0N
1U
0D
0L
1S
b1101 $
b1100 #
b1100 *
b1100 2
b1100 ;
b1100 >
b1100 b
b11100 '
b11100 (
#580000
b1110 !
b1110 ,
b1110 9
b1110 0
b1110 8
b1110 B
b1 /
b1 3
b1 4
1Q
b1100 -
b1100 6
b1100 c
0J
1A
0G
1I
1D
b1110 $
b1101 #
b1101 *
b1101 2
b1101 ;
b1101 >
b1101 b
b11101 '
b11101 (
#600000
0`
1_
0]
b1111 !
b1111 ,
b1111 9
0?
b1111 0
b1111 8
b1111 B
1X
0V
b0 /
b0 3
b0 4
b1111 .
b1111 7
b1111 <
0@
b1111 -
b1111 6
b1111 c
1J
0A
1Q
0O
1G
0I
1N
0D
1L
b1111 $
b1110 #
b1110 *
b1110 2
b1110 ;
b1110 >
b1110 b
b11110 '
b11110 (
#620000
1`
0_
1]
1?
b10000 !
b10000 ,
b10000 9
0X
1V
b10000 0
b10000 8
b10000 B
1@
b1 /
b1 3
b1 4
0Q
1O
b1110 -
b1110 6
b1110 c
0J
1A
0G
1I
1D
b10000 $
b1111 #
b1111 *
b1111 2
b1111 ;
b1111 >
b1111 b
b11111 '
b11111 (
#640000
b10 !
b10 ,
b10 9
0@
b10 0
b10 8
b10 B
b0 /
b0 3
b0 4
b10 .
b10 7
b10 <
1Q
0O
0?
0`
b10 -
b10 6
b10 c
0A
0X
0V
0_
0]
0I
0U
0\
0C
1K
0D
0L
0S
0Z
b10 $
b10 "
b10 )
b10 1
b10 :
b10 =
b10 a
b0 #
b0 *
b0 2
b0 ;
b0 >
b0 b
b100000 '
b100000 (
#660000
b11 !
b11 ,
b11 9
b11 0
b11 8
b11 B
b11 .
b11 7
b11 <
b11 -
b11 6
b11 c
1J
1G
1D
b11 $
b1 #
b1 *
b1 2
b1 ;
b1 >
b1 b
b100001 '
b100001 (
#680000
b100 !
b100 ,
b100 9
b100 0
b100 8
b100 B
b10 /
b10 3
b10 4
b10 .
b10 7
b10 <
1X
b0 -
b0 6
b0 c
0J
0Q
1@
0G
0N
1P
0D
1L
b100 $
b10 #
b10 *
b10 2
b10 ;
b10 >
b10 b
b100010 '
b100010 (
#700000
b101 !
b101 ,
b101 9
b101 0
b101 8
b101 B
b11 .
b11 7
b11 <
b1 -
b1 6
b1 c
1J
1G
1D
b101 $
b11 #
b11 *
b11 2
b11 ;
b11 >
b11 b
b100011 '
b100011 (
#720000
b110 !
b110 ,
b110 9
b110 0
b110 8
b110 B
0_
b0 /
b0 3
b0 4
b110 .
b110 7
b110 <
0?
b110 -
b110 6
b110 c
0J
1Q
0@
1X
0V
0G
1N
0P
1U
0D
0L
1S
b110 $
b100 #
b100 *
b100 2
b100 ;
b100 >
b100 b
b100100 '
b100100 (
#740000
b111 !
b111 ,
b111 9
b111 0
b111 8
b111 B
b111 .
b111 7
b111 <
b111 -
b111 6
b111 c
1J
1G
1D
b111 $
b101 #
b101 *
b101 2
b101 ;
b101 >
b101 b
b100101 '
b100101 (
#760000
b1000 !
b1000 ,
b1000 9
1_
b1000 0
b1000 8
b1000 B
1?
b10 /
b10 3
b10 4
b110 .
b110 7
b110 <
0X
1V
b100 -
b100 6
b100 c
0J
0Q
1@
0G
0N
1P
0D
1L
b1000 $
b110 #
b110 *
b110 2
b110 ;
b110 >
b110 b
b100110 '
b100110 (
#780000
b1001 !
b1001 ,
b1001 9
b1001 0
b1001 8
b1001 B
b111 .
b111 7
b111 <
b101 -
b101 6
b101 c
1J
1G
1D
b1001 $
b111 #
b111 *
b111 2
b111 ;
b111 >
b111 b
b100111 '
b100111 (
#800000
b1010 !
b1010 ,
b1010 9
b1010 0
b1010 8
b1010 B
b0 /
b0 3
b0 4
b1010 .
b1010 7
b1010 <
0?
0`
b1010 -
b1010 6
b1010 c
0J
1Q
0@
0X
0V
1_
0]
0G
1N
0P
0U
1\
0D
0L
0S
1Z
b1010 $
b1000 #
b1000 *
b1000 2
b1000 ;
b1000 >
b1000 b
b101000 '
b101000 (
#820000
b1011 !
b1011 ,
b1011 9
b1011 0
b1011 8
b1011 B
b1011 .
b1011 7
b1011 <
b1011 -
b1011 6
b1011 c
1J
1G
1D
b1011 $
b1001 #
b1001 *
b1001 2
b1001 ;
b1001 >
b1001 b
b101001 '
b101001 (
#840000
b1100 !
b1100 ,
b1100 9
b1100 0
b1100 8
b1100 B
b10 /
b10 3
b10 4
b1010 .
b1010 7
b1010 <
1X
b1000 -
b1000 6
b1000 c
0J
0Q
1@
0G
0N
1P
0D
1L
b1100 $
b1010 #
b1010 *
b1010 2
b1010 ;
b1010 >
b1010 b
b101010 '
b101010 (
#860000
b1101 !
b1101 ,
b1101 9
b1101 0
b1101 8
b1101 B
b1011 .
b1011 7
b1011 <
b1001 -
b1001 6
b1001 c
1J
1G
1D
b1101 $
b1011 #
b1011 *
b1011 2
b1011 ;
b1011 >
b1011 b
b101011 '
b101011 (
#880000
b1110 !
b1110 ,
b1110 9
0`
b1110 0
b1110 8
b1110 B
1_
0]
b0 /
b0 3
b0 4
b1110 .
b1110 7
b1110 <
0?
b1110 -
b1110 6
b1110 c
0J
1Q
0@
1X
0V
0G
1N
0P
1U
0D
0L
1S
b1110 $
b1100 #
b1100 *
b1100 2
b1100 ;
b1100 >
b1100 b
b101100 '
b101100 (
#900000
b1111 !
b1111 ,
b1111 9
b1111 0
b1111 8
b1111 B
b1111 .
b1111 7
b1111 <
b1111 -
b1111 6
b1111 c
1J
1G
1D
b1111 $
b1101 #
b1101 *
b1101 2
b1101 ;
b1101 >
b1101 b
b101101 '
b101101 (
#920000
1`
b10000 !
b10000 ,
b10000 9
0_
1]
b10000 0
b10000 8
b10000 B
1?
b10 /
b10 3
b10 4
b1110 .
b1110 7
b1110 <
0X
1V
b1100 -
b1100 6
b1100 c
0J
0Q
1@
0G
0N
1P
0D
1L
b10000 $
b1110 #
b1110 *
b1110 2
b1110 ;
b1110 >
b1110 b
b101110 '
b101110 (
#940000
b10001 !
b10001 ,
b10001 9
b10001 0
b10001 8
b10001 B
b1111 .
b1111 7
b1111 <
b1101 -
b1101 6
b1101 c
1J
1G
1D
b10001 $
b1111 #
b1111 *
b1111 2
b1111 ;
b1111 >
b1111 b
b101111 '
b101111 (
#960000
b11 !
b11 ,
b11 9
b11 0
b11 8
b11 B
b0 /
b0 3
b0 4
b11 .
b11 7
b11 <
0?
0`
b11 -
b11 6
b11 c
1Q
0@
0X
0V
0_
0]
1N
0P
0U
0\
1C
0D
0L
0S
0Z
b11 $
b11 "
b11 )
b11 1
b11 :
b11 =
b11 a
b0 #
b0 *
b0 2
b0 ;
b0 >
b0 b
b110000 '
b110000 (
#980000
b100 !
b100 ,
b100 9
1X
b100 0
b100 8
b100 B
1@
b1 /
b1 3
b1 4
0Q
1O
b10 -
b10 6
b10 c
0J
1A
0G
1I
1D
b100 $
b1 #
b1 *
b1 2
b1 ;
b1 >
b1 b
b110001 '
b110001 (
#1000000
b101 !
b101 ,
b101 9
b101 0
b101 8
b101 B
b10 /
b10 3
b10 4
1X
b1 -
b1 6
b1 c
1J
0A
0Q
0O
1@
0M
1G
0I
0N
1P
0D
1L
b101 $
b10 #
b10 *
b10 2
b10 ;
b10 >
b10 b
b110010 '
b110010 (
#1020000
b110 !
b110 ,
b110 9
b110 0
b110 8
b110 B
b11 /
b11 3
b11 4
1Q
b0 -
b0 6
b0 c
0J
1A
0G
1I
1D
b110 $
b11 #
b11 *
b11 2
b11 ;
b11 >
b11 b
b110011 '
b110011 (
#1040000
b111 !
b111 ,
b111 9
b111 0
b111 8
b111 B
0_
b0 /
b0 3
b0 4
b111 .
b111 7
b111 <
0?
b111 -
b111 6
b111 c
1J
0A
1Q
0O
0@
1X
0V
1G
0I
1N
0P
1U
0D
0L
1S
b111 $
b100 #
b100 *
b100 2
b100 ;
b100 >
b100 b
b110100 '
b110100 (
#1060000
1_
1?
b1000 !
b1000 ,
b1000 9
0X
1V
b1000 0
b1000 8
b1000 B
1@
b1 /
b1 3
b1 4
0Q
1O
b110 -
b110 6
b110 c
0J
1A
0G
1I
1D
b1000 $
b101 #
b101 *
b101 2
b101 ;
b101 >
b101 b
b110101 '
b110101 (
#1080000
b1001 !
b1001 ,
b1001 9
1_
b1001 0
b1001 8
b1001 B
1?
b10 /
b10 3
b10 4
0X
1V
b101 -
b101 6
b101 c
1J
0A
0Q
0O
1@
0M
1G
0I
0N
1P
0D
1L
b1001 $
b110 #
b110 *
b110 2
b110 ;
b110 >
b110 b
b110110 '
b110110 (
#1100000
b1010 !
b1010 ,
b1010 9
b1010 0
b1010 8
b1010 B
b11 /
b11 3
b11 4
1Q
b100 -
b100 6
b100 c
0J
1A
0G
1I
1D
b1010 $
b111 #
b111 *
b111 2
b111 ;
b111 >
b111 b
b110111 '
b110111 (
#1120000
b1011 !
b1011 ,
b1011 9
b1011 0
b1011 8
b1011 B
b0 /
b0 3
b0 4
b1011 .
b1011 7
b1011 <
0?
0`
b1011 -
b1011 6
b1011 c
1J
0A
1Q
0O
0@
0X
0V
1_
0]
1G
0I
1N
0P
0U
1\
0D
0L
0S
1Z
b1011 $
b1000 #
b1000 *
b1000 2
b1000 ;
b1000 >
b1000 b
b111000 '
b111000 (
#1140000
b1100 !
b1100 ,
b1100 9
1X
b1100 0
b1100 8
b1100 B
1@
b1 /
b1 3
b1 4
0Q
1O
b1010 -
b1010 6
b1010 c
0J
1A
0G
1I
1D
b1100 $
b1001 #
b1001 *
b1001 2
b1001 ;
b1001 >
b1001 b
b111001 '
b111001 (
#1160000
b1101 !
b1101 ,
b1101 9
b1101 0
b1101 8
b1101 B
b10 /
b10 3
b10 4
1X
b1001 -
b1001 6
b1001 c
1J
0A
0Q
0O
1@
0M
1G
0I
0N
1P
0D
1L
b1101 $
b1010 #
b1010 *
b1010 2
b1010 ;
b1010 >
b1010 b
b111010 '
b111010 (
#1180000
b1110 !
b1110 ,
b1110 9
b1110 0
b1110 8
b1110 B
b11 /
b11 3
b11 4
1Q
b1000 -
b1000 6
b1000 c
0J
1A
0G
1I
1D
b1110 $
b1011 #
b1011 *
b1011 2
b1011 ;
b1011 >
b1011 b
b111011 '
b111011 (
#1200000
b1111 !
b1111 ,
b1111 9
0`
b1111 0
b1111 8
b1111 B
1_
0]
b0 /
b0 3
b0 4
b1111 .
b1111 7
b1111 <
0?
b1111 -
b1111 6
b1111 c
1J
0A
1Q
0O
0@
1X
0V
1G
0I
1N
0P
1U
0D
0L
1S
b1111 $
b1100 #
b1100 *
b1100 2
b1100 ;
b1100 >
b1100 b
b111100 '
b111100 (
#1220000
1`
0_
1]
1?
b10000 !
b10000 ,
b10000 9
0X
1V
b10000 0
b10000 8
b10000 B
1@
b1 /
b1 3
b1 4
0Q
1O
b1110 -
b1110 6
b1110 c
0J
1A
0G
1I
1D
b10000 $
b1101 #
b1101 *
b1101 2
b1101 ;
b1101 >
b1101 b
b111101 '
b111101 (
#1240000
1`
b10001 !
b10001 ,
b10001 9
0_
1]
b10001 0
b10001 8
b10001 B
1?
b10 /
b10 3
b10 4
0X
1V
b1101 -
b1101 6
b1101 c
1J
0A
0Q
0O
1@
0M
1G
0I
0N
1P
0D
1L
b10001 $
b1110 #
b1110 *
b1110 2
b1110 ;
b1110 >
b1110 b
b111110 '
b111110 (
#1260000
b10010 !
b10010 ,
b10010 9
b10010 0
b10010 8
b10010 B
b11 /
b11 3
b11 4
1Q
b1100 -
b1100 6
b1100 c
0J
1A
0G
1I
1D
b10010 $
b1111 #
b1111 *
b1111 2
b1111 ;
b1111 >
b1111 b
b111111 '
b111111 (
#1280000
b100 !
b100 ,
b100 9
0?
b100 0
b100 8
b100 B
b0 /
b0 3
b0 4
b100 .
b100 7
b100 <
0Q
1X
0V
0`
b100 -
b100 6
b100 c
0A
0@
0_
0]
0I
0P
0\
0C
0K
1R
0D
0L
0S
0Z
b100 $
b100 "
b100 )
b100 1
b100 :
b100 =
b100 a
b0 #
b0 *
b0 2
b0 ;
b0 >
b0 b
b1000000 '
b1000000 (
#1300000
b101 !
b101 ,
b101 9
b101 0
b101 8
b101 B
b101 .
b101 7
b101 <
b101 -
b101 6
b101 c
1J
1G
1D
b101 $
b1 #
b1 *
b1 2
b1 ;
b1 >
b1 b
b1000001 '
b1000001 (
#1320000
b110 !
b110 ,
b110 9
b110 0
b110 8
b110 B
b110 .
b110 7
b110 <
b110 -
b110 6
b110 c
0J
1Q
0G
1N
0D
1L
b110 $
b10 #
b10 *
b10 2
b10 ;
b10 >
b10 b
b1000010 '
b1000010 (
#1340000
b111 !
b111 ,
b111 9
b111 0
b111 8
b111 B
b111 .
b111 7
b111 <
b111 -
b111 6
b111 c
1J
1G
1D
b111 $
b11 #
b11 *
b11 2
b11 ;
b11 >
b11 b
b1000011 '
b1000011 (
#1360000
b1000 !
b1000 ,
b1000 9
b1000 0
b1000 8
b1000 B
b100 /
b100 3
b100 4
b100 .
b100 7
b100 <
1_
b0 -
b0 6
b0 c
0J
0Q
0X
1?
0G
0N
0U
1W
0D
0L
1S
b1000 $
b100 #
b100 *
b100 2
b100 ;
b100 >
b100 b
b1000100 '
b1000100 (
#1380000
b1001 !
b1001 ,
b1001 9
b1001 0
b1001 8
b1001 B
b101 .
b101 7
b101 <
b1 -
b1 6
b1 c
1J
1G
1D
b1001 $
b101 #
b101 *
b101 2
b101 ;
b101 >
b101 b
b1000101 '
b1000101 (
#1400000
b1010 !
b1010 ,
b1010 9
b1010 0
b1010 8
b1010 B
b110 .
b110 7
b110 <
b10 -
b10 6
b10 c
0J
1Q
0G
1N
0D
1L
b1010 $
b110 #
b110 *
b110 2
b110 ;
b110 >
b110 b
b1000110 '
b1000110 (
#1420000
b1011 !
b1011 ,
b1011 9
b1011 0
b1011 8
b1011 B
b111 .
b111 7
b111 <
b11 -
b11 6
b11 c
1J
1G
1D
b1011 $
b111 #
b111 *
b111 2
b111 ;
b111 >
b111 b
b1000111 '
b1000111 (
#1440000
b1100 !
b1100 ,
b1100 9
b1100 0
b1100 8
b1100 B
b0 /
b0 3
b0 4
b1100 .
b1100 7
b1100 <
0`
b1100 -
b1100 6
b1100 c
0J
0Q
1X
0?
1_
0]
0G
0N
1U
0W
1\
0D
0L
0S
1Z
b1100 $
b1000 #
b1000 *
b1000 2
b1000 ;
b1000 >
b1000 b
b1001000 '
b1001000 (
#1460000
b1101 !
b1101 ,
b1101 9
b1101 0
b1101 8
b1101 B
b1101 .
b1101 7
b1101 <
b1101 -
b1101 6
b1101 c
1J
1G
1D
b1101 $
b1001 #
b1001 *
b1001 2
b1001 ;
b1001 >
b1001 b
b1001001 '
b1001001 (
#1480000
b1110 !
b1110 ,
b1110 9
b1110 0
b1110 8
b1110 B
b1110 .
b1110 7
b1110 <
b1110 -
b1110 6
b1110 c
0J
1Q
0G
1N
0D
1L
b1110 $
b1010 #
b1010 *
b1010 2
b1010 ;
b1010 >
b1010 b
b1001010 '
b1001010 (
#1500000
b1111 !
b1111 ,
b1111 9
b1111 0
b1111 8
b1111 B
b1111 .
b1111 7
b1111 <
b1111 -
b1111 6
b1111 c
1J
1G
1D
b1111 $
b1011 #
b1011 *
b1011 2
b1011 ;
b1011 >
b1011 b
b1001011 '
b1001011 (
#1520000
b10000 !
b10000 ,
b10000 9
b10000 0
b10000 8
b10000 B
1`
b100 /
b100 3
b100 4
b1100 .
b1100 7
b1100 <
0_
1]
b1000 -
b1000 6
b1000 c
0J
0Q
0X
1?
0G
0N
0U
1W
0D
0L
1S
b10000 $
b1100 #
b1100 *
b1100 2
b1100 ;
b1100 >
b1100 b
b1001100 '
b1001100 (
#1540000
b10001 !
b10001 ,
b10001 9
b10001 0
b10001 8
b10001 B
b1101 .
b1101 7
b1101 <
b1001 -
b1001 6
b1001 c
1J
1G
1D
b10001 $
b1101 #
b1101 *
b1101 2
b1101 ;
b1101 >
b1101 b
b1001101 '
b1001101 (
#1560000
b10010 !
b10010 ,
b10010 9
b10010 0
b10010 8
b10010 B
b1110 .
b1110 7
b1110 <
b1010 -
b1010 6
b1010 c
0J
1Q
0G
1N
0D
1L
b10010 $
b1110 #
b1110 *
b1110 2
b1110 ;
b1110 >
b1110 b
b1001110 '
b1001110 (
#1580000
b10011 !
b10011 ,
b10011 9
b10011 0
b10011 8
b10011 B
b1111 .
b1111 7
b1111 <
b1011 -
b1011 6
b1011 c
1J
1G
1D
b10011 $
b1111 #
b1111 *
b1111 2
b1111 ;
b1111 >
b1111 b
b1001111 '
b1001111 (
#1600000
b101 !
b101 ,
b101 9
b101 0
b101 8
b101 B
b0 /
b0 3
b0 4
b101 .
b101 7
b101 <
0`
b101 -
b101 6
b101 c
0Q
1X
0?
0_
0]
0N
1U
0W
0\
1C
0D
0L
0S
0Z
b101 $
b101 "
b101 )
b101 1
b101 :
b101 =
b101 a
b0 #
b0 *
b0 2
b0 ;
b0 >
b0 b
b1010000 '
b1010000 (
#1620000
b110 !
b110 ,
b110 9
b110 0
b110 8
b110 B
b1 /
b1 3
b1 4
1Q
b100 -
b100 6
b100 c
0J
1A
0G
1I
1D
b110 $
b1 #
b1 *
b1 2
b1 ;
b1 >
b1 b
b1010001 '
b1010001 (
#1640000
0_
b111 !
b111 ,
b111 9
0?
b111 0
b111 8
b111 B
1X
0V
b0 /
b0 3
b0 4
b111 .
b111 7
b111 <
0@
b111 -
b111 6
b111 c
1J
0A
1Q
0O
1G
0I
1N
0D
1L
b111 $
b10 #
b10 *
b10 2
b10 ;
b10 >
b10 b
b1010010 '
b1010010 (
#1660000
1_
1?
b1000 !
b1000 ,
b1000 9
0X
1V
b1000 0
b1000 8
b1000 B
1@
b1 /
b1 3
b1 4
0Q
1O
b110 -
b110 6
b110 c
0J
1A
0G
1I
1D
b1000 $
b11 #
b11 *
b11 2
b11 ;
b11 >
b11 b
b1010011 '
b1010011 (
#1680000
b1001 !
b1001 ,
b1001 9
b1001 0
b1001 8
b1001 B
b100 /
b100 3
b100 4
b101 .
b101 7
b101 <
0@
1_
b1 -
b1 6
b1 c
1J
0A
0Q
0O
0X
0V
1?
0T
1G
0I
0N
0U
1W
0D
0L
1S
b1001 $
b100 #
b100 *
b100 2
b100 ;
b100 >
b100 b
b1010100 '
b1010100 (
#1700000
b1010 !
b1010 ,
b1010 9
b1010 0
b1010 8
b1010 B
b101 /
b101 3
b101 4
1Q
b0 -
b0 6
b0 c
0J
1A
0G
1I
1D
b1010 $
b101 #
b101 *
b101 2
b101 ;
b101 >
b101 b
b1010101 '
b1010101 (
#1720000
b1011 !
b1011 ,
b1011 9
b1011 0
b1011 8
b1011 B
0X
b100 /
b100 3
b100 4
b111 .
b111 7
b111 <
0@
b11 -
b11 6
b11 c
1J
0A
1Q
0O
1G
0I
1N
0D
1L
b1011 $
b110 #
b110 *
b110 2
b110 ;
b110 >
b110 b
b1010110 '
b1010110 (
#1740000
b1100 !
b1100 ,
b1100 9
1X
b1100 0
b1100 8
b1100 B
1@
b101 /
b101 3
b101 4
0Q
1O
b10 -
b10 6
b10 c
0J
1A
0G
1I
1D
b1100 $
b111 #
b111 *
b111 2
b111 ;
b111 >
b111 b
b1010111 '
b1010111 (
#1760000
b1101 !
b1101 ,
b1101 9
b1101 0
b1101 8
b1101 B
b0 /
b0 3
b0 4
b1101 .
b1101 7
b1101 <
0@
0`
b1101 -
b1101 6
b1101 c
1J
0A
0Q
0O
1X
0V
0?
1_
0]
1G
0I
0N
1U
0W
1\
0D
0L
0S
1Z
b1101 $
b1000 #
b1000 *
b1000 2
b1000 ;
b1000 >
b1000 b
b1011000 '
b1011000 (
#1780000
b1110 !
b1110 ,
b1110 9
b1110 0
b1110 8
b1110 B
b1 /
b1 3
b1 4
1Q
b1100 -
b1100 6
b1100 c
0J
1A
0G
1I
1D
b1110 $
b1001 #
b1001 *
b1001 2
b1001 ;
b1001 >
b1001 b
b1011001 '
b1011001 (
#1800000
0`
1_
0]
b1111 !
b1111 ,
b1111 9
0?
b1111 0
b1111 8
b1111 B
1X
0V
b0 /
b0 3
b0 4
b1111 .
b1111 7
b1111 <
0@
b1111 -
b1111 6
b1111 c
1J
0A
1Q
0O
1G
0I
1N
0D
1L
b1111 $
b1010 #
b1010 *
b1010 2
b1010 ;
b1010 >
b1010 b
b1011010 '
b1011010 (
#1820000
1`
0_
1]
1?
b10000 !
b10000 ,
b10000 9
0X
1V
b10000 0
b10000 8
b10000 B
1@
b1 /
b1 3
b1 4
0Q
1O
b1110 -
b1110 6
b1110 c
0J
1A
0G
1I
1D
b10000 $
b1011 #
b1011 *
b1011 2
b1011 ;
b1011 >
b1011 b
b1011011 '
b1011011 (
#1840000
b10001 !
b10001 ,
b10001 9
b10001 0
b10001 8
b10001 B
1`
b100 /
b100 3
b100 4
b1101 .
b1101 7
b1101 <
0@
0_
1]
b1001 -
b1001 6
b1001 c
1J
0A
0Q
0O
0X
0V
1?
0T
1G
0I
0N
0U
1W
0D
0L
1S
b10001 $
b1100 #
b1100 *
b1100 2
b1100 ;
b1100 >
b1100 b
b1011100 '
b1011100 (
#1860000
b10010 !
b10010 ,
b10010 9
b10010 0
b10010 8
b10010 B
b101 /
b101 3
b101 4
1Q
b1000 -
b1000 6
b1000 c
0J
1A
0G
1I
1D
b10010 $
b1101 #
b1101 *
b1101 2
b1101 ;
b1101 >
b1101 b
b1011101 '
b1011101 (
#1880000
b10011 !
b10011 ,
b10011 9
b10011 0
b10011 8
b10011 B
0X
b100 /
b100 3
b100 4
b1111 .
b1111 7
b1111 <
0@
b1011 -
b1011 6
b1011 c
1J
0A
1Q
0O
1G
0I
1N
0D
1L
b10011 $
b1110 #
b1110 *
b1110 2
b1110 ;
b1110 >
b1110 b
b1011110 '
b1011110 (
#1900000
b10100 !
b10100 ,
b10100 9
1X
b10100 0
b10100 8
b10100 B
1@
b101 /
b101 3
b101 4
0Q
1O
b1010 -
b1010 6
b1010 c
0J
1A
0G
1I
1D
b10100 $
b1111 #
b1111 *
b1111 2
b1111 ;
b1111 >
b1111 b
b1011111 '
b1011111 (
#1920000
b110 !
b110 ,
b110 9
0@
b110 0
b110 8
b110 B
b0 /
b0 3
b0 4
b110 .
b110 7
b110 <
1Q
0O
0`
b110 -
b110 6
b110 c
0A
1X
0V
0?
0_
0]
0I
1U
0W
0\
0C
1K
0D
0L
0S
0Z
b110 $
b110 "
b110 )
b110 1
b110 :
b110 =
b110 a
b0 #
b0 *
b0 2
b0 ;
b0 >
b0 b
b1100000 '
b1100000 (
#1940000
b111 !
b111 ,
b111 9
b111 0
b111 8
b111 B
b111 .
b111 7
b111 <
b111 -
b111 6
b111 c
1J
1G
1D
b111 $
b1 #
b1 *
b1 2
b1 ;
b1 >
b1 b
b1100001 '
b1100001 (
#1960000
b1000 !
b1000 ,
b1000 9
1_
b1000 0
b1000 8
b1000 B
1?
b10 /
b10 3
b10 4
b110 .
b110 7
b110 <
0X
1V
b100 -
b100 6
b100 c
0J
0Q
1@
0G
0N
1P
0D
1L
b1000 $
b10 #
b10 *
b10 2
b10 ;
b10 >
b10 b
b1100010 '
b1100010 (
#1980000
b1001 !
b1001 ,
b1001 9
b1001 0
b1001 8
b1001 B
b111 .
b111 7
b111 <
b101 -
b101 6
b101 c
1J
1G
1D
b1001 $
b11 #
b11 *
b11 2
b11 ;
b11 >
b11 b
b1100011 '
b1100011 (
#2000000
b1010 !
b1010 ,
b1010 9
b1010 0
b1010 8
b1010 B
b100 /
b100 3
b100 4
b110 .
b110 7
b110 <
1_
b10 -
b10 6
b10 c
0J
1Q
0@
0X
0V
1?
0T
0G
1N
0P
0U
1W
0D
0L
1S
b1010 $
b100 #
b100 *
b100 2
b100 ;
b100 >
b100 b
b1100100 '
b1100100 (
#2020000
b1011 !
b1011 ,
b1011 9
b1011 0
b1011 8
b1011 B
b111 .
b111 7
b111 <
b11 -
b11 6
b11 c
1J
1G
1D
b1011 $
b101 #
b101 *
b101 2
b101 ;
b101 >
b101 b
b1100101 '
b1100101 (
#2040000
b1100 !
b1100 ,
b1100 9
b1100 0
b1100 8
b1100 B
b110 /
b110 3
b110 4
b110 .
b110 7
b110 <
1X
b0 -
b0 6
b0 c
0J
0Q
1@
0G
0N
1P
0D
1L
b1100 $
b110 #
b110 *
b110 2
b110 ;
b110 >
b110 b
b1100110 '
b1100110 (
#2060000
b1101 !
b1101 ,
b1101 9
b1101 0
b1101 8
b1101 B
b111 .
b111 7
b111 <
b1 -
b1 6
b1 c
1J
1G
1D
b1101 $
b111 #
b111 *
b111 2
b111 ;
b111 >
b111 b
b1100111 '
b1100111 (
#2080000
b1110 !
b1110 ,
b1110 9
b1110 0
b1110 8
b1110 B
b0 /
b0 3
b0 4
b1110 .
b1110 7
b1110 <
0`
b1110 -
b1110 6
b1110 c
0J
1Q
0@
1X
0V
0?
1_
0]
0G
1N
0P
1U
0W
1\
0D
0L
0S
1Z
b1110 $
b1000 #
b1000 *
b1000 2
b1000 ;
b1000 >
b1000 b
b1101000 '
b1101000 (
#2100000
b1111 !
b1111 ,
b1111 9
b1111 0
b1111 8
b1111 B
b1111 .
b1111 7
b1111 <
b1111 -
b1111 6
b1111 c
1J
1G
1D
b1111 $
b1001 #
b1001 *
b1001 2
b1001 ;
b1001 >
b1001 b
b1101001 '
b1101001 (
#2120000
1`
b10000 !
b10000 ,
b10000 9
0_
1]
b10000 0
b10000 8
b10000 B
1?
b10 /
b10 3
b10 4
b1110 .
b1110 7
b1110 <
0X
1V
b1100 -
b1100 6
b1100 c
0J
0Q
1@
0G
0N
1P
0D
1L
b10000 $
b1010 #
b1010 *
b1010 2
b1010 ;
b1010 >
b1010 b
b1101010 '
b1101010 (
#2140000
b10001 !
b10001 ,
b10001 9
b10001 0
b10001 8
b10001 B
b1111 .
b1111 7
b1111 <
b1101 -
b1101 6
b1101 c
1J
1G
1D
b10001 $
b1011 #
b1011 *
b1011 2
b1011 ;
b1011 >
b1011 b
b1101011 '
b1101011 (
#2160000
b10010 !
b10010 ,
b10010 9
b10010 0
b10010 8
b10010 B
1`
b100 /
b100 3
b100 4
b1110 .
b1110 7
b1110 <
0_
1]
b1010 -
b1010 6
b1010 c
0J
1Q
0@
0X
0V
1?
0T
0G
1N
0P
0U
1W
0D
0L
1S
b10010 $
b1100 #
b1100 *
b1100 2
b1100 ;
b1100 >
b1100 b
b1101100 '
b1101100 (
#2180000
b10011 !
b10011 ,
b10011 9
b10011 0
b10011 8
b10011 B
b1111 .
b1111 7
b1111 <
b1011 -
b1011 6
b1011 c
1J
1G
1D
b10011 $
b1101 #
b1101 *
b1101 2
b1101 ;
b1101 >
b1101 b
b1101101 '
b1101101 (
#2200000
b10100 !
b10100 ,
b10100 9
b10100 0
b10100 8
b10100 B
b110 /
b110 3
b110 4
b1110 .
b1110 7
b1110 <
1X
b1000 -
b1000 6
b1000 c
0J
0Q
1@
0G
0N
1P
0D
1L
b10100 $
b1110 #
b1110 *
b1110 2
b1110 ;
b1110 >
b1110 b
b1101110 '
b1101110 (
#2220000
b10101 !
b10101 ,
b10101 9
b10101 0
b10101 8
b10101 B
b1111 .
b1111 7
b1111 <
b1001 -
b1001 6
b1001 c
1J
1G
1D
b10101 $
b1111 #
b1111 *
b1111 2
b1111 ;
b1111 >
b1111 b
b1101111 '
b1101111 (
#2240000
b111 !
b111 ,
b111 9
b111 0
b111 8
b111 B
b0 /
b0 3
b0 4
b111 .
b111 7
b111 <
0`
b111 -
b111 6
b111 c
1Q
0@
1X
0V
0?
0_
0]
1N
0P
1U
0W
0\
1C
0D
0L
0S
0Z
b111 $
b111 "
b111 )
b111 1
b111 :
b111 =
b111 a
b0 #
b0 *
b0 2
b0 ;
b0 >
b0 b
b1110000 '
b1110000 (
#2260000
1_
1?
b1000 !
b1000 ,
b1000 9
0X
1V
b1000 0
b1000 8
b1000 B
1@
b1 /
b1 3
b1 4
0Q
1O
b110 -
b110 6
b110 c
0J
1A
0G
1I
1D
b1000 $
b1 #
b1 *
b1 2
b1 ;
b1 >
b1 b
b1110001 '
b1110001 (
#2280000
b1001 !
b1001 ,
b1001 9
1_
b1001 0
b1001 8
b1001 B
1?
b10 /
b10 3
b10 4
0X
1V
b101 -
b101 6
b101 c
1J
0A
0Q
0O
1@
0M
1G
0I
0N
1P
0D
1L
b1001 $
b10 #
b10 *
b10 2
b10 ;
b10 >
b10 b
b1110010 '
b1110010 (
#2300000
b1010 !
b1010 ,
b1010 9
b1010 0
b1010 8
b1010 B
b11 /
b11 3
b11 4
1Q
b100 -
b100 6
b100 c
0J
1A
0G
1I
1D
b1010 $
b11 #
b11 *
b11 2
b11 ;
b11 >
b11 b
b1110011 '
b1110011 (
#2320000
b1011 !
b1011 ,
b1011 9
b1011 0
b1011 8
b1011 B
b100 /
b100 3
b100 4
1_
b11 -
b11 6
b11 c
1J
0A
1Q
0O
0@
0X
0V
1?
0T
1G
0I
1N
0P
0U
1W
0D
0L
1S
b1011 $
b100 #
b100 *
b100 2
b100 ;
b100 >
b100 b
b1110100 '
b1110100 (
#2340000
b1100 !
b1100 ,
b1100 9
1X
b1100 0
b1100 8
b1100 B
1@
b101 /
b101 3
b101 4
0Q
1O
b10 -
b10 6
b10 c
0J
1A
0G
1I
1D
b1100 $
b101 #
b101 *
b101 2
b101 ;
b101 >
b101 b
b1110101 '
b1110101 (
#2360000
b1101 !
b1101 ,
b1101 9
b1101 0
b1101 8
b1101 B
b110 /
b110 3
b110 4
1X
b1 -
b1 6
b1 c
1J
0A
0Q
0O
1@
0M
1G
0I
0N
1P
0D
1L
b1101 $
b110 #
b110 *
b110 2
b110 ;
b110 >
b110 b
b1110110 '
b1110110 (
#2380000
b1110 !
b1110 ,
b1110 9
b1110 0
b1110 8
b1110 B
b111 /
b111 3
b111 4
1Q
b0 -
b0 6
b0 c
0J
1A
0G
1I
1D
b1110 $
b111 #
b111 *
b111 2
b111 ;
b111 >
b111 b
b1110111 '
b1110111 (
#2400000
b1111 !
b1111 ,
b1111 9
b1111 0
b1111 8
b1111 B
b0 /
b0 3
b0 4
b1111 .
b1111 7
b1111 <
0`
b1111 -
b1111 6
b1111 c
1J
0A
1Q
0O
0@
1X
0V
0?
1_
0]
1G
0I
1N
0P
1U
0W
1\
0D
0L
0S
1Z
b1111 $
b1000 #
b1000 *
b1000 2
b1000 ;
b1000 >
b1000 b
b1111000 '
b1111000 (
#2420000
1`
0_
1]
1?
b10000 !
b10000 ,
b10000 9
0X
1V
b10000 0
b10000 8
b10000 B
1@
b1 /
b1 3
b1 4
0Q
1O
b1110 -
b1110 6
b1110 c
0J
1A
0G
1I
1D
b10000 $
b1001 #
b1001 *
b1001 2
b1001 ;
b1001 >
b1001 b
b1111001 '
b1111001 (
#2440000
1`
b10001 !
b10001 ,
b10001 9
0_
1]
b10001 0
b10001 8
b10001 B
1?
b10 /
b10 3
b10 4
0X
1V
b1101 -
b1101 6
b1101 c
1J
0A
0Q
0O
1@
0M
1G
0I
0N
1P
0D
1L
b10001 $
b1010 #
b1010 *
b1010 2
b1010 ;
b1010 >
b1010 b
b1111010 '
b1111010 (
#2460000
b10010 !
b10010 ,
b10010 9
b10010 0
b10010 8
b10010 B
b11 /
b11 3
b11 4
1Q
b1100 -
b1100 6
b1100 c
0J
1A
0G
1I
1D
b10010 $
b1011 #
b1011 *
b1011 2
b1011 ;
b1011 >
b1011 b
b1111011 '
b1111011 (
#2480000
b10011 !
b10011 ,
b10011 9
b10011 0
b10011 8
b10011 B
1`
b100 /
b100 3
b100 4
0_
1]
b1011 -
b1011 6
b1011 c
1J
0A
1Q
0O
0@
0X
0V
1?
0T
1G
0I
1N
0P
0U
1W
0D
0L
1S
b10011 $
b1100 #
b1100 *
b1100 2
b1100 ;
b1100 >
b1100 b
b1111100 '
b1111100 (
#2500000
b10100 !
b10100 ,
b10100 9
1X
b10100 0
b10100 8
b10100 B
1@
b101 /
b101 3
b101 4
0Q
1O
b1010 -
b1010 6
b1010 c
0J
1A
0G
1I
1D
b10100 $
b1101 #
b1101 *
b1101 2
b1101 ;
b1101 >
b1101 b
b1111101 '
b1111101 (
#2520000
b10101 !
b10101 ,
b10101 9
b10101 0
b10101 8
b10101 B
b110 /
b110 3
b110 4
1X
b1001 -
b1001 6
b1001 c
1J
0A
0Q
0O
1@
0M
1G
0I
0N
1P
0D
1L
b10101 $
b1110 #
b1110 *
b1110 2
b1110 ;
b1110 >
b1110 b
b1111110 '
b1111110 (
#2540000
b10110 !
b10110 ,
b10110 9
b10110 0
b10110 8
b10110 B
b111 /
b111 3
b111 4
1Q
b1000 -
b1000 6
b1000 c
0J
1A
0G
1I
1D
b10110 $
b1111 #
b1111 *
b1111 2
b1111 ;
b1111 >
b1111 b
b1111111 '
b1111111 (
#2560000
b1000 !
b1000 ,
b1000 9
b1000 0
b1000 8
b1000 B
0`
b0 /
b0 3
b0 4
b1000 .
b1000 7
b1000 <
0Q
0X
1_
0]
0A
0@
0?
0I
0P
0W
0C
0K
0R
1Y
0D
0L
0S
0Z
b1000 $
b1000 "
b1000 )
b1000 1
b1000 :
b1000 =
b1000 a
b0 #
b0 *
b0 2
b0 ;
b0 >
b0 b
b10000000 '
b10000000 (
#2580000
b1001 !
b1001 ,
b1001 9
b1001 0
b1001 8
b1001 B
b1001 .
b1001 7
b1001 <
b1001 -
b1001 6
b1001 c
1J
1G
1D
b1001 $
b1 #
b1 *
b1 2
b1 ;
b1 >
b1 b
b10000001 '
b10000001 (
#2600000
b1010 !
b1010 ,
b1010 9
b1010 0
b1010 8
b1010 B
b1010 .
b1010 7
b1010 <
b1010 -
b1010 6
b1010 c
0J
1Q
0G
1N
0D
1L
b1010 $
b10 #
b10 *
b10 2
b10 ;
b10 >
b10 b
b10000010 '
b10000010 (
#2620000
b1011 !
b1011 ,
b1011 9
b1011 0
b1011 8
b1011 B
b1011 .
b1011 7
b1011 <
b1011 -
b1011 6
b1011 c
1J
1G
1D
b1011 $
b11 #
b11 *
b11 2
b11 ;
b11 >
b11 b
b10000011 '
b10000011 (
#2640000
b1100 !
b1100 ,
b1100 9
b1100 0
b1100 8
b1100 B
b1100 .
b1100 7
b1100 <
b1100 -
b1100 6
b1100 c
0J
0Q
1X
0G
0N
1U
0D
0L
1S
b1100 $
b100 #
b100 *
b100 2
b100 ;
b100 >
b100 b
b10000100 '
b10000100 (
#2660000
b1101 !
b1101 ,
b1101 9
b1101 0
b1101 8
b1101 B
b1101 .
b1101 7
b1101 <
b1101 -
b1101 6
b1101 c
1J
1G
1D
b1101 $
b101 #
b101 *
b101 2
b101 ;
b101 >
b101 b
b10000101 '
b10000101 (
#2680000
b1110 !
b1110 ,
b1110 9
b1110 0
b1110 8
b1110 B
b1110 .
b1110 7
b1110 <
b1110 -
b1110 6
b1110 c
0J
1Q
0G
1N
0D
1L
b1110 $
b110 #
b110 *
b110 2
b110 ;
b110 >
b110 b
b10000110 '
b10000110 (
#2700000
b1111 !
b1111 ,
b1111 9
b1111 0
b1111 8
b1111 B
b1111 .
b1111 7
b1111 <
b1111 -
b1111 6
b1111 c
1J
1G
1D
b1111 $
b111 #
b111 *
b111 2
b111 ;
b111 >
b111 b
b10000111 '
b10000111 (
#2720000
b10000 !
b10000 ,
b10000 9
b10000 0
b10000 8
b10000 B
b1000 /
b1000 3
b1000 4
b1000 .
b1000 7
b1000 <
b0 -
b0 6
b0 c
0J
0Q
0X
0_
1`
0G
0N
0U
0\
1^
0D
0L
0S
1Z
b10000 $
b1000 #
b1000 *
b1000 2
b1000 ;
b1000 >
b1000 b
b10001000 '
b10001000 (
#2740000
b10001 !
b10001 ,
b10001 9
b10001 0
b10001 8
b10001 B
b1001 .
b1001 7
b1001 <
b1 -
b1 6
b1 c
1J
1G
1D
b10001 $
b1001 #
b1001 *
b1001 2
b1001 ;
b1001 >
b1001 b
b10001001 '
b10001001 (
#2760000
b10010 !
b10010 ,
b10010 9
b10010 0
b10010 8
b10010 B
b1010 .
b1010 7
b1010 <
b10 -
b10 6
b10 c
0J
1Q
0G
1N
0D
1L
b10010 $
b1010 #
b1010 *
b1010 2
b1010 ;
b1010 >
b1010 b
b10001010 '
b10001010 (
#2780000
b10011 !
b10011 ,
b10011 9
b10011 0
b10011 8
b10011 B
b1011 .
b1011 7
b1011 <
b11 -
b11 6
b11 c
1J
1G
1D
b10011 $
b1011 #
b1011 *
b1011 2
b1011 ;
b1011 >
b1011 b
b10001011 '
b10001011 (
#2800000
b10100 !
b10100 ,
b10100 9
b10100 0
b10100 8
b10100 B
b1100 .
b1100 7
b1100 <
b100 -
b100 6
b100 c
0J
0Q
1X
0G
0N
1U
0D
0L
1S
b10100 $
b1100 #
b1100 *
b1100 2
b1100 ;
b1100 >
b1100 b
b10001100 '
b10001100 (
#2820000
b10101 !
b10101 ,
b10101 9
b10101 0
b10101 8
b10101 B
b1101 .
b1101 7
b1101 <
b101 -
b101 6
b101 c
1J
1G
1D
b10101 $
b1101 #
b1101 *
b1101 2
b1101 ;
b1101 >
b1101 b
b10001101 '
b10001101 (
#2840000
b10110 !
b10110 ,
b10110 9
b10110 0
b10110 8
b10110 B
b1110 .
b1110 7
b1110 <
b110 -
b110 6
b110 c
0J
1Q
0G
1N
0D
1L
b10110 $
b1110 #
b1110 *
b1110 2
b1110 ;
b1110 >
b1110 b
b10001110 '
b10001110 (
#2860000
b10111 !
b10111 ,
b10111 9
b10111 0
b10111 8
b10111 B
b1111 .
b1111 7
b1111 <
b111 -
b111 6
b111 c
1J
1G
1D
b10111 $
b1111 #
b1111 *
b1111 2
b1111 ;
b1111 >
b1111 b
b10001111 '
b10001111 (
#2880000
b1001 !
b1001 ,
b1001 9
b1001 0
b1001 8
b1001 B
b0 /
b0 3
b0 4
b1001 .
b1001 7
b1001 <
b1001 -
b1001 6
b1001 c
0Q
0X
1_
0`
0N
0U
1\
0^
1C
0D
0L
0S
0Z
b1001 $
b1001 "
b1001 )
b1001 1
b1001 :
b1001 =
b1001 a
b0 #
b0 *
b0 2
b0 ;
b0 >
b0 b
b10010000 '
b10010000 (
#2900000
b1010 !
b1010 ,
b1010 9
b1010 0
b1010 8
b1010 B
b1 /
b1 3
b1 4
1Q
b1000 -
b1000 6
b1000 c
0J
1A
0G
1I
1D
b1010 $
b1 #
b1 *
b1 2
b1 ;
b1 >
b1 b
b10010001 '
b10010001 (
#2920000
b1011 !
b1011 ,
b1011 9
b1011 0
b1011 8
b1011 B
0X
b0 /
b0 3
b0 4
b1011 .
b1011 7
b1011 <
0@
b1011 -
b1011 6
b1011 c
1J
0A
1Q
0O
1G
0I
1N
0D
1L
b1011 $
b10 #
b10 *
b10 2
b10 ;
b10 >
b10 b
b10010010 '
b10010010 (
#2940000
b1100 !
b1100 ,
b1100 9
1X
b1100 0
b1100 8
b1100 B
1@
b1 /
b1 3
b1 4
0Q
1O
b1010 -
b1010 6
b1010 c
0J
1A
0G
1I
1D
b1100 $
b11 #
b11 *
b11 2
b11 ;
b11 >
b11 b
b10010011 '
b10010011 (
#2960000
b1101 !
b1101 ,
b1101 9
0`
b1101 0
b1101 8
b1101 B
1_
0]
b0 /
b0 3
b0 4
b1101 .
b1101 7
b1101 <
0@
0?
b1101 -
b1101 6
b1101 c
1J
0A
0Q
0O
1X
0V
1G
0I
0N
1U
0D
0L
1S
b1101 $
b100 #
b100 *
b100 2
b100 ;
b100 >
b100 b
b10010100 '
b10010100 (
#2980000
b1110 !
b1110 ,
b1110 9
b1110 0
b1110 8
b1110 B
b1 /
b1 3
b1 4
1Q
b1100 -
b1100 6
b1100 c
0J
1A
0G
1I
1D
b1110 $
b101 #
b101 *
b101 2
b101 ;
b101 >
b101 b
b10010101 '
b10010101 (
#3000000
0`
1_
0]
b1111 !
b1111 ,
b1111 9
0?
b1111 0
b1111 8
b1111 B
1X
0V
b0 /
b0 3
b0 4
b1111 .
b1111 7
b1111 <
0@
b1111 -
b1111 6
b1111 c
1J
0A
1Q
0O
1G
0I
1N
0D
1L
b1111 $
b110 #
b110 *
b110 2
b110 ;
b110 >
b110 b
b10010110 '
b10010110 (
#3020000
1`
0_
1]
1?
b10000 !
b10000 ,
b10000 9
0X
1V
b10000 0
b10000 8
b10000 B
1@
b1 /
b1 3
b1 4
0Q
1O
b1110 -
b1110 6
b1110 c
0J
1A
0G
1I
1D
b10000 $
b111 #
b111 *
b111 2
b111 ;
b111 >
b111 b
b10010111 '
b10010111 (
#3040000
b10001 !
b10001 ,
b10001 9
b10001 0
b10001 8
b10001 B
b1000 /
b1000 3
b1000 4
b1001 .
b1001 7
b1001 <
0@
0?
b1 -
b1 6
b1 c
1J
0A
0Q
0O
0X
0V
0_
0]
1`
0[
1G
0I
0N
0U
0\
1^
0D
0L
0S
1Z
b10001 $
b1000 #
b1000 *
b1000 2
b1000 ;
b1000 >
b1000 b
b10011000 '
b10011000 (
#3060000
b10010 !
b10010 ,
b10010 9
b10010 0
b10010 8
b10010 B
b1001 /
b1001 3
b1001 4
1Q
b0 -
b0 6
b0 c
0J
1A
0G
1I
1D
b10010 $
b1001 #
b1001 *
b1001 2
b1001 ;
b1001 >
b1001 b
b10011001 '
b10011001 (
#3080000
b10011 !
b10011 ,
b10011 9
b10011 0
b10011 8
b10011 B
0X
b1000 /
b1000 3
b1000 4
b1011 .
b1011 7
b1011 <
0@
b11 -
b11 6
b11 c
1J
0A
1Q
0O
1G
0I
1N
0D
1L
b10011 $
b1010 #
b1010 *
b1010 2
b1010 ;
b1010 >
b1010 b
b10011010 '
b10011010 (
#3100000
b10100 !
b10100 ,
b10100 9
1X
b10100 0
b10100 8
b10100 B
1@
b1001 /
b1001 3
b1001 4
0Q
1O
b10 -
b10 6
b10 c
0J
1A
0G
1I
1D
b10100 $
b1011 #
b1011 *
b1011 2
b1011 ;
b1011 >
b1011 b
b10011011 '
b10011011 (
#3120000
b10101 !
b10101 ,
b10101 9
b10101 0
b10101 8
b10101 B
0_
b1000 /
b1000 3
b1000 4
b1101 .
b1101 7
b1101 <
0@
0?
b101 -
b101 6
b101 c
1J
0A
0Q
0O
1X
0V
1G
0I
0N
1U
0D
0L
1S
b10101 $
b1100 #
b1100 *
b1100 2
b1100 ;
b1100 >
b1100 b
b10011100 '
b10011100 (
#3140000
b10110 !
b10110 ,
b10110 9
b10110 0
b10110 8
b10110 B
b1001 /
b1001 3
b1001 4
1Q
b100 -
b100 6
b100 c
0J
1A
0G
1I
1D
b10110 $
b1101 #
b1101 *
b1101 2
b1101 ;
b1101 >
b1101 b
b10011101 '
b10011101 (
#3160000
0_
b10111 !
b10111 ,
b10111 9
0?
b10111 0
b10111 8
b10111 B
1X
0V
b1000 /
b1000 3
b1000 4
b1111 .
b1111 7
b1111 <
0@
b111 -
b111 6
b111 c
1J
0A
1Q
0O
1G
0I
1N
0D
1L
b10111 $
b1110 #
b1110 *
b1110 2
b1110 ;
b1110 >
b1110 b
b10011110 '
b10011110 (
#3180000
1_
1?
b11000 !
b11000 ,
b11000 9
0X
1V
b11000 0
b11000 8
b11000 B
1@
b1001 /
b1001 3
b1001 4
0Q
1O
b110 -
b110 6
b110 c
0J
1A
0G
1I
1D
b11000 $
b1111 #
b1111 *
b1111 2
b1111 ;
b1111 >
b1111 b
b10011111 '
b10011111 (
#3200000
b1010 !
b1010 ,
b1010 9
0@
b1010 0
b1010 8
b1010 B
b0 /
b0 3
b0 4
b1010 .
b1010 7
b1010 <
1Q
0O
0?
b1010 -
b1010 6
b1010 c
0A
0X
0V
1_
0]
0`
0I
0U
1\
0^
0C
1K
0D
0L
0S
0Z
b1010 $
b1010 "
b1010 )
b1010 1
b1010 :
b1010 =
b1010 a
b0 #
b0 *
b0 2
b0 ;
b0 >
b0 b
b10100000 '
b10100000 (
#3220000
b1011 !
b1011 ,
b1011 9
b1011 0
b1011 8
b1011 B
b1011 .
b1011 7
b1011 <
b1011 -
b1011 6
b1011 c
1J
1G
1D
b1011 $
b1 #
b1 *
b1 2
b1 ;
b1 >
b1 b
b10100001 '
b10100001 (
#3240000
b1100 !
b1100 ,
b1100 9
b1100 0
b1100 8
b1100 B
b10 /
b10 3
b10 4
b1010 .
b1010 7
b1010 <
1X
b1000 -
b1000 6
b1000 c
0J
0Q
1@
0G
0N
1P
0D
1L
b1100 $
b10 #
b10 *
b10 2
b10 ;
b10 >
b10 b
b10100010 '
b10100010 (
#3260000
b1101 !
b1101 ,
b1101 9
b1101 0
b1101 8
b1101 B
b1011 .
b1011 7
b1011 <
b1001 -
b1001 6
b1001 c
1J
1G
1D
b1101 $
b11 #
b11 *
b11 2
b11 ;
b11 >
b11 b
b10100011 '
b10100011 (
#3280000
b1110 !
b1110 ,
b1110 9
0`
b1110 0
b1110 8
b1110 B
1_
0]
b0 /
b0 3
b0 4
b1110 .
b1110 7
b1110 <
0?
b1110 -
b1110 6
b1110 c
0J
1Q
0@
1X
0V
0G
1N
0P
1U
0D
0L
1S
b1110 $
b100 #
b100 *
b100 2
b100 ;
b100 >
b100 b
b10100100 '
b10100100 (
#3300000
b1111 !
b1111 ,
b1111 9
b1111 0
b1111 8
b1111 B
b1111 .
b1111 7
b1111 <
b1111 -
b1111 6
b1111 c
1J
1G
1D
b1111 $
b101 #
b101 *
b101 2
b101 ;
b101 >
b101 b
b10100101 '
b10100101 (
#3320000
1`
b10000 !
b10000 ,
b10000 9
0_
1]
b10000 0
b10000 8
b10000 B
1?
b10 /
b10 3
b10 4
b1110 .
b1110 7
b1110 <
0X
1V
b1100 -
b1100 6
b1100 c
0J
0Q
1@
0G
0N
1P
0D
1L
b10000 $
b110 #
b110 *
b110 2
b110 ;
b110 >
b110 b
b10100110 '
b10100110 (
#3340000
b10001 !
b10001 ,
b10001 9
b10001 0
b10001 8
b10001 B
b1111 .
b1111 7
b1111 <
b1101 -
b1101 6
b1101 c
1J
1G
1D
b10001 $
b111 #
b111 *
b111 2
b111 ;
b111 >
b111 b
b10100111 '
b10100111 (
#3360000
b10010 !
b10010 ,
b10010 9
b10010 0
b10010 8
b10010 B
b1000 /
b1000 3
b1000 4
b1010 .
b1010 7
b1010 <
0?
b10 -
b10 6
b10 c
0J
1Q
0@
0X
0V
0_
0]
1`
0[
0G
1N
0P
0U
0\
1^
0D
0L
0S
1Z
b10010 $
b1000 #
b1000 *
b1000 2
b1000 ;
b1000 >
b1000 b
b10101000 '
b10101000 (
#3380000
b10011 !
b10011 ,
b10011 9
b10011 0
b10011 8
b10011 B
b1011 .
b1011 7
b1011 <
b11 -
b11 6
b11 c
1J
1G
1D
b10011 $
b1001 #
b1001 *
b1001 2
b1001 ;
b1001 >
b1001 b
b10101001 '
b10101001 (
#3400000
b10100 !
b10100 ,
b10100 9
b10100 0
b10100 8
b10100 B
b1010 /
b1010 3
b1010 4
b1010 .
b1010 7
b1010 <
1X
b0 -
b0 6
b0 c
0J
0Q
1@
0G
0N
1P
0D
1L
b10100 $
b1010 #
b1010 *
b1010 2
b1010 ;
b1010 >
b1010 b
b10101010 '
b10101010 (
#3420000
b10101 !
b10101 ,
b10101 9
b10101 0
b10101 8
b10101 B
b1011 .
b1011 7
b1011 <
b1 -
b1 6
b1 c
1J
1G
1D
b10101 $
b1011 #
b1011 *
b1011 2
b1011 ;
b1011 >
b1011 b
b10101011 '
b10101011 (
#3440000
b10110 !
b10110 ,
b10110 9
b10110 0
b10110 8
b10110 B
0_
b1000 /
b1000 3
b1000 4
b1110 .
b1110 7
b1110 <
0?
b110 -
b110 6
b110 c
0J
1Q
0@
1X
0V
0G
1N
0P
1U
0D
0L
1S
b10110 $
b1100 #
b1100 *
b1100 2
b1100 ;
b1100 >
b1100 b
b10101100 '
b10101100 (
#3460000
b10111 !
b10111 ,
b10111 9
b10111 0
b10111 8
b10111 B
b1111 .
b1111 7
b1111 <
b111 -
b111 6
b111 c
1J
1G
1D
b10111 $
b1101 #
b1101 *
b1101 2
b1101 ;
b1101 >
b1101 b
b10101101 '
b10101101 (
#3480000
b11000 !
b11000 ,
b11000 9
1_
b11000 0
b11000 8
b11000 B
1?
b1010 /
b1010 3
b1010 4
b1110 .
b1110 7
b1110 <
0X
1V
b100 -
b100 6
b100 c
0J
0Q
1@
0G
0N
1P
0D
1L
b11000 $
b1110 #
b1110 *
b1110 2
b1110 ;
b1110 >
b1110 b
b10101110 '
b10101110 (
#3500000
b11001 !
b11001 ,
b11001 9
b11001 0
b11001 8
b11001 B
b1111 .
b1111 7
b1111 <
b101 -
b101 6
b101 c
1J
1G
1D
b11001 $
b1111 #
b1111 *
b1111 2
b1111 ;
b1111 >
b1111 b
b10101111 '
b10101111 (
#3520000
b1011 !
b1011 ,
b1011 9
b1011 0
b1011 8
b1011 B
b0 /
b0 3
b0 4
b1011 .
b1011 7
b1011 <
0?
b1011 -
b1011 6
b1011 c
1Q
0@
0X
0V
1_
0]
0`
1N
0P
0U
1\
0^
1C
0D
0L
0S
0Z
b1011 $
b1011 "
b1011 )
b1011 1
b1011 :
b1011 =
b1011 a
b0 #
b0 *
b0 2
b0 ;
b0 >
b0 b
b10110000 '
b10110000 (
#3540000
b1100 !
b1100 ,
b1100 9
1X
b1100 0
b1100 8
b1100 B
1@
b1 /
b1 3
b1 4
0Q
1O
b1010 -
b1010 6
b1010 c
0J
1A
0G
1I
1D
b1100 $
b1 #
b1 *
b1 2
b1 ;
b1 >
b1 b
b10110001 '
b10110001 (
#3560000
b1101 !
b1101 ,
b1101 9
b1101 0
b1101 8
b1101 B
b10 /
b10 3
b10 4
1X
b1001 -
b1001 6
b1001 c
1J
0A
0Q
0O
1@
0M
1G
0I
0N
1P
0D
1L
b1101 $
b10 #
b10 *
b10 2
b10 ;
b10 >
b10 b
b10110010 '
b10110010 (
#3580000
b1110 !
b1110 ,
b1110 9
b1110 0
b1110 8
b1110 B
b11 /
b11 3
b11 4
1Q
b1000 -
b1000 6
b1000 c
0J
1A
0G
1I
1D
b1110 $
b11 #
b11 *
b11 2
b11 ;
b11 >
b11 b
b10110011 '
b10110011 (
#3600000
b1111 !
b1111 ,
b1111 9
0`
b1111 0
b1111 8
b1111 B
1_
0]
b0 /
b0 3
b0 4
b1111 .
b1111 7
b1111 <
0?
b1111 -
b1111 6
b1111 c
1J
0A
1Q
0O
0@
1X
0V
1G
0I
1N
0P
1U
0D
0L
1S
b1111 $
b100 #
b100 *
b100 2
b100 ;
b100 >
b100 b
b10110100 '
b10110100 (
#3620000
1`
0_
1]
1?
b10000 !
b10000 ,
b10000 9
0X
1V
b10000 0
b10000 8
b10000 B
1@
b1 /
b1 3
b1 4
0Q
1O
b1110 -
b1110 6
b1110 c
0J
1A
0G
1I
1D
b10000 $
b101 #
b101 *
b101 2
b101 ;
b101 >
b101 b
b10110101 '
b10110101 (
#3640000
1`
b10001 !
b10001 ,
b10001 9
0_
1]
b10001 0
b10001 8
b10001 B
1?
b10 /
b10 3
b10 4
0X
1V
b1101 -
b1101 6
b1101 c
1J
0A
0Q
0O
1@
0M
1G
0I
0N
1P
0D
1L
b10001 $
b110 #
b110 *
b110 2
b110 ;
b110 >
b110 b
b10110110 '
b10110110 (
#3660000
b10010 !
b10010 ,
b10010 9
b10010 0
b10010 8
b10010 B
b11 /
b11 3
b11 4
1Q
b1100 -
b1100 6
b1100 c
0J
1A
0G
1I
1D
b10010 $
b111 #
b111 *
b111 2
b111 ;
b111 >
b111 b
b10110111 '
b10110111 (
#3680000
b10011 !
b10011 ,
b10011 9
b10011 0
b10011 8
b10011 B
b1000 /
b1000 3
b1000 4
b1011 .
b1011 7
b1011 <
0?
b11 -
b11 6
b11 c
1J
0A
1Q
0O
0@
0X
0V
0_
0]
1`
0[
1G
0I
1N
0P
0U
0\
1^
0D
0L
0S
1Z
b10011 $
b1000 #
b1000 *
b1000 2
b1000 ;
b1000 >
b1000 b
b10111000 '
b10111000 (
#3700000
b10100 !
b10100 ,
b10100 9
1X
b10100 0
b10100 8
b10100 B
1@
b1001 /
b1001 3
b1001 4
0Q
1O
b10 -
b10 6
b10 c
0J
1A
0G
1I
1D
b10100 $
b1001 #
b1001 *
b1001 2
b1001 ;
b1001 >
b1001 b
b10111001 '
b10111001 (
#3720000
b10101 !
b10101 ,
b10101 9
b10101 0
b10101 8
b10101 B
b1010 /
b1010 3
b1010 4
1X
b1 -
b1 6
b1 c
1J
0A
0Q
0O
1@
0M
1G
0I
0N
1P
0D
1L
b10101 $
b1010 #
b1010 *
b1010 2
b1010 ;
b1010 >
b1010 b
b10111010 '
b10111010 (
#3740000
b10110 !
b10110 ,
b10110 9
b10110 0
b10110 8
b10110 B
b1011 /
b1011 3
b1011 4
1Q
b0 -
b0 6
b0 c
0J
1A
0G
1I
1D
b10110 $
b1011 #
b1011 *
b1011 2
b1011 ;
b1011 >
b1011 b
b10111011 '
b10111011 (
#3760000
b10111 !
b10111 ,
b10111 9
b10111 0
b10111 8
b10111 B
0_
b1000 /
b1000 3
b1000 4
b1111 .
b1111 7
b1111 <
0?
b111 -
b111 6
b111 c
1J
0A
1Q
0O
0@
1X
0V
1G
0I
1N
0P
1U
0D
0L
1S
b10111 $
b1100 #
b1100 *
b1100 2
b1100 ;
b1100 >
b1100 b
b10111100 '
b10111100 (
#3780000
1_
1?
b11000 !
b11000 ,
b11000 9
0X
1V
b11000 0
b11000 8
b11000 B
1@
b1001 /
b1001 3
b1001 4
0Q
1O
b110 -
b110 6
b110 c
0J
1A
0G
1I
1D
b11000 $
b1101 #
b1101 *
b1101 2
b1101 ;
b1101 >
b1101 b
b10111101 '
b10111101 (
#3800000
b11001 !
b11001 ,
b11001 9
1_
b11001 0
b11001 8
b11001 B
1?
b1010 /
b1010 3
b1010 4
0X
1V
b101 -
b101 6
b101 c
1J
0A
0Q
0O
1@
0M
1G
0I
0N
1P
0D
1L
b11001 $
b1110 #
b1110 *
b1110 2
b1110 ;
b1110 >
b1110 b
b10111110 '
b10111110 (
#3820000
b11010 !
b11010 ,
b11010 9
b11010 0
b11010 8
b11010 B
b1011 /
b1011 3
b1011 4
1Q
b100 -
b100 6
b100 c
0J
1A
0G
1I
1D
b11010 $
b1111 #
b1111 *
b1111 2
b1111 ;
b1111 >
b1111 b
b10111111 '
b10111111 (
#3840000
b1100 !
b1100 ,
b1100 9
0?
b1100 0
b1100 8
b1100 B
b0 /
b0 3
b0 4
b1100 .
b1100 7
b1100 <
0Q
1X
0V
b1100 -
b1100 6
b1100 c
0A
0@
1_
0]
0`
0I
0P
1\
0^
0C
0K
1R
0D
0L
0S
0Z
b1100 $
b1100 "
b1100 )
b1100 1
b1100 :
b1100 =
b1100 a
b0 #
b0 *
b0 2
b0 ;
b0 >
b0 b
b11000000 '
b11000000 (
#3860000
b1101 !
b1101 ,
b1101 9
b1101 0
b1101 8
b1101 B
b1101 .
b1101 7
b1101 <
b1101 -
b1101 6
b1101 c
1J
1G
1D
b1101 $
b1 #
b1 *
b1 2
b1 ;
b1 >
b1 b
b11000001 '
b11000001 (
#3880000
b1110 !
b1110 ,
b1110 9
b1110 0
b1110 8
b1110 B
b1110 .
b1110 7
b1110 <
b1110 -
b1110 6
b1110 c
0J
1Q
0G
1N
0D
1L
b1110 $
b10 #
b10 *
b10 2
b10 ;
b10 >
b10 b
b11000010 '
b11000010 (
#3900000
b1111 !
b1111 ,
b1111 9
b1111 0
b1111 8
b1111 B
b1111 .
b1111 7
b1111 <
b1111 -
b1111 6
b1111 c
1J
1G
1D
b1111 $
b11 #
b11 *
b11 2
b11 ;
b11 >
b11 b
b11000011 '
b11000011 (
#3920000
b10000 !
b10000 ,
b10000 9
b10000 0
b10000 8
b10000 B
1`
b100 /
b100 3
b100 4
b1100 .
b1100 7
b1100 <
0_
1]
b1000 -
b1000 6
b1000 c
0J
0Q
0X
1?
0G
0N
0U
1W
0D
0L
1S
b10000 $
b100 #
b100 *
b100 2
b100 ;
b100 >
b100 b
b11000100 '
b11000100 (
#3940000
b10001 !
b10001 ,
b10001 9
b10001 0
b10001 8
b10001 B
b1101 .
b1101 7
b1101 <
b1001 -
b1001 6
b1001 c
1J
1G
1D
b10001 $
b101 #
b101 *
b101 2
b101 ;
b101 >
b101 b
b11000101 '
b11000101 (
#3960000
b10010 !
b10010 ,
b10010 9
b10010 0
b10010 8
b10010 B
b1110 .
b1110 7
b1110 <
b1010 -
b1010 6
b1010 c
0J
1Q
0G
1N
0D
1L
b10010 $
b110 #
b110 *
b110 2
b110 ;
b110 >
b110 b
b11000110 '
b11000110 (
#3980000
b10011 !
b10011 ,
b10011 9
b10011 0
b10011 8
b10011 B
b1111 .
b1111 7
b1111 <
b1011 -
b1011 6
b1011 c
1J
1G
1D
b10011 $
b111 #
b111 *
b111 2
b111 ;
b111 >
b111 b
b11000111 '
b11000111 (
#4000000
b10100 !
b10100 ,
b10100 9
b10100 0
b10100 8
b10100 B
b1000 /
b1000 3
b1000 4
b1100 .
b1100 7
b1100 <
b100 -
b100 6
b100 c
0J
0Q
1X
0?
0_
0]
1`
0[
0G
0N
1U
0W
0\
1^
0D
0L
0S
1Z
b10100 $
b1000 #
b1000 *
b1000 2
b1000 ;
b1000 >
b1000 b
b11001000 '
b11001000 (
#4020000
b10101 !
b10101 ,
b10101 9
b10101 0
b10101 8
b10101 B
b1101 .
b1101 7
b1101 <
b101 -
b101 6
b101 c
1J
1G
1D
b10101 $
b1001 #
b1001 *
b1001 2
b1001 ;
b1001 >
b1001 b
b11001001 '
b11001001 (
#4040000
b10110 !
b10110 ,
b10110 9
b10110 0
b10110 8
b10110 B
b1110 .
b1110 7
b1110 <
b110 -
b110 6
b110 c
0J
1Q
0G
1N
0D
1L
b10110 $
b1010 #
b1010 *
b1010 2
b1010 ;
b1010 >
b1010 b
b11001010 '
b11001010 (
#4060000
b10111 !
b10111 ,
b10111 9
b10111 0
b10111 8
b10111 B
b1111 .
b1111 7
b1111 <
b111 -
b111 6
b111 c
1J
1G
1D
b10111 $
b1011 #
b1011 *
b1011 2
b1011 ;
b1011 >
b1011 b
b11001011 '
b11001011 (
#4080000
b11000 !
b11000 ,
b11000 9
b11000 0
b11000 8
b11000 B
b1100 /
b1100 3
b1100 4
b1100 .
b1100 7
b1100 <
1_
b0 -
b0 6
b0 c
0J
0Q
0X
1?
0G
0N
0U
1W
0D
0L
1S
b11000 $
b1100 #
b1100 *
b1100 2
b1100 ;
b1100 >
b1100 b
b11001100 '
b11001100 (
#4100000
b11001 !
b11001 ,
b11001 9
b11001 0
b11001 8
b11001 B
b1101 .
b1101 7
b1101 <
b1 -
b1 6
b1 c
1J
1G
1D
b11001 $
b1101 #
b1101 *
b1101 2
b1101 ;
b1101 >
b1101 b
b11001101 '
b11001101 (
#4120000
b11010 !
b11010 ,
b11010 9
b11010 0
b11010 8
b11010 B
b1110 .
b1110 7
b1110 <
b10 -
b10 6
b10 c
0J
1Q
0G
1N
0D
1L
b11010 $
b1110 #
b1110 *
b1110 2
b1110 ;
b1110 >
b1110 b
b11001110 '
b11001110 (
#4140000
b11011 !
b11011 ,
b11011 9
b11011 0
b11011 8
b11011 B
b1111 .
b1111 7
b1111 <
b11 -
b11 6
b11 c
1J
1G
1D
b11011 $
b1111 #
b1111 *
b1111 2
b1111 ;
b1111 >
b1111 b
b11001111 '
b11001111 (
#4160000
b1101 !
b1101 ,
b1101 9
b1101 0
b1101 8
b1101 B
b0 /
b0 3
b0 4
b1101 .
b1101 7
b1101 <
b1101 -
b1101 6
b1101 c
0Q
1X
0?
1_
0]
0`
0N
1U
0W
1\
0^
1C
0D
0L
0S
0Z
b1101 $
b1101 "
b1101 )
b1101 1
b1101 :
b1101 =
b1101 a
b0 #
b0 *
b0 2
b0 ;
b0 >
b0 b
b11010000 '
b11010000 (
#4180000
b1110 !
b1110 ,
b1110 9
b1110 0
b1110 8
b1110 B
b1 /
b1 3
b1 4
1Q
b1100 -
b1100 6
b1100 c
0J
1A
0G
1I
1D
b1110 $
b1 #
b1 *
b1 2
b1 ;
b1 >
b1 b
b11010001 '
b11010001 (
#4200000
0`
1_
0]
b1111 !
b1111 ,
b1111 9
0?
b1111 0
b1111 8
b1111 B
1X
0V
b0 /
b0 3
b0 4
b1111 .
b1111 7
b1111 <
0@
b1111 -
b1111 6
b1111 c
1J
0A
1Q
0O
1G
0I
1N
0D
1L
b1111 $
b10 #
b10 *
b10 2
b10 ;
b10 >
b10 b
b11010010 '
b11010010 (
#4220000
1`
0_
1]
1?
b10000 !
b10000 ,
b10000 9
0X
1V
b10000 0
b10000 8
b10000 B
1@
b1 /
b1 3
b1 4
0Q
1O
b1110 -
b1110 6
b1110 c
0J
1A
0G
1I
1D
b10000 $
b11 #
b11 *
b11 2
b11 ;
b11 >
b11 b
b11010011 '
b11010011 (
#4240000
b10001 !
b10001 ,
b10001 9
b10001 0
b10001 8
b10001 B
1`
b100 /
b100 3
b100 4
b1101 .
b1101 7
b1101 <
0@
0_
1]
b1001 -
b1001 6
b1001 c
1J
0A
0Q
0O
0X
0V
1?
0T
1G
0I
0N
0U
1W
0D
0L
1S
b10001 $
b100 #
b100 *
b100 2
b100 ;
b100 >
b100 b
b11010100 '
b11010100 (
#4260000
b10010 !
b10010 ,
b10010 9
b10010 0
b10010 8
b10010 B
b101 /
b101 3
b101 4
1Q
b1000 -
b1000 6
b1000 c
0J
1A
0G
1I
1D
b10010 $
b101 #
b101 *
b101 2
b101 ;
b101 >
b101 b
b11010101 '
b11010101 (
#4280000
b10011 !
b10011 ,
b10011 9
b10011 0
b10011 8
b10011 B
0X
b100 /
b100 3
b100 4
b1111 .
b1111 7
b1111 <
0@
b1011 -
b1011 6
b1011 c
1J
0A
1Q
0O
1G
0I
1N
0D
1L
b10011 $
b110 #
b110 *
b110 2
b110 ;
b110 >
b110 b
b11010110 '
b11010110 (
#4300000
b10100 !
b10100 ,
b10100 9
1X
b10100 0
b10100 8
b10100 B
1@
b101 /
b101 3
b101 4
0Q
1O
b1010 -
b1010 6
b1010 c
0J
1A
0G
1I
1D
b10100 $
b111 #
b111 *
b111 2
b111 ;
b111 >
b111 b
b11010111 '
b11010111 (
#4320000
b10101 !
b10101 ,
b10101 9
b10101 0
b10101 8
b10101 B
b1000 /
b1000 3
b1000 4
b1101 .
b1101 7
b1101 <
0@
b101 -
b101 6
b101 c
1J
0A
0Q
0O
1X
0V
0?
0_
0]
1`
0[
1G
0I
0N
1U
0W
0\
1^
0D
0L
0S
1Z
b10101 $
b1000 #
b1000 *
b1000 2
b1000 ;
b1000 >
b1000 b
b11011000 '
b11011000 (
#4340000
b10110 !
b10110 ,
b10110 9
b10110 0
b10110 8
b10110 B
b1001 /
b1001 3
b1001 4
1Q
b100 -
b100 6
b100 c
0J
1A
0G
1I
1D
b10110 $
b1001 #
b1001 *
b1001 2
b1001 ;
b1001 >
b1001 b
b11011001 '
b11011001 (
#4360000
0_
b10111 !
b10111 ,
b10111 9
0?
b10111 0
b10111 8
b10111 B
1X
0V
b1000 /
b1000 3
b1000 4
b1111 .
b1111 7
b1111 <
0@
b111 -
b111 6
b111 c
1J
0A
1Q
0O
1G
0I
1N
0D
1L
b10111 $
b1010 #
b1010 *
b1010 2
b1010 ;
b1010 >
b1010 b
b11011010 '
b11011010 (
#4380000
1_
1?
b11000 !
b11000 ,
b11000 9
0X
1V
b11000 0
b11000 8
b11000 B
1@
b1001 /
b1001 3
b1001 4
0Q
1O
b110 -
b110 6
b110 c
0J
1A
0G
1I
1D
b11000 $
b1011 #
b1011 *
b1011 2
b1011 ;
b1011 >
b1011 b
b11011011 '
b11011011 (
#4400000
b11001 !
b11001 ,
b11001 9
b11001 0
b11001 8
b11001 B
b1100 /
b1100 3
b1100 4
b1101 .
b1101 7
b1101 <
0@
1_
b1 -
b1 6
b1 c
1J
0A
0Q
0O
0X
0V
1?
0T
1G
0I
0N
0U
1W
0D
0L
1S
b11001 $
b1100 #
b1100 *
b1100 2
b1100 ;
b1100 >
b1100 b
b11011100 '
b11011100 (
#4420000
b11010 !
b11010 ,
b11010 9
b11010 0
b11010 8
b11010 B
b1101 /
b1101 3
b1101 4
1Q
b0 -
b0 6
b0 c
0J
1A
0G
1I
1D
b11010 $
b1101 #
b1101 *
b1101 2
b1101 ;
b1101 >
b1101 b
b11011101 '
b11011101 (
#4440000
b11011 !
b11011 ,
b11011 9
b11011 0
b11011 8
b11011 B
0X
b1100 /
b1100 3
b1100 4
b1111 .
b1111 7
b1111 <
0@
b11 -
b11 6
b11 c
1J
0A
1Q
0O
1G
0I
1N
0D
1L
b11011 $
b1110 #
b1110 *
b1110 2
b1110 ;
b1110 >
b1110 b
b11011110 '
b11011110 (
#4460000
b11100 !
b11100 ,
b11100 9
1X
b11100 0
b11100 8
b11100 B
1@
b1101 /
b1101 3
b1101 4
0Q
1O
b10 -
b10 6
b10 c
0J
1A
0G
1I
1D
b11100 $
b1111 #
b1111 *
b1111 2
b1111 ;
b1111 >
b1111 b
b11011111 '
b11011111 (
#4480000
b1110 !
b1110 ,
b1110 9
0@
b1110 0
b1110 8
b1110 B
b0 /
b0 3
b0 4
b1110 .
b1110 7
b1110 <
1Q
0O
b1110 -
b1110 6
b1110 c
0A
1X
0V
0?
1_
0]
0`
0I
1U
0W
1\
0^
0C
1K
0D
0L
0S
0Z
b1110 $
b1110 "
b1110 )
b1110 1
b1110 :
b1110 =
b1110 a
b0 #
b0 *
b0 2
b0 ;
b0 >
b0 b
b11100000 '
b11100000 (
#4500000
b1111 !
b1111 ,
b1111 9
b1111 0
b1111 8
b1111 B
b1111 .
b1111 7
b1111 <
b1111 -
b1111 6
b1111 c
1J
1G
1D
b1111 $
b1 #
b1 *
b1 2
b1 ;
b1 >
b1 b
b11100001 '
b11100001 (
#4520000
1`
b10000 !
b10000 ,
b10000 9
0_
1]
b10000 0
b10000 8
b10000 B
1?
b10 /
b10 3
b10 4
b1110 .
b1110 7
b1110 <
0X
1V
b1100 -
b1100 6
b1100 c
0J
0Q
1@
0G
0N
1P
0D
1L
b10000 $
b10 #
b10 *
b10 2
b10 ;
b10 >
b10 b
b11100010 '
b11100010 (
#4540000
b10001 !
b10001 ,
b10001 9
b10001 0
b10001 8
b10001 B
b1111 .
b1111 7
b1111 <
b1101 -
b1101 6
b1101 c
1J
1G
1D
b10001 $
b11 #
b11 *
b11 2
b11 ;
b11 >
b11 b
b11100011 '
b11100011 (
#4560000
b10010 !
b10010 ,
b10010 9
b10010 0
b10010 8
b10010 B
1`
b100 /
b100 3
b100 4
b1110 .
b1110 7
b1110 <
0_
1]
b1010 -
b1010 6
b1010 c
0J
1Q
0@
0X
0V
1?
0T
0G
1N
0P
0U
1W
0D
0L
1S
b10010 $
b100 #
b100 *
b100 2
b100 ;
b100 >
b100 b
b11100100 '
b11100100 (
#4580000
b10011 !
b10011 ,
b10011 9
b10011 0
b10011 8
b10011 B
b1111 .
b1111 7
b1111 <
b1011 -
b1011 6
b1011 c
1J
1G
1D
b10011 $
b101 #
b101 *
b101 2
b101 ;
b101 >
b101 b
b11100101 '
b11100101 (
#4600000
b10100 !
b10100 ,
b10100 9
b10100 0
b10100 8
b10100 B
b110 /
b110 3
b110 4
b1110 .
b1110 7
b1110 <
1X
b1000 -
b1000 6
b1000 c
0J
0Q
1@
0G
0N
1P
0D
1L
b10100 $
b110 #
b110 *
b110 2
b110 ;
b110 >
b110 b
b11100110 '
b11100110 (
#4620000
b10101 !
b10101 ,
b10101 9
b10101 0
b10101 8
b10101 B
b1111 .
b1111 7
b1111 <
b1001 -
b1001 6
b1001 c
1J
1G
1D
b10101 $
b111 #
b111 *
b111 2
b111 ;
b111 >
b111 b
b11100111 '
b11100111 (
#4640000
b10110 !
b10110 ,
b10110 9
b10110 0
b10110 8
b10110 B
b1000 /
b1000 3
b1000 4
b1110 .
b1110 7
b1110 <
b110 -
b110 6
b110 c
0J
1Q
0@
1X
0V
0?
0_
0]
1`
0[
0G
1N
0P
1U
0W
0\
1^
0D
0L
0S
1Z
b10110 $
b1000 #
b1000 *
b1000 2
b1000 ;
b1000 >
b1000 b
b11101000 '
b11101000 (
#4660000
b10111 !
b10111 ,
b10111 9
b10111 0
b10111 8
b10111 B
b1111 .
b1111 7
b1111 <
b111 -
b111 6
b111 c
1J
1G
1D
b10111 $
b1001 #
b1001 *
b1001 2
b1001 ;
b1001 >
b1001 b
b11101001 '
b11101001 (
#4680000
b11000 !
b11000 ,
b11000 9
1_
b11000 0
b11000 8
b11000 B
1?
b1010 /
b1010 3
b1010 4
b1110 .
b1110 7
b1110 <
0X
1V
b100 -
b100 6
b100 c
0J
0Q
1@
0G
0N
1P
0D
1L
b11000 $
b1010 #
b1010 *
b1010 2
b1010 ;
b1010 >
b1010 b
b11101010 '
b11101010 (
#4700000
b11001 !
b11001 ,
b11001 9
b11001 0
b11001 8
b11001 B
b1111 .
b1111 7
b1111 <
b101 -
b101 6
b101 c
1J
1G
1D
b11001 $
b1011 #
b1011 *
b1011 2
b1011 ;
b1011 >
b1011 b
b11101011 '
b11101011 (
#4720000
b11010 !
b11010 ,
b11010 9
b11010 0
b11010 8
b11010 B
b1100 /
b1100 3
b1100 4
b1110 .
b1110 7
b1110 <
1_
b10 -
b10 6
b10 c
0J
1Q
0@
0X
0V
1?
0T
0G
1N
0P
0U
1W
0D
0L
1S
b11010 $
b1100 #
b1100 *
b1100 2
b1100 ;
b1100 >
b1100 b
b11101100 '
b11101100 (
#4740000
b11011 !
b11011 ,
b11011 9
b11011 0
b11011 8
b11011 B
b1111 .
b1111 7
b1111 <
b11 -
b11 6
b11 c
1J
1G
1D
b11011 $
b1101 #
b1101 *
b1101 2
b1101 ;
b1101 >
b1101 b
b11101101 '
b11101101 (
#4760000
b11100 !
b11100 ,
b11100 9
b11100 0
b11100 8
b11100 B
b1110 /
b1110 3
b1110 4
b1110 .
b1110 7
b1110 <
1X
b0 -
b0 6
b0 c
0J
0Q
1@
0G
0N
1P
0D
1L
b11100 $
b1110 #
b1110 *
b1110 2
b1110 ;
b1110 >
b1110 b
b11101110 '
b11101110 (
#4780000
b11101 !
b11101 ,
b11101 9
b11101 0
b11101 8
b11101 B
b1111 .
b1111 7
b1111 <
b1 -
b1 6
b1 c
1J
1G
1D
b11101 $
b1111 #
b1111 *
b1111 2
b1111 ;
b1111 >
b1111 b
b11101111 '
b11101111 (
#4800000
b1111 !
b1111 ,
b1111 9
b1111 0
b1111 8
b1111 B
b0 /
b0 3
b0 4
b1111 -
b1111 6
b1111 c
1Q
0@
1X
0V
0?
1_
0]
0`
1N
0P
1U
0W
1\
0^
1C
0D
0L
0S
0Z
b1111 $
b1111 "
b1111 )
b1111 1
b1111 :
b1111 =
b1111 a
b0 #
b0 *
b0 2
b0 ;
b0 >
b0 b
b11110000 '
b11110000 (
#4820000
1`
0_
1]
1?
b10000 !
b10000 ,
b10000 9
0X
1V
b10000 0
b10000 8
b10000 B
1@
b1 /
b1 3
b1 4
0Q
1O
b1110 -
b1110 6
b1110 c
0J
1A
0G
1I
1D
b10000 $
b1 #
b1 *
b1 2
b1 ;
b1 >
b1 b
b11110001 '
b11110001 (
#4840000
1`
b10001 !
b10001 ,
b10001 9
0_
1]
b10001 0
b10001 8
b10001 B
1?
b10 /
b10 3
b10 4
0X
1V
b1101 -
b1101 6
b1101 c
1J
0A
0Q
0O
1@
0M
1G
0I
0N
1P
0D
1L
b10001 $
b10 #
b10 *
b10 2
b10 ;
b10 >
b10 b
b11110010 '
b11110010 (
#4860000
b10010 !
b10010 ,
b10010 9
b10010 0
b10010 8
b10010 B
b11 /
b11 3
b11 4
1Q
b1100 -
b1100 6
b1100 c
0J
1A
0G
1I
1D
b10010 $
b11 #
b11 *
b11 2
b11 ;
b11 >
b11 b
b11110011 '
b11110011 (
#4880000
b10011 !
b10011 ,
b10011 9
b10011 0
b10011 8
b10011 B
1`
b100 /
b100 3
b100 4
0_
1]
b1011 -
b1011 6
b1011 c
1J
0A
1Q
0O
0@
0X
0V
1?
0T
1G
0I
1N
0P
0U
1W
0D
0L
1S
b10011 $
b100 #
b100 *
b100 2
b100 ;
b100 >
b100 b
b11110100 '
b11110100 (
#4900000
b10100 !
b10100 ,
b10100 9
1X
b10100 0
b10100 8
b10100 B
1@
b101 /
b101 3
b101 4
0Q
1O
b1010 -
b1010 6
b1010 c
0J
1A
0G
1I
1D
b10100 $
b101 #
b101 *
b101 2
b101 ;
b101 >
b101 b
b11110101 '
b11110101 (
#4920000
b10101 !
b10101 ,
b10101 9
b10101 0
b10101 8
b10101 B
b110 /
b110 3
b110 4
1X
b1001 -
b1001 6
b1001 c
1J
0A
0Q
0O
1@
0M
1G
0I
0N
1P
0D
1L
b10101 $
b110 #
b110 *
b110 2
b110 ;
b110 >
b110 b
b11110110 '
b11110110 (
#4940000
b10110 !
b10110 ,
b10110 9
b10110 0
b10110 8
b10110 B
b111 /
b111 3
b111 4
1Q
b1000 -
b1000 6
b1000 c
0J
1A
0G
1I
1D
b10110 $
b111 #
b111 *
b111 2
b111 ;
b111 >
b111 b
b11110111 '
b11110111 (
#4960000
b10111 !
b10111 ,
b10111 9
b10111 0
b10111 8
b10111 B
b1000 /
b1000 3
b1000 4
b111 -
b111 6
b111 c
1J
0A
1Q
0O
0@
1X
0V
0?
0_
0]
1`
0[
1G
0I
1N
0P
1U
0W
0\
1^
0D
0L
0S
1Z
b10111 $
b1000 #
b1000 *
b1000 2
b1000 ;
b1000 >
b1000 b
b11111000 '
b11111000 (
#4980000
1_
1?
b11000 !
b11000 ,
b11000 9
0X
1V
b11000 0
b11000 8
b11000 B
1@
b1001 /
b1001 3
b1001 4
0Q
1O
b110 -
b110 6
b110 c
0J
1A
0G
1I
1D
b11000 $
b1001 #
b1001 *
b1001 2
b1001 ;
b1001 >
b1001 b
b11111001 '
b11111001 (
#5000000
b11001 !
b11001 ,
b11001 9
1_
b11001 0
b11001 8
b11001 B
1?
b1010 /
b1010 3
b1010 4
0X
1V
b101 -
b101 6
b101 c
1J
0A
0Q
0O
1@
0M
1G
0I
0N
1P
0D
1L
b11001 $
b1010 #
b1010 *
b1010 2
b1010 ;
b1010 >
b1010 b
b11111010 '
b11111010 (
#5020000
b11010 !
b11010 ,
b11010 9
b11010 0
b11010 8
b11010 B
b1011 /
b1011 3
b1011 4
1Q
b100 -
b100 6
b100 c
0J
1A
0G
1I
1D
b11010 $
b1011 #
b1011 *
b1011 2
b1011 ;
b1011 >
b1011 b
b11111011 '
b11111011 (
#5040000
b11011 !
b11011 ,
b11011 9
b11011 0
b11011 8
b11011 B
b1100 /
b1100 3
b1100 4
1_
b11 -
b11 6
b11 c
1J
0A
1Q
0O
0@
0X
0V
1?
0T
1G
0I
1N
0P
0U
1W
0D
0L
1S
b11011 $
b1100 #
b1100 *
b1100 2
b1100 ;
b1100 >
b1100 b
b11111100 '
b11111100 (
#5060000
b11100 !
b11100 ,
b11100 9
1X
b11100 0
b11100 8
b11100 B
1@
b1101 /
b1101 3
b1101 4
0Q
1O
b10 -
b10 6
b10 c
0J
1A
0G
1I
1D
b11100 $
b1101 #
b1101 *
b1101 2
b1101 ;
b1101 >
b1101 b
b11111101 '
b11111101 (
#5080000
b11101 !
b11101 ,
b11101 9
b11101 0
b11101 8
b11101 B
b1110 /
b1110 3
b1110 4
1X
b1 -
b1 6
b1 c
1J
0A
0Q
0O
1@
0M
1G
0I
0N
1P
0D
1L
b11101 $
b1110 #
b1110 *
b1110 2
b1110 ;
b1110 >
b1110 b
b11111110 '
b11111110 (
#5100000
b11110 !
b11110 ,
b11110 9
b11110 0
b11110 8
b11110 B
b1111 /
b1111 3
b1111 4
1Q
b0 -
b0 6
b0 c
0J
1A
0G
1I
1D
b11110 $
b1111 #
b1111 *
b1111 2
b1111 ;
b1111 >
b1111 b
b11111111 '
b11111111 (
#5120000
b0 0
b0 8
b0 B
b0 /
b0 3
b0 4
b0 .
b0 7
b0 <
0Q
0X
0_
0A
0@
0?
0`
0I
0P
0W
0^
0C
0K
0R
0Y
0D
0L
0S
0Z
b0 !
b0 ,
b0 9
b0 $
b0 "
b0 )
b0 1
b0 :
b0 =
b0 a
b0 #
b0 *
b0 2
b0 ;
b0 >
b0 b
b1 %
b1 +
b1 5
b0 '
b100000000 (
#5140000
b1 0
b1 8
b1 B
b1 .
b1 7
b1 <
b1 -
b1 6
b1 c
1J
1G
1D
b1 #
b1 *
b1 2
b1 ;
b1 >
b1 b
b1 '
b100000001 (
#5160000
b10 0
b10 8
b10 B
b10 .
b10 7
b10 <
b10 -
b10 6
b10 c
0J
1Q
0G
1N
0D
1L
b10 #
b10 *
b10 2
b10 ;
b10 >
b10 b
b10 '
b100000010 (
#5180000
b11 0
b11 8
b11 B
b11 .
b11 7
b11 <
b11 -
b11 6
b11 c
1J
1G
1D
b11 #
b11 *
b11 2
b11 ;
b11 >
b11 b
b11 '
b100000011 (
#5200000
b100 0
b100 8
b100 B
b100 .
b100 7
b100 <
b100 -
b100 6
b100 c
0J
0Q
1X
0G
0N
1U
0D
0L
1S
b100 #
b100 *
b100 2
b100 ;
b100 >
b100 b
b100 '
b100000100 (
#5220000
b101 0
b101 8
b101 B
b101 .
b101 7
b101 <
b101 -
b101 6
b101 c
1J
1G
1D
b101 #
b101 *
b101 2
b101 ;
b101 >
b101 b
b101 '
b100000101 (
#5240000
b110 0
b110 8
b110 B
b110 .
b110 7
b110 <
b110 -
b110 6
b110 c
0J
1Q
0G
1N
0D
1L
b110 #
b110 *
b110 2
b110 ;
b110 >
b110 b
b110 '
b100000110 (
#5260000
b111 0
b111 8
b111 B
b111 .
b111 7
b111 <
b111 -
b111 6
b111 c
1J
1G
1D
b111 #
b111 *
b111 2
b111 ;
b111 >
b111 b
b111 '
b100000111 (
#5280000
b1000 0
b1000 8
b1000 B
b1000 .
b1000 7
b1000 <
b1000 -
b1000 6
b1000 c
0J
0Q
0X
1_
0G
0N
0U
1\
0D
0L
0S
1Z
b1000 #
b1000 *
b1000 2
b1000 ;
b1000 >
b1000 b
b1000 '
b100001000 (
#5300000
b1001 0
b1001 8
b1001 B
b1001 .
b1001 7
b1001 <
b1001 -
b1001 6
b1001 c
1J
1G
1D
b1001 #
b1001 *
b1001 2
b1001 ;
b1001 >
b1001 b
b1001 '
b100001001 (
#5320000
b1010 0
b1010 8
b1010 B
b1010 .
b1010 7
b1010 <
b1010 -
b1010 6
b1010 c
0J
1Q
0G
1N
0D
1L
b1010 #
b1010 *
b1010 2
b1010 ;
b1010 >
b1010 b
b1010 '
b100001010 (
#5340000
b1011 0
b1011 8
b1011 B
b1011 .
b1011 7
b1011 <
b1011 -
b1011 6
b1011 c
1J
1G
1D
b1011 #
b1011 *
b1011 2
b1011 ;
b1011 >
b1011 b
b1011 '
b100001011 (
#5360000
b1100 0
b1100 8
b1100 B
b1100 .
b1100 7
b1100 <
b1100 -
b1100 6
b1100 c
0J
0Q
1X
0G
0N
1U
0D
0L
1S
b1100 #
b1100 *
b1100 2
b1100 ;
b1100 >
b1100 b
b1100 '
b100001100 (
#5380000
b1101 0
b1101 8
b1101 B
b1101 .
b1101 7
b1101 <
b1101 -
b1101 6
b1101 c
1J
1G
1D
b1101 #
b1101 *
b1101 2
b1101 ;
b1101 >
b1101 b
b1101 '
b100001101 (
#5400000
b1110 0
b1110 8
b1110 B
b1110 .
b1110 7
b1110 <
b1110 -
b1110 6
b1110 c
0J
1Q
0G
1N
0D
1L
b1110 #
b1110 *
b1110 2
b1110 ;
b1110 >
b1110 b
b1110 '
b100001110 (
#5420000
b1111 0
b1111 8
b1111 B
b1111 .
b1111 7
b1111 <
b1111 -
b1111 6
b1111 c
1J
1G
1D
b1111 #
b1111 *
b1111 2
b1111 ;
b1111 >
b1111 b
b1111 '
b100001111 (
#5440000
b1 0
b1 8
b1 B
b1 .
b1 7
b1 <
b1 -
b1 6
b1 c
0Q
0X
0_
0N
0U
0\
1C
0D
0L
0S
0Z
b1 "
b1 )
b1 1
b1 :
b1 =
b1 a
b0 #
b0 *
b0 2
b0 ;
b0 >
b0 b
b10000 '
b100010000 (
#5460000
b10 0
b10 8
b10 B
b1 !
b1 ,
b1 9
b1 /
b1 3
b1 4
1Q
b0 -
b0 6
b0 c
0J
1A
0G
1I
1D
b1 $
b1 #
b1 *
b1 2
b1 ;
b1 >
b1 b
b10001 '
b100010001 (
#5480000
b11 0
b11 8
b11 B
0X
b0 !
b0 ,
b0 9
b0 /
b0 3
b0 4
b11 .
b11 7
b11 <
0@
b11 -
b11 6
b11 c
1J
0A
1Q
0O
1G
0I
1N
0D
1L
b0 $
b10 #
b10 *
b10 2
b10 ;
b10 >
b10 b
b10010 '
b100010010 (
#5500000
1X
b100 0
b100 8
b100 B
1@
b1 !
b1 ,
b1 9
b1 /
b1 3
b1 4
0Q
1O
b10 -
b10 6
b10 c
0J
1A
0G
1I
1D
b1 $
b11 #
b11 *
b11 2
b11 ;
b11 >
b11 b
b10011 '
b100010011 (
#5520000
b101 0
b101 8
b101 B
0_
b0 !
b0 ,
b0 9
b0 /
b0 3
b0 4
b101 .
b101 7
b101 <
0@
0?
b101 -
b101 6
b101 c
1J
0A
0Q
0O
1X
0V
1G
0I
0N
1U
0D
0L
1S
b0 $
b100 #
b100 *
b100 2
b100 ;
b100 >
b100 b
b10100 '
b100010100 (
#5540000
b110 0
b110 8
b110 B
b1 !
b1 ,
b1 9
b1 /
b1 3
b1 4
1Q
b100 -
b100 6
b100 c
0J
1A
0G
1I
1D
b1 $
b101 #
b101 *
b101 2
b101 ;
b101 >
b101 b
b10101 '
b100010101 (
#5560000
0_
0?
b111 0
b111 8
b111 B
1X
0V
b0 !
b0 ,
b0 9
b0 /
b0 3
b0 4
b111 .
b111 7
b111 <
0@
b111 -
b111 6
b111 c
1J
0A
1Q
0O
1G
0I
1N
0D
1L
b0 $
b110 #
b110 *
b110 2
b110 ;
b110 >
b110 b
b10110 '
b100010110 (
#5580000
1_
1?
0X
1V
b1000 0
b1000 8
b1000 B
1@
b1 !
b1 ,
b1 9
b1 /
b1 3
b1 4
0Q
1O
b110 -
b110 6
b110 c
0J
1A
0G
1I
1D
b1 $
b111 #
b111 *
b111 2
b111 ;
b111 >
b111 b
b10111 '
b100010111 (
#5600000
b1001 0
b1001 8
b1001 B
b0 !
b0 ,
b0 9
b0 /
b0 3
b0 4
b1001 .
b1001 7
b1001 <
0@
0?
0`
b1001 -
b1001 6
b1001 c
1J
0A
0Q
0O
0X
0V
1_
0]
1G
0I
0N
0U
1\
0D
0L
0S
1Z
b0 $
b1000 #
b1000 *
b1000 2
b1000 ;
b1000 >
b1000 b
b11000 '
b100011000 (
#5620000
b1010 0
b1010 8
b1010 B
b1 !
b1 ,
b1 9
b1 /
b1 3
b1 4
1Q
b1000 -
b1000 6
b1000 c
0J
1A
0G
1I
1D
b1 $
b1001 #
b1001 *
b1001 2
b1001 ;
b1001 >
b1001 b
b11001 '
b100011001 (
#5640000
b1011 0
b1011 8
b1011 B
0X
b0 !
b0 ,
b0 9
b0 /
b0 3
b0 4
b1011 .
b1011 7
b1011 <
0@
b1011 -
b1011 6
b1011 c
1J
0A
1Q
0O
1G
0I
1N
0D
1L
b0 $
b1010 #
b1010 *
b1010 2
b1010 ;
b1010 >
b1010 b
b11010 '
b100011010 (
#5660000
1X
b1100 0
b1100 8
b1100 B
1@
b1 !
b1 ,
b1 9
b1 /
b1 3
b1 4
0Q
1O
b1010 -
b1010 6
b1010 c
0J
1A
0G
1I
1D
b1 $
b1011 #
b1011 *
b1011 2
b1011 ;
b1011 >
b1011 b
b11011 '
b100011011 (
#5680000
0`
b1101 0
b1101 8
b1101 B
1_
0]
b0 !
b0 ,
b0 9
b0 /
b0 3
b0 4
b1101 .
b1101 7
b1101 <
0@
0?
b1101 -
b1101 6
b1101 c
1J
0A
0Q
0O
1X
0V
1G
0I
0N
1U
0D
0L
1S
b0 $
b1100 #
b1100 *
b1100 2
b1100 ;
b1100 >
b1100 b
b11100 '
b100011100 (
#5700000
b1110 0
b1110 8
b1110 B
b1 !
b1 ,
b1 9
b1 /
b1 3
b1 4
1Q
b1100 -
b1100 6
b1100 c
0J
1A
0G
1I
1D
b1 $
b1101 #
b1101 *
b1101 2
b1101 ;
b1101 >
b1101 b
b11101 '
b100011101 (
#5720000
0`
1_
0]
0?
b1111 0
b1111 8
b1111 B
1X
0V
b0 !
b0 ,
b0 9
b0 /
b0 3
b0 4
b1111 .
b1111 7
b1111 <
0@
b1111 -
b1111 6
b1111 c
1J
0A
1Q
0O
1G
0I
1N
0D
1L
b0 $
b1110 #
b1110 *
b1110 2
b1110 ;
b1110 >
b1110 b
b11110 '
b100011110 (
#5740000
1`
0_
1]
1?
0X
1V
b10000 0
b10000 8
b10000 B
1@
b1 !
b1 ,
b1 9
b1 /
b1 3
b1 4
0Q
1O
b1110 -
b1110 6
b1110 c
0J
1A
0G
1I
1D
b1 $
b1111 #
b1111 *
b1111 2
b1111 ;
b1111 >
b1111 b
b11111 '
b100011111 (
#5760000
0@
b10 0
b10 8
b10 B
b0 !
b0 ,
b0 9
b0 /
b0 3
b0 4
b10 .
b10 7
b10 <
1Q
0O
0?
0`
b10 -
b10 6
b10 c
0A
0X
0V
0_
0]
0I
0U
0\
0C
1K
0D
0L
0S
0Z
b0 $
b10 "
b10 )
b10 1
b10 :
b10 =
b10 a
b0 #
b0 *
b0 2
b0 ;
b0 >
b0 b
b100000 '
b100100000 (
#5780000
b11 0
b11 8
b11 B
b11 .
b11 7
b11 <
b11 -
b11 6
b11 c
1J
1G
1D
b1 #
b1 *
b1 2
b1 ;
b1 >
b1 b
b100001 '
b100100001 (
#5800000
b100 0
b100 8
b100 B
b10 !
b10 ,
b10 9
b10 /
b10 3
b10 4
b10 .
b10 7
b10 <
1X
b0 -
b0 6
b0 c
0J
0Q
1@
0G
0N
1P
0D
1L
b10 $
b10 #
b10 *
b10 2
b10 ;
b10 >
b10 b
b100010 '
b100100010 (
#5820000
b101 0
b101 8
b101 B
b11 .
b11 7
b11 <
b1 -
b1 6
b1 c
1J
1G
1D
b11 #
b11 *
b11 2
b11 ;
b11 >
b11 b
b100011 '
b100100011 (
#5840000
b110 0
b110 8
b110 B
0_
b0 !
b0 ,
b0 9
b0 /
b0 3
b0 4
b110 .
b110 7
b110 <
0?
b110 -
b110 6
b110 c
0J
1Q
0@
1X
0V
0G
1N
0P
1U
0D
0L
1S
b0 $
b100 #
b100 *
b100 2
b100 ;
b100 >
b100 b
b100100 '
b100100100 (
#5860000
b111 0
b111 8
b111 B
b111 .
b111 7
b111 <
b111 -
b111 6
b111 c
1J
1G
1D
b101 #
b101 *
b101 2
b101 ;
b101 >
b101 b
b100101 '
b100100101 (
#5880000
1_
b1000 0
b1000 8
b1000 B
1?
b10 !
b10 ,
b10 9
b10 /
b10 3
b10 4
b110 .
b110 7
b110 <
0X
1V
b100 -
b100 6
b100 c
0J
0Q
1@
0G
0N
1P
0D
1L
b10 $
b110 #
b110 *
b110 2
b110 ;
b110 >
b110 b
b100110 '
b100100110 (
#5900000
b1001 0
b1001 8
b1001 B
b111 .
b111 7
b111 <
b101 -
b101 6
b101 c
1J
1G
1D
b111 #
b111 *
b111 2
b111 ;
b111 >
b111 b
b100111 '
b100100111 (
#5920000
b1010 0
b1010 8
b1010 B
b0 !
b0 ,
b0 9
b0 /
b0 3
b0 4
b1010 .
b1010 7
b1010 <
0?
0`
b1010 -
b1010 6
b1010 c
0J
1Q
0@
0X
0V
1_
0]
0G
1N
0P
0U
1\
0D
0L
0S
1Z
b0 $
b1000 #
b1000 *
b1000 2
b1000 ;
b1000 >
b1000 b
b101000 '
b100101000 (
#5940000
b1011 0
b1011 8
b1011 B
b1011 .
b1011 7
b1011 <
b1011 -
b1011 6
b1011 c
1J
1G
1D
b1001 #
b1001 *
b1001 2
b1001 ;
b1001 >
b1001 b
b101001 '
b100101001 (
#5960000
b1100 0
b1100 8
b1100 B
b10 !
b10 ,
b10 9
b10 /
b10 3
b10 4
b1010 .
b1010 7
b1010 <
1X
b1000 -
b1000 6
b1000 c
0J
0Q
1@
0G
0N
1P
0D
1L
b10 $
b1010 #
b1010 *
b1010 2
b1010 ;
b1010 >
b1010 b
b101010 '
b100101010 (
#5980000
b1101 0
b1101 8
b1101 B
b1011 .
b1011 7
b1011 <
b1001 -
b1001 6
b1001 c
1J
1G
1D
b1011 #
b1011 *
b1011 2
b1011 ;
b1011 >
b1011 b
b101011 '
b100101011 (
#6000000
0`
b1110 0
b1110 8
b1110 B
1_
0]
b0 !
b0 ,
b0 9
b0 /
b0 3
b0 4
b1110 .
b1110 7
b1110 <
0?
b1110 -
b1110 6
b1110 c
0J
1Q
0@
1X
0V
0G
1N
0P
1U
0D
0L
1S
b0 $
b1100 #
b1100 *
b1100 2
b1100 ;
b1100 >
b1100 b
b101100 '
b100101100 (
#6020000
b1111 0
b1111 8
b1111 B
b1111 .
b1111 7
b1111 <
b1111 -
b1111 6
b1111 c
1J
1G
1D
b1101 #
b1101 *
b1101 2
b1101 ;
b1101 >
b1101 b
b101101 '
b100101101 (
#6040000
1`
0_
1]
b10000 0
b10000 8
b10000 B
1?
b10 !
b10 ,
b10 9
b10 /
b10 3
b10 4
b1110 .
b1110 7
b1110 <
0X
1V
b1100 -
b1100 6
b1100 c
0J
0Q
1@
0G
0N
1P
0D
1L
b10 $
b1110 #
b1110 *
b1110 2
b1110 ;
b1110 >
b1110 b
b101110 '
b100101110 (
#6060000
b10001 0
b10001 8
b10001 B
b1111 .
b1111 7
b1111 <
b1101 -
b1101 6
b1101 c
1J
1G
1D
b1111 #
b1111 *
b1111 2
b1111 ;
b1111 >
b1111 b
b101111 '
b100101111 (
#6080000
b11 0
b11 8
b11 B
b0 !
b0 ,
b0 9
b0 /
b0 3
b0 4
b11 .
b11 7
b11 <
0?
0`
b11 -
b11 6
b11 c
1Q
0@
0X
0V
0_
0]
1N
0P
0U
0\
1C
0D
0L
0S
0Z
b0 $
b11 "
b11 )
b11 1
b11 :
b11 =
b11 a
b0 #
b0 *
b0 2
b0 ;
b0 >
b0 b
b110000 '
b100110000 (
#6100000
1X
b100 0
b100 8
b100 B
1@
b1 !
b1 ,
b1 9
b1 /
b1 3
b1 4
0Q
1O
b10 -
b10 6
b10 c
0J
1A
0G
1I
1D
b1 $
b1 #
b1 *
b1 2
b1 ;
b1 >
b1 b
b110001 '
b100110001 (
#6120000
b101 0
b101 8
b101 B
b10 !
b10 ,
b10 9
b10 /
b10 3
b10 4
1X
b1 -
b1 6
b1 c
1J
0A
0Q
0O
1@
0M
1G
0I
0N
1P
0D
1L
b10 $
b10 #
b10 *
b10 2
b10 ;
b10 >
b10 b
b110010 '
b100110010 (
#6140000
b110 0
b110 8
b110 B
b11 !
b11 ,
b11 9
b11 /
b11 3
b11 4
1Q
b0 -
b0 6
b0 c
0J
1A
0G
1I
1D
b11 $
b11 #
b11 *
b11 2
b11 ;
b11 >
b11 b
b110011 '
b100110011 (
#6160000
b111 0
b111 8
b111 B
0_
b0 !
b0 ,
b0 9
b0 /
b0 3
b0 4
b111 .
b111 7
b111 <
0?
b111 -
b111 6
b111 c
1J
0A
1Q
0O
0@
1X
0V
1G
0I
1N
0P
1U
0D
0L
1S
b0 $
b100 #
b100 *
b100 2
b100 ;
b100 >
b100 b
b110100 '
b100110100 (
#6180000
1_
1?
0X
1V
b1000 0
b1000 8
b1000 B
1@
b1 !
b1 ,
b1 9
b1 /
b1 3
b1 4
0Q
1O
b110 -
b110 6
b110 c
0J
1A
0G
1I
1D
b1 $
b101 #
b101 *
b101 2
b101 ;
b101 >
b101 b
b110101 '
b100110101 (
#6200000
1_
b1001 0
b1001 8
b1001 B
1?
b10 !
b10 ,
b10 9
b10 /
b10 3
b10 4
0X
1V
b101 -
b101 6
b101 c
1J
0A
0Q
0O
1@
0M
1G
0I
0N
1P
0D
1L
b10 $
b110 #
b110 *
b110 2
b110 ;
b110 >
b110 b
b110110 '
b100110110 (
#6220000
b1010 0
b1010 8
b1010 B
b11 !
b11 ,
b11 9
b11 /
b11 3
b11 4
1Q
b100 -
b100 6
b100 c
0J
1A
0G
1I
1D
b11 $
b111 #
b111 *
b111 2
b111 ;
b111 >
b111 b
b110111 '
b100110111 (
#6240000
b1011 0
b1011 8
b1011 B
b0 !
b0 ,
b0 9
b0 /
b0 3
b0 4
b1011 .
b1011 7
b1011 <
0?
0`
b1011 -
b1011 6
b1011 c
1J
0A
1Q
0O
0@
0X
0V
1_
0]
1G
0I
1N
0P
0U
1\
0D
0L
0S
1Z
b0 $
b1000 #
b1000 *
b1000 2
b1000 ;
b1000 >
b1000 b
b111000 '
b100111000 (
#6260000
1X
b1100 0
b1100 8
b1100 B
1@
b1 !
b1 ,
b1 9
b1 /
b1 3
b1 4
0Q
1O
b1010 -
b1010 6
b1010 c
0J
1A
0G
1I
1D
b1 $
b1001 #
b1001 *
b1001 2
b1001 ;
b1001 >
b1001 b
b111001 '
b100111001 (
#6280000
b1101 0
b1101 8
b1101 B
b10 !
b10 ,
b10 9
b10 /
b10 3
b10 4
1X
b1001 -
b1001 6
b1001 c
1J
0A
0Q
0O
1@
0M
1G
0I
0N
1P
0D
1L
b10 $
b1010 #
b1010 *
b1010 2
b1010 ;
b1010 >
b1010 b
b111010 '
b100111010 (
#6300000
b1110 0
b1110 8
b1110 B
b11 !
b11 ,
b11 9
b11 /
b11 3
b11 4
1Q
b1000 -
b1000 6
b1000 c
0J
1A
0G
1I
1D
b11 $
b1011 #
b1011 *
b1011 2
b1011 ;
b1011 >
b1011 b
b111011 '
b100111011 (
#6320000
0`
b1111 0
b1111 8
b1111 B
1_
0]
b0 !
b0 ,
b0 9
b0 /
b0 3
b0 4
b1111 .
b1111 7
b1111 <
0?
b1111 -
b1111 6
b1111 c
1J
0A
1Q
0O
0@
1X
0V
1G
0I
1N
0P
1U
0D
0L
1S
b0 $
b1100 #
b1100 *
b1100 2
b1100 ;
b1100 >
b1100 b
b111100 '
b100111100 (
#6340000
1`
0_
1]
1?
0X
1V
b10000 0
b10000 8
b10000 B
1@
b1 !
b1 ,
b1 9
b1 /
b1 3
b1 4
0Q
1O
b1110 -
b1110 6
b1110 c
0J
1A
0G
1I
1D
b1 $
b1101 #
b1101 *
b1101 2
b1101 ;
b1101 >
b1101 b
b111101 '
b100111101 (
#6360000
1`
0_
1]
b10001 0
b10001 8
b10001 B
1?
b10 !
b10 ,
b10 9
b10 /
b10 3
b10 4
0X
1V
b1101 -
b1101 6
b1101 c
1J
0A
0Q
0O
1@
0M
1G
0I
0N
1P
0D
1L
b10 $
b1110 #
b1110 *
b1110 2
b1110 ;
b1110 >
b1110 b
b111110 '
b100111110 (
#6380000
b10010 0
b10010 8
b10010 B
b11 !
b11 ,
b11 9
b11 /
b11 3
b11 4
1Q
b1100 -
b1100 6
b1100 c
0J
1A
0G
1I
1D
b11 $
b1111 #
b1111 *
b1111 2
b1111 ;
b1111 >
b1111 b
b111111 '
b100111111 (
#6400000
0?
b100 0
b100 8
b100 B
b0 !
b0 ,
b0 9
b0 /
b0 3
b0 4
b100 .
b100 7
b100 <
0Q
1X
0V
0`
b100 -
b100 6
b100 c
0A
0@
0_
0]
0I
0P
0\
0C
0K
1R
0D
0L
0S
0Z
b0 $
b100 "
b100 )
b100 1
b100 :
b100 =
b100 a
b0 #
b0 *
b0 2
b0 ;
b0 >
b0 b
b1000000 '
b101000000 (
#6420000
b101 0
b101 8
b101 B
b101 .
b101 7
b101 <
b101 -
b101 6
b101 c
1J
1G
1D
b1 #
b1 *
b1 2
b1 ;
b1 >
b1 b
b1000001 '
b101000001 (
#6440000
b110 0
b110 8
b110 B
b110 .
b110 7
b110 <
b110 -
b110 6
b110 c
0J
1Q
0G
1N
0D
1L
b10 #
b10 *
b10 2
b10 ;
b10 >
b10 b
b1000010 '
b101000010 (
#6460000
b111 0
b111 8
b111 B
b111 .
b111 7
b111 <
b111 -
b111 6
b111 c
1J
1G
1D
b11 #
b11 *
b11 2
b11 ;
b11 >
b11 b
b1000011 '
b101000011 (
#6480000
b1000 0
b1000 8
b1000 B
b100 !
b100 ,
b100 9
b100 /
b100 3
b100 4
b100 .
b100 7
b100 <
1_
b0 -
b0 6
b0 c
0J
0Q
0X
1?
0G
0N
0U
1W
0D
0L
1S
b100 $
b100 #
b100 *
b100 2
b100 ;
b100 >
b100 b
b1000100 '
b101000100 (
#6500000
b1001 0
b1001 8
b1001 B
b101 .
b101 7
b101 <
b1 -
b1 6
b1 c
1J
1G
1D
b101 #
b101 *
b101 2
b101 ;
b101 >
b101 b
b1000101 '
b101000101 (
#6520000
b1010 0
b1010 8
b1010 B
b110 .
b110 7
b110 <
b10 -
b10 6
b10 c
0J
1Q
0G
1N
0D
1L
b110 #
b110 *
b110 2
b110 ;
b110 >
b110 b
b1000110 '
b101000110 (
#6540000
b1011 0
b1011 8
b1011 B
b111 .
b111 7
b111 <
b11 -
b11 6
b11 c
1J
1G
1D
b111 #
b111 *
b111 2
b111 ;
b111 >
b111 b
b1000111 '
b101000111 (
#6560000
b1100 0
b1100 8
b1100 B
b0 !
b0 ,
b0 9
b0 /
b0 3
b0 4
b1100 .
b1100 7
b1100 <
0`
b1100 -
b1100 6
b1100 c
0J
0Q
1X
0?
1_
0]
0G
0N
1U
0W
1\
0D
0L
0S
1Z
b0 $
b1000 #
b1000 *
b1000 2
b1000 ;
b1000 >
b1000 b
b1001000 '
b101001000 (
#6580000
b1101 0
b1101 8
b1101 B
b1101 .
b1101 7
b1101 <
b1101 -
b1101 6
b1101 c
1J
1G
1D
b1001 #
b1001 *
b1001 2
b1001 ;
b1001 >
b1001 b
b1001001 '
b101001001 (
#6600000
b1110 0
b1110 8
b1110 B
b1110 .
b1110 7
b1110 <
b1110 -
b1110 6
b1110 c
0J
1Q
0G
1N
0D
1L
b1010 #
b1010 *
b1010 2
b1010 ;
b1010 >
b1010 b
b1001010 '
b101001010 (
#6620000
b1111 0
b1111 8
b1111 B
b1111 .
b1111 7
b1111 <
b1111 -
b1111 6
b1111 c
1J
1G
1D
b1011 #
b1011 *
b1011 2
b1011 ;
b1011 >
b1011 b
b1001011 '
b101001011 (
#6640000
b10000 0
b10000 8
b10000 B
1`
b100 !
b100 ,
b100 9
b100 /
b100 3
b100 4
b1100 .
b1100 7
b1100 <
0_
1]
b1000 -
b1000 6
b1000 c
0J
0Q
0X
1?
0G
0N
0U
1W
0D
0L
1S
b100 $
b1100 #
b1100 *
b1100 2
b1100 ;
b1100 >
b1100 b
b1001100 '
b101001100 (
#6660000
b10001 0
b10001 8
b10001 B
b1101 .
b1101 7
b1101 <
b1001 -
b1001 6
b1001 c
1J
1G
1D
b1101 #
b1101 *
b1101 2
b1101 ;
b1101 >
b1101 b
b1001101 '
b101001101 (
#6680000
b10010 0
b10010 8
b10010 B
b1110 .
b1110 7
b1110 <
b1010 -
b1010 6
b1010 c
0J
1Q
0G
1N
0D
1L
b1110 #
b1110 *
b1110 2
b1110 ;
b1110 >
b1110 b
b1001110 '
b101001110 (
#6700000
b10011 0
b10011 8
b10011 B
b1111 .
b1111 7
b1111 <
b1011 -
b1011 6
b1011 c
1J
1G
1D
b1111 #
b1111 *
b1111 2
b1111 ;
b1111 >
b1111 b
b1001111 '
b101001111 (
#6720000
b101 0
b101 8
b101 B
b0 !
b0 ,
b0 9
b0 /
b0 3
b0 4
b101 .
b101 7
b101 <
0`
b101 -
b101 6
b101 c
0Q
1X
0?
0_
0]
0N
1U
0W
0\
1C
0D
0L
0S
0Z
b0 $
b101 "
b101 )
b101 1
b101 :
b101 =
b101 a
b0 #
b0 *
b0 2
b0 ;
b0 >
b0 b
b1010000 '
b101010000 (
#6740000
b110 0
b110 8
b110 B
b1 !
b1 ,
b1 9
b1 /
b1 3
b1 4
1Q
b100 -
b100 6
b100 c
0J
1A
0G
1I
1D
b1 $
b1 #
b1 *
b1 2
b1 ;
b1 >
b1 b
b1010001 '
b101010001 (
#6760000
0_
0?
b111 0
b111 8
b111 B
1X
0V
b0 !
b0 ,
b0 9
b0 /
b0 3
b0 4
b111 .
b111 7
b111 <
0@
b111 -
b111 6
b111 c
1J
0A
1Q
0O
1G
0I
1N
0D
1L
b0 $
b10 #
b10 *
b10 2
b10 ;
b10 >
b10 b
b1010010 '
b101010010 (
#6780000
1_
1?
0X
1V
b1000 0
b1000 8
b1000 B
1@
b1 !
b1 ,
b1 9
b1 /
b1 3
b1 4
0Q
1O
b110 -
b110 6
b110 c
0J
1A
0G
1I
1D
b1 $
b11 #
b11 *
b11 2
b11 ;
b11 >
b11 b
b1010011 '
b101010011 (
#6800000
b1001 0
b1001 8
b1001 B
b100 !
b100 ,
b100 9
b100 /
b100 3
b100 4
b101 .
b101 7
b101 <
0@
1_
b1 -
b1 6
b1 c
1J
0A
0Q
0O
0X
0V
1?
0T
1G
0I
0N
0U
1W
0D
0L
1S
b100 $
b100 #
b100 *
b100 2
b100 ;
b100 >
b100 b
b1010100 '
b101010100 (
#6820000
b1010 0
b1010 8
b1010 B
b101 !
b101 ,
b101 9
b101 /
b101 3
b101 4
1Q
b0 -
b0 6
b0 c
0J
1A
0G
1I
1D
b101 $
b101 #
b101 *
b101 2
b101 ;
b101 >
b101 b
b1010101 '
b101010101 (
#6840000
b1011 0
b1011 8
b1011 B
0X
b100 !
b100 ,
b100 9
b100 /
b100 3
b100 4
b111 .
b111 7
b111 <
0@
b11 -
b11 6
b11 c
1J
0A
1Q
0O
1G
0I
1N
0D
1L
b100 $
b110 #
b110 *
b110 2
b110 ;
b110 >
b110 b
b1010110 '
b101010110 (
#6860000
1X
b1100 0
b1100 8
b1100 B
1@
b101 !
b101 ,
b101 9
b101 /
b101 3
b101 4
0Q
1O
b10 -
b10 6
b10 c
0J
1A
0G
1I
1D
b101 $
b111 #
b111 *
b111 2
b111 ;
b111 >
b111 b
b1010111 '
b101010111 (
#6880000
b1101 0
b1101 8
b1101 B
b0 !
b0 ,
b0 9
b0 /
b0 3
b0 4
b1101 .
b1101 7
b1101 <
0@
0`
b1101 -
b1101 6
b1101 c
1J
0A
0Q
0O
1X
0V
0?
1_
0]
1G
0I
0N
1U
0W
1\
0D
0L
0S
1Z
b0 $
b1000 #
b1000 *
b1000 2
b1000 ;
b1000 >
b1000 b
b1011000 '
b101011000 (
#6900000
b1110 0
b1110 8
b1110 B
b1 !
b1 ,
b1 9
b1 /
b1 3
b1 4
1Q
b1100 -
b1100 6
b1100 c
0J
1A
0G
1I
1D
b1 $
b1001 #
b1001 *
b1001 2
b1001 ;
b1001 >
b1001 b
b1011001 '
b101011001 (
#6920000
0`
1_
0]
0?
b1111 0
b1111 8
b1111 B
1X
0V
b0 !
b0 ,
b0 9
b0 /
b0 3
b0 4
b1111 .
b1111 7
b1111 <
0@
b1111 -
b1111 6
b1111 c
1J
0A
1Q
0O
1G
0I
1N
0D
1L
b0 $
b1010 #
b1010 *
b1010 2
b1010 ;
b1010 >
b1010 b
b1011010 '
b101011010 (
#6940000
1`
0_
1]
1?
0X
1V
b10000 0
b10000 8
b10000 B
1@
b1 !
b1 ,
b1 9
b1 /
b1 3
b1 4
0Q
1O
b1110 -
b1110 6
b1110 c
0J
1A
0G
1I
1D
b1 $
b1011 #
b1011 *
b1011 2
b1011 ;
b1011 >
b1011 b
b1011011 '
b101011011 (
#6960000
b10001 0
b10001 8
b10001 B
1`
b100 !
b100 ,
b100 9
b100 /
b100 3
b100 4
b1101 .
b1101 7
b1101 <
0@
0_
1]
b1001 -
b1001 6
b1001 c
1J
0A
0Q
0O
0X
0V
1?
0T
1G
0I
0N
0U
1W
0D
0L
1S
b100 $
b1100 #
b1100 *
b1100 2
b1100 ;
b1100 >
b1100 b
b1011100 '
b101011100 (
#6980000
b10010 0
b10010 8
b10010 B
b101 !
b101 ,
b101 9
b101 /
b101 3
b101 4
1Q
b1000 -
b1000 6
b1000 c
0J
1A
0G
1I
1D
b101 $
b1101 #
b1101 *
b1101 2
b1101 ;
b1101 >
b1101 b
b1011101 '
b101011101 (
#7000000
b10011 0
b10011 8
b10011 B
0X
b100 !
b100 ,
b100 9
b100 /
b100 3
b100 4
b1111 .
b1111 7
b1111 <
0@
b1011 -
b1011 6
b1011 c
1J
0A
1Q
0O
1G
0I
1N
0D
1L
b100 $
b1110 #
b1110 *
b1110 2
b1110 ;
b1110 >
b1110 b
b1011110 '
b101011110 (
#7020000
1X
b10100 0
b10100 8
b10100 B
1@
b101 !
b101 ,
b101 9
b101 /
b101 3
b101 4
0Q
1O
b1010 -
b1010 6
b1010 c
0J
1A
0G
1I
1D
b101 $
b1111 #
b1111 *
b1111 2
b1111 ;
b1111 >
b1111 b
b1011111 '
b101011111 (
#7040000
0@
b110 0
b110 8
b110 B
b0 !
b0 ,
b0 9
b0 /
b0 3
b0 4
b110 .
b110 7
b110 <
1Q
0O
0`
b110 -
b110 6
b110 c
0A
1X
0V
0?
0_
0]
0I
1U
0W
0\
0C
1K
0D
0L
0S
0Z
b0 $
b110 "
b110 )
b110 1
b110 :
b110 =
b110 a
b0 #
b0 *
b0 2
b0 ;
b0 >
b0 b
b1100000 '
b101100000 (
#7060000
b111 0
b111 8
b111 B
b111 .
b111 7
b111 <
b111 -
b111 6
b111 c
1J
1G
1D
b1 #
b1 *
b1 2
b1 ;
b1 >
b1 b
b1100001 '
b101100001 (
#7080000
1_
b1000 0
b1000 8
b1000 B
1?
b10 !
b10 ,
b10 9
b10 /
b10 3
b10 4
b110 .
b110 7
b110 <
0X
1V
b100 -
b100 6
b100 c
0J
0Q
1@
0G
0N
1P
0D
1L
b10 $
b10 #
b10 *
b10 2
b10 ;
b10 >
b10 b
b1100010 '
b101100010 (
#7100000
b1001 0
b1001 8
b1001 B
b111 .
b111 7
b111 <
b101 -
b101 6
b101 c
1J
1G
1D
b11 #
b11 *
b11 2
b11 ;
b11 >
b11 b
b1100011 '
b101100011 (
#7120000
b1010 0
b1010 8
b1010 B
b100 !
b100 ,
b100 9
b100 /
b100 3
b100 4
b110 .
b110 7
b110 <
1_
b10 -
b10 6
b10 c
0J
1Q
0@
0X
0V
1?
0T
0G
1N
0P
0U
1W
0D
0L
1S
b100 $
b100 #
b100 *
b100 2
b100 ;
b100 >
b100 b
b1100100 '
b101100100 (
#7140000
b1011 0
b1011 8
b1011 B
b111 .
b111 7
b111 <
b11 -
b11 6
b11 c
1J
1G
1D
b101 #
b101 *
b101 2
b101 ;
b101 >
b101 b
b1100101 '
b101100101 (
#7160000
b1100 0
b1100 8
b1100 B
b110 !
b110 ,
b110 9
b110 /
b110 3
b110 4
b110 .
b110 7
b110 <
1X
b0 -
b0 6
b0 c
0J
0Q
1@
0G
0N
1P
0D
1L
b110 $
b110 #
b110 *
b110 2
b110 ;
b110 >
b110 b
b1100110 '
b101100110 (
#7180000
b1101 0
b1101 8
b1101 B
b111 .
b111 7
b111 <
b1 -
b1 6
b1 c
1J
1G
1D
b111 #
b111 *
b111 2
b111 ;
b111 >
b111 b
b1100111 '
b101100111 (
#7200000
b1110 0
b1110 8
b1110 B
b0 !
b0 ,
b0 9
b0 /
b0 3
b0 4
b1110 .
b1110 7
b1110 <
0`
b1110 -
b1110 6
b1110 c
0J
1Q
0@
1X
0V
0?
1_
0]
0G
1N
0P
1U
0W
1\
0D
0L
0S
1Z
b0 $
b1000 #
b1000 *
b1000 2
b1000 ;
b1000 >
b1000 b
b1101000 '
b101101000 (
#7220000
b1111 0
b1111 8
b1111 B
b1111 .
b1111 7
b1111 <
b1111 -
b1111 6
b1111 c
1J
1G
1D
b1001 #
b1001 *
b1001 2
b1001 ;
b1001 >
b1001 b
b1101001 '
b101101001 (
#7240000
1`
0_
1]
b10000 0
b10000 8
b10000 B
1?
b10 !
b10 ,
b10 9
b10 /
b10 3
b10 4
b1110 .
b1110 7
b1110 <
0X
1V
b1100 -
b1100 6
b1100 c
0J
0Q
1@
0G
0N
1P
0D
1L
b10 $
b1010 #
b1010 *
b1010 2
b1010 ;
b1010 >
b1010 b
b1101010 '
b101101010 (
#7260000
b10001 0
b10001 8
b10001 B
b1111 .
b1111 7
b1111 <
b1101 -
b1101 6
b1101 c
1J
1G
1D
b1011 #
b1011 *
b1011 2
b1011 ;
b1011 >
b1011 b
b1101011 '
b101101011 (
#7280000
b10010 0
b10010 8
b10010 B
1`
b100 !
b100 ,
b100 9
b100 /
b100 3
b100 4
b1110 .
b1110 7
b1110 <
0_
1]
b1010 -
b1010 6
b1010 c
0J
1Q
0@
0X
0V
1?
0T
0G
1N
0P
0U
1W
0D
0L
1S
b100 $
b1100 #
b1100 *
b1100 2
b1100 ;
b1100 >
b1100 b
b1101100 '
b101101100 (
#7300000
b10011 0
b10011 8
b10011 B
b1111 .
b1111 7
b1111 <
b1011 -
b1011 6
b1011 c
1J
1G
1D
b1101 #
b1101 *
b1101 2
b1101 ;
b1101 >
b1101 b
b1101101 '
b101101101 (
#7320000
b10100 0
b10100 8
b10100 B
b110 !
b110 ,
b110 9
b110 /
b110 3
b110 4
b1110 .
b1110 7
b1110 <
1X
b1000 -
b1000 6
b1000 c
0J
0Q
1@
0G
0N
1P
0D
1L
b110 $
b1110 #
b1110 *
b1110 2
b1110 ;
b1110 >
b1110 b
b1101110 '
b101101110 (
#7340000
b10101 0
b10101 8
b10101 B
b1111 .
b1111 7
b1111 <
b1001 -
b1001 6
b1001 c
1J
1G
1D
b1111 #
b1111 *
b1111 2
b1111 ;
b1111 >
b1111 b
b1101111 '
b101101111 (
#7360000
b111 0
b111 8
b111 B
b0 !
b0 ,
b0 9
b0 /
b0 3
b0 4
b111 .
b111 7
b111 <
0`
b111 -
b111 6
b111 c
1Q
0@
1X
0V
0?
0_
0]
1N
0P
1U
0W
0\
1C
0D
0L
0S
0Z
b0 $
b111 "
b111 )
b111 1
b111 :
b111 =
b111 a
b0 #
b0 *
b0 2
b0 ;
b0 >
b0 b
b1110000 '
b101110000 (
#7380000
1_
1?
0X
1V
b1000 0
b1000 8
b1000 B
1@
b1 !
b1 ,
b1 9
b1 /
b1 3
b1 4
0Q
1O
b110 -
b110 6
b110 c
0J
1A
0G
1I
1D
b1 $
b1 #
b1 *
b1 2
b1 ;
b1 >
b1 b
b1110001 '
b101110001 (
#7400000
1_
b1001 0
b1001 8
b1001 B
1?
b10 !
b10 ,
b10 9
b10 /
b10 3
b10 4
0X
1V
b101 -
b101 6
b101 c
1J
0A
0Q
0O
1@
0M
1G
0I
0N
1P
0D
1L
b10 $
b10 #
b10 *
b10 2
b10 ;
b10 >
b10 b
b1110010 '
b101110010 (
#7420000
b1010 0
b1010 8
b1010 B
b11 !
b11 ,
b11 9
b11 /
b11 3
b11 4
1Q
b100 -
b100 6
b100 c
0J
1A
0G
1I
1D
b11 $
b11 #
b11 *
b11 2
b11 ;
b11 >
b11 b
b1110011 '
b101110011 (
#7440000
b1011 0
b1011 8
b1011 B
b100 !
b100 ,
b100 9
b100 /
b100 3
b100 4
1_
b11 -
b11 6
b11 c
1J
0A
1Q
0O
0@
0X
0V
1?
0T
1G
0I
1N
0P
0U
1W
0D
0L
1S
b100 $
b100 #
b100 *
b100 2
b100 ;
b100 >
b100 b
b1110100 '
b101110100 (
#7460000
1X
b1100 0
b1100 8
b1100 B
1@
b101 !
b101 ,
b101 9
b101 /
b101 3
b101 4
0Q
1O
b10 -
b10 6
b10 c
0J
1A
0G
1I
1D
b101 $
b101 #
b101 *
b101 2
b101 ;
b101 >
b101 b
b1110101 '
b101110101 (
#7480000
b1101 0
b1101 8
b1101 B
b110 !
b110 ,
b110 9
b110 /
b110 3
b110 4
1X
b1 -
b1 6
b1 c
1J
0A
0Q
0O
1@
0M
1G
0I
0N
1P
0D
1L
b110 $
b110 #
b110 *
b110 2
b110 ;
b110 >
b110 b
b1110110 '
b101110110 (
#7500000
b1110 0
b1110 8
b1110 B
b111 !
b111 ,
b111 9
b111 /
b111 3
b111 4
1Q
b0 -
b0 6
b0 c
0J
1A
0G
1I
1D
b111 $
b111 #
b111 *
b111 2
b111 ;
b111 >
b111 b
b1110111 '
b101110111 (
#7520000
b1111 0
b1111 8
b1111 B
b0 !
b0 ,
b0 9
b0 /
b0 3
b0 4
b1111 .
b1111 7
b1111 <
0`
b1111 -
b1111 6
b1111 c
1J
0A
1Q
0O
0@
1X
0V
0?
1_
0]
1G
0I
1N
0P
1U
0W
1\
0D
0L
0S
1Z
b0 $
b1000 #
b1000 *
b1000 2
b1000 ;
b1000 >
b1000 b
b1111000 '
b101111000 (
#7540000
1`
0_
1]
1?
0X
1V
b10000 0
b10000 8
b10000 B
1@
b1 !
b1 ,
b1 9
b1 /
b1 3
b1 4
0Q
1O
b1110 -
b1110 6
b1110 c
0J
1A
0G
1I
1D
b1 $
b1001 #
b1001 *
b1001 2
b1001 ;
b1001 >
b1001 b
b1111001 '
b101111001 (
#7560000
1`
0_
1]
b10001 0
b10001 8
b10001 B
1?
b10 !
b10 ,
b10 9
b10 /
b10 3
b10 4
0X
1V
b1101 -
b1101 6
b1101 c
1J
0A
0Q
0O
1@
0M
1G
0I
0N
1P
0D
1L
b10 $
b1010 #
b1010 *
b1010 2
b1010 ;
b1010 >
b1010 b
b1111010 '
b101111010 (
#7580000
b10010 0
b10010 8
b10010 B
b11 !
b11 ,
b11 9
b11 /
b11 3
b11 4
1Q
b1100 -
b1100 6
b1100 c
0J
1A
0G
1I
1D
b11 $
b1011 #
b1011 *
b1011 2
b1011 ;
b1011 >
b1011 b
b1111011 '
b101111011 (
#7600000
b10011 0
b10011 8
b10011 B
1`
b100 !
b100 ,
b100 9
b100 /
b100 3
b100 4
0_
1]
b1011 -
b1011 6
b1011 c
1J
0A
1Q
0O
0@
0X
0V
1?
0T
1G
0I
1N
0P
0U
1W
0D
0L
1S
b100 $
b1100 #
b1100 *
b1100 2
b1100 ;
b1100 >
b1100 b
b1111100 '
b101111100 (
#7620000
1X
b10100 0
b10100 8
b10100 B
1@
b101 !
b101 ,
b101 9
b101 /
b101 3
b101 4
0Q
1O
b1010 -
b1010 6
b1010 c
0J
1A
0G
1I
1D
b101 $
b1101 #
b1101 *
b1101 2
b1101 ;
b1101 >
b1101 b
b1111101 '
b101111101 (
#7640000
b10101 0
b10101 8
b10101 B
b110 !
b110 ,
b110 9
b110 /
b110 3
b110 4
1X
b1001 -
b1001 6
b1001 c
1J
0A
0Q
0O
1@
0M
1G
0I
0N
1P
0D
1L
b110 $
b1110 #
b1110 *
b1110 2
b1110 ;
b1110 >
b1110 b
b1111110 '
b101111110 (
#7660000
b10110 0
b10110 8
b10110 B
b111 !
b111 ,
b111 9
b111 /
b111 3
b111 4
1Q
b1000 -
b1000 6
b1000 c
0J
1A
0G
1I
1D
b111 $
b1111 #
b1111 *
b1111 2
b1111 ;
b1111 >
b1111 b
b1111111 '
b101111111 (
#7680000
b1000 0
b1000 8
b1000 B
b0 !
b0 ,
b0 9
0`
b0 /
b0 3
b0 4
b1000 .
b1000 7
b1000 <
0Q
0X
1_
0]
0A
0@
0?
0I
0P
0W
0C
0K
0R
1Y
0D
0L
0S
0Z
b0 $
b1000 "
b1000 )
b1000 1
b1000 :
b1000 =
b1000 a
b0 #
b0 *
b0 2
b0 ;
b0 >
b0 b
b10000000 '
b110000000 (
#7700000
b1001 0
b1001 8
b1001 B
b1001 .
b1001 7
b1001 <
b1001 -
b1001 6
b1001 c
1J
1G
1D
b1 #
b1 *
b1 2
b1 ;
b1 >
b1 b
b10000001 '
b110000001 (
#7720000
b1010 0
b1010 8
b1010 B
b1010 .
b1010 7
b1010 <
b1010 -
b1010 6
b1010 c
0J
1Q
0G
1N
0D
1L
b10 #
b10 *
b10 2
b10 ;
b10 >
b10 b
b10000010 '
b110000010 (
#7740000
b1011 0
b1011 8
b1011 B
b1011 .
b1011 7
b1011 <
b1011 -
b1011 6
b1011 c
1J
1G
1D
b11 #
b11 *
b11 2
b11 ;
b11 >
b11 b
b10000011 '
b110000011 (
#7760000
b1100 0
b1100 8
b1100 B
b1100 .
b1100 7
b1100 <
b1100 -
b1100 6
b1100 c
0J
0Q
1X
0G
0N
1U
0D
0L
1S
b100 #
b100 *
b100 2
b100 ;
b100 >
b100 b
b10000100 '
b110000100 (
#7780000
b1101 0
b1101 8
b1101 B
b1101 .
b1101 7
b1101 <
b1101 -
b1101 6
b1101 c
1J
1G
1D
b101 #
b101 *
b101 2
b101 ;
b101 >
b101 b
b10000101 '
b110000101 (
#7800000
b1110 0
b1110 8
b1110 B
b1110 .
b1110 7
b1110 <
b1110 -
b1110 6
b1110 c
0J
1Q
0G
1N
0D
1L
b110 #
b110 *
b110 2
b110 ;
b110 >
b110 b
b10000110 '
b110000110 (
#7820000
b1111 0
b1111 8
b1111 B
b1111 .
b1111 7
b1111 <
b1111 -
b1111 6
b1111 c
1J
1G
1D
b111 #
b111 *
b111 2
b111 ;
b111 >
b111 b
b10000111 '
b110000111 (
#7840000
b10000 0
b10000 8
b10000 B
b1000 !
b1000 ,
b1000 9
b1000 /
b1000 3
b1000 4
b1000 .
b1000 7
b1000 <
b0 -
b0 6
b0 c
0J
0Q
0X
0_
1`
0G
0N
0U
0\
1^
0D
0L
0S
1Z
b1000 $
b1000 #
b1000 *
b1000 2
b1000 ;
b1000 >
b1000 b
b10001000 '
b110001000 (
#7860000
b10001 0
b10001 8
b10001 B
b1001 .
b1001 7
b1001 <
b1 -
b1 6
b1 c
1J
1G
1D
b1001 #
b1001 *
b1001 2
b1001 ;
b1001 >
b1001 b
b10001001 '
b110001001 (
#7880000
b10010 0
b10010 8
b10010 B
b1010 .
b1010 7
b1010 <
b10 -
b10 6
b10 c
0J
1Q
0G
1N
0D
1L
b1010 #
b1010 *
b1010 2
b1010 ;
b1010 >
b1010 b
b10001010 '
b110001010 (
#7900000
b10011 0
b10011 8
b10011 B
b1011 .
b1011 7
b1011 <
b11 -
b11 6
b11 c
1J
1G
1D
b1011 #
b1011 *
b1011 2
b1011 ;
b1011 >
b1011 b
b10001011 '
b110001011 (
#7920000
b10100 0
b10100 8
b10100 B
b1100 .
b1100 7
b1100 <
b100 -
b100 6
b100 c
0J
0Q
1X
0G
0N
1U
0D
0L
1S
b1100 #
b1100 *
b1100 2
b1100 ;
b1100 >
b1100 b
b10001100 '
b110001100 (
#7940000
b10101 0
b10101 8
b10101 B
b1101 .
b1101 7
b1101 <
b101 -
b101 6
b101 c
1J
1G
1D
b1101 #
b1101 *
b1101 2
b1101 ;
b1101 >
b1101 b
b10001101 '
b110001101 (
#7960000
b10110 0
b10110 8
b10110 B
b1110 .
b1110 7
b1110 <
b110 -
b110 6
b110 c
0J
1Q
0G
1N
0D
1L
b1110 #
b1110 *
b1110 2
b1110 ;
b1110 >
b1110 b
b10001110 '
b110001110 (
#7980000
b10111 0
b10111 8
b10111 B
b1111 .
b1111 7
b1111 <
b111 -
b111 6
b111 c
1J
1G
1D
b1111 #
b1111 *
b1111 2
b1111 ;
b1111 >
b1111 b
b10001111 '
b110001111 (
#8000000
b1001 0
b1001 8
b1001 B
b0 !
b0 ,
b0 9
b0 /
b0 3
b0 4
b1001 .
b1001 7
b1001 <
b1001 -
b1001 6
b1001 c
0Q
0X
1_
0`
0N
0U
1\
0^
1C
0D
0L
0S
0Z
b0 $
b1001 "
b1001 )
b1001 1
b1001 :
b1001 =
b1001 a
b0 #
b0 *
b0 2
b0 ;
b0 >
b0 b
b10010000 '
b110010000 (
#8020000
b1010 0
b1010 8
b1010 B
b1 !
b1 ,
b1 9
b1 /
b1 3
b1 4
1Q
b1000 -
b1000 6
b1000 c
0J
1A
0G
1I
1D
b1 $
b1 #
b1 *
b1 2
b1 ;
b1 >
b1 b
b10010001 '
b110010001 (
#8040000
b1011 0
b1011 8
b1011 B
0X
b0 !
b0 ,
b0 9
b0 /
b0 3
b0 4
b1011 .
b1011 7
b1011 <
0@
b1011 -
b1011 6
b1011 c
1J
0A
1Q
0O
1G
0I
1N
0D
1L
b0 $
b10 #
b10 *
b10 2
b10 ;
b10 >
b10 b
b10010010 '
b110010010 (
#8060000
1X
b1100 0
b1100 8
b1100 B
1@
b1 !
b1 ,
b1 9
b1 /
b1 3
b1 4
0Q
1O
b1010 -
b1010 6
b1010 c
0J
1A
0G
1I
1D
b1 $
b11 #
b11 *
b11 2
b11 ;
b11 >
b11 b
b10010011 '
b110010011 (
#8080000
0`
b1101 0
b1101 8
b1101 B
1_
0]
b0 !
b0 ,
b0 9
b0 /
b0 3
b0 4
b1101 .
b1101 7
b1101 <
0@
0?
b1101 -
b1101 6
b1101 c
1J
0A
0Q
0O
1X
0V
1G
0I
0N
1U
0D
0L
1S
b0 $
b100 #
b100 *
b100 2
b100 ;
b100 >
b100 b
b10010100 '
b110010100 (
#8100000
b1110 0
b1110 8
b1110 B
b1 !
b1 ,
b1 9
b1 /
b1 3
b1 4
1Q
b1100 -
b1100 6
b1100 c
0J
1A
0G
1I
1D
b1 $
b101 #
b101 *
b101 2
b101 ;
b101 >
b101 b
b10010101 '
b110010101 (
#8120000
0`
1_
0]
0?
b1111 0
b1111 8
b1111 B
1X
0V
b0 !
b0 ,
b0 9
b0 /
b0 3
b0 4
b1111 .
b1111 7
b1111 <
0@
b1111 -
b1111 6
b1111 c
1J
0A
1Q
0O
1G
0I
1N
0D
1L
b0 $
b110 #
b110 *
b110 2
b110 ;
b110 >
b110 b
b10010110 '
b110010110 (
#8140000
1`
0_
1]
1?
0X
1V
b10000 0
b10000 8
b10000 B
1@
b1 !
b1 ,
b1 9
b1 /
b1 3
b1 4
0Q
1O
b1110 -
b1110 6
b1110 c
0J
1A
0G
1I
1D
b1 $
b111 #
b111 *
b111 2
b111 ;
b111 >
b111 b
b10010111 '
b110010111 (
#8160000
b10001 0
b10001 8
b10001 B
b1000 !
b1000 ,
b1000 9
b1000 /
b1000 3
b1000 4
b1001 .
b1001 7
b1001 <
0@
0?
b1 -
b1 6
b1 c
1J
0A
0Q
0O
0X
0V
0_
0]
1`
0[
1G
0I
0N
0U
0\
1^
0D
0L
0S
1Z
b1000 $
b1000 #
b1000 *
b1000 2
b1000 ;
b1000 >
b1000 b
b10011000 '
b110011000 (
#8180000
b10010 0
b10010 8
b10010 B
b1001 !
b1001 ,
b1001 9
b1001 /
b1001 3
b1001 4
1Q
b0 -
b0 6
b0 c
0J
1A
0G
1I
1D
b1001 $
b1001 #
b1001 *
b1001 2
b1001 ;
b1001 >
b1001 b
b10011001 '
b110011001 (
#8200000
b10011 0
b10011 8
b10011 B
0X
b1000 !
b1000 ,
b1000 9
b1000 /
b1000 3
b1000 4
b1011 .
b1011 7
b1011 <
0@
b11 -
b11 6
b11 c
1J
0A
1Q
0O
1G
0I
1N
0D
1L
b1000 $
b1010 #
b1010 *
b1010 2
b1010 ;
b1010 >
b1010 b
b10011010 '
b110011010 (
#8220000
1X
b10100 0
b10100 8
b10100 B
1@
b1001 !
b1001 ,
b1001 9
b1001 /
b1001 3
b1001 4
0Q
1O
b10 -
b10 6
b10 c
0J
1A
0G
1I
1D
b1001 $
b1011 #
b1011 *
b1011 2
b1011 ;
b1011 >
b1011 b
b10011011 '
b110011011 (
#8240000
b10101 0
b10101 8
b10101 B
0_
b1000 !
b1000 ,
b1000 9
b1000 /
b1000 3
b1000 4
b1101 .
b1101 7
b1101 <
0@
0?
b101 -
b101 6
b101 c
1J
0A
0Q
0O
1X
0V
1G
0I
0N
1U
0D
0L
1S
b1000 $
b1100 #
b1100 *
b1100 2
b1100 ;
b1100 >
b1100 b
b10011100 '
b110011100 (
#8260000
b10110 0
b10110 8
b10110 B
b1001 !
b1001 ,
b1001 9
b1001 /
b1001 3
b1001 4
1Q
b100 -
b100 6
b100 c
0J
1A
0G
1I
1D
b1001 $
b1101 #
b1101 *
b1101 2
b1101 ;
b1101 >
b1101 b
b10011101 '
b110011101 (
#8280000
0_
0?
b10111 0
b10111 8
b10111 B
1X
0V
b1000 !
b1000 ,
b1000 9
b1000 /
b1000 3
b1000 4
b1111 .
b1111 7
b1111 <
0@
b111 -
b111 6
b111 c
1J
0A
1Q
0O
1G
0I
1N
0D
1L
b1000 $
b1110 #
b1110 *
b1110 2
b1110 ;
b1110 >
b1110 b
b10011110 '
b110011110 (
#8300000
1_
1?
0X
1V
b11000 0
b11000 8
b11000 B
1@
b1001 !
b1001 ,
b1001 9
b1001 /
b1001 3
b1001 4
0Q
1O
b110 -
b110 6
b110 c
0J
1A
0G
1I
1D
b1001 $
b1111 #
b1111 *
b1111 2
b1111 ;
b1111 >
b1111 b
b10011111 '
b110011111 (
#8320000
0@
b1010 0
b1010 8
b1010 B
b0 !
b0 ,
b0 9
b0 /
b0 3
b0 4
b1010 .
b1010 7
b1010 <
1Q
0O
0?
b1010 -
b1010 6
b1010 c
0A
0X
0V
1_
0]
0`
0I
0U
1\
0^
0C
1K
0D
0L
0S
0Z
b0 $
b1010 "
b1010 )
b1010 1
b1010 :
b1010 =
b1010 a
b0 #
b0 *
b0 2
b0 ;
b0 >
b0 b
b10100000 '
b110100000 (
#8340000
b1011 0
b1011 8
b1011 B
b1011 .
b1011 7
b1011 <
b1011 -
b1011 6
b1011 c
1J
1G
1D
b1 #
b1 *
b1 2
b1 ;
b1 >
b1 b
b10100001 '
b110100001 (
#8360000
b1100 0
b1100 8
b1100 B
b10 !
b10 ,
b10 9
b10 /
b10 3
b10 4
b1010 .
b1010 7
b1010 <
1X
b1000 -
b1000 6
b1000 c
0J
0Q
1@
0G
0N
1P
0D
1L
b10 $
b10 #
b10 *
b10 2
b10 ;
b10 >
b10 b
b10100010 '
b110100010 (
#8380000
b1101 0
b1101 8
b1101 B
b1011 .
b1011 7
b1011 <
b1001 -
b1001 6
b1001 c
1J
1G
1D
b11 #
b11 *
b11 2
b11 ;
b11 >
b11 b
b10100011 '
b110100011 (
#8400000
0`
b1110 0
b1110 8
b1110 B
1_
0]
b0 !
b0 ,
b0 9
b0 /
b0 3
b0 4
b1110 .
b1110 7
b1110 <
0?
b1110 -
b1110 6
b1110 c
0J
1Q
0@
1X
0V
0G
1N
0P
1U
0D
0L
1S
b0 $
b100 #
b100 *
b100 2
b100 ;
b100 >
b100 b
b10100100 '
b110100100 (
#8420000
b1111 0
b1111 8
b1111 B
b1111 .
b1111 7
b1111 <
b1111 -
b1111 6
b1111 c
1J
1G
1D
b101 #
b101 *
b101 2
b101 ;
b101 >
b101 b
b10100101 '
b110100101 (
#8440000
1`
0_
1]
b10000 0
b10000 8
b10000 B
1?
b10 !
b10 ,
b10 9
b10 /
b10 3
b10 4
b1110 .
b1110 7
b1110 <
0X
1V
b1100 -
b1100 6
b1100 c
0J
0Q
1@
0G
0N
1P
0D
1L
b10 $
b110 #
b110 *
b110 2
b110 ;
b110 >
b110 b
b10100110 '
b110100110 (
#8460000
b10001 0
b10001 8
b10001 B
b1111 .
b1111 7
b1111 <
b1101 -
b1101 6
b1101 c
1J
1G
1D
b111 #
b111 *
b111 2
b111 ;
b111 >
b111 b
b10100111 '
b110100111 (
#8480000
b10010 0
b10010 8
b10010 B
b1000 !
b1000 ,
b1000 9
b1000 /
b1000 3
b1000 4
b1010 .
b1010 7
b1010 <
0?
b10 -
b10 6
b10 c
0J
1Q
0@
0X
0V
0_
0]
1`
0[
0G
1N
0P
0U
0\
1^
0D
0L
0S
1Z
b1000 $
b1000 #
b1000 *
b1000 2
b1000 ;
b1000 >
b1000 b
b10101000 '
b110101000 (
#8500000
b10011 0
b10011 8
b10011 B
b1011 .
b1011 7
b1011 <
b11 -
b11 6
b11 c
1J
1G
1D
b1001 #
b1001 *
b1001 2
b1001 ;
b1001 >
b1001 b
b10101001 '
b110101001 (
#8520000
b10100 0
b10100 8
b10100 B
b1010 !
b1010 ,
b1010 9
b1010 /
b1010 3
b1010 4
b1010 .
b1010 7
b1010 <
1X
b0 -
b0 6
b0 c
0J
0Q
1@
0G
0N
1P
0D
1L
b1010 $
b1010 #
b1010 *
b1010 2
b1010 ;
b1010 >
b1010 b
b10101010 '
b110101010 (
#8540000
b10101 0
b10101 8
b10101 B
b1011 .
b1011 7
b1011 <
b1 -
b1 6
b1 c
1J
1G
1D
b1011 #
b1011 *
b1011 2
b1011 ;
b1011 >
b1011 b
b10101011 '
b110101011 (
#8560000
b10110 0
b10110 8
b10110 B
0_
b1000 !
b1000 ,
b1000 9
b1000 /
b1000 3
b1000 4
b1110 .
b1110 7
b1110 <
0?
b110 -
b110 6
b110 c
0J
1Q
0@
1X
0V
0G
1N
0P
1U
0D
0L
1S
b1000 $
b1100 #
b1100 *
b1100 2
b1100 ;
b1100 >
b1100 b
b10101100 '
b110101100 (
#8580000
b10111 0
b10111 8
b10111 B
b1111 .
b1111 7
b1111 <
b111 -
b111 6
b111 c
1J
1G
1D
b1101 #
b1101 *
b1101 2
b1101 ;
b1101 >
b1101 b
b10101101 '
b110101101 (
#8600000
1_
b11000 0
b11000 8
b11000 B
1?
b1010 !
b1010 ,
b1010 9
b1010 /
b1010 3
b1010 4
b1110 .
b1110 7
b1110 <
0X
1V
b100 -
b100 6
b100 c
0J
0Q
1@
0G
0N
1P
0D
1L
b1010 $
b1110 #
b1110 *
b1110 2
b1110 ;
b1110 >
b1110 b
b10101110 '
b110101110 (
#8620000
b11001 0
b11001 8
b11001 B
b1111 .
b1111 7
b1111 <
b101 -
b101 6
b101 c
1J
1G
1D
b1111 #
b1111 *
b1111 2
b1111 ;
b1111 >
b1111 b
b10101111 '
b110101111 (
#8640000
b1011 0
b1011 8
b1011 B
b0 !
b0 ,
b0 9
b0 /
b0 3
b0 4
b1011 .
b1011 7
b1011 <
0?
b1011 -
b1011 6
b1011 c
1Q
0@
0X
0V
1_
0]
0`
1N
0P
0U
1\
0^
1C
0D
0L
0S
0Z
b0 $
b1011 "
b1011 )
b1011 1
b1011 :
b1011 =
b1011 a
b0 #
b0 *
b0 2
b0 ;
b0 >
b0 b
b10110000 '
b110110000 (
#8660000
1X
b1100 0
b1100 8
b1100 B
1@
b1 !
b1 ,
b1 9
b1 /
b1 3
b1 4
0Q
1O
b1010 -
b1010 6
b1010 c
0J
1A
0G
1I
1D
b1 $
b1 #
b1 *
b1 2
b1 ;
b1 >
b1 b
b10110001 '
b110110001 (
#8680000
b1101 0
b1101 8
b1101 B
b10 !
b10 ,
b10 9
b10 /
b10 3
b10 4
1X
b1001 -
b1001 6
b1001 c
1J
0A
0Q
0O
1@
0M
1G
0I
0N
1P
0D
1L
b10 $
b10 #
b10 *
b10 2
b10 ;
b10 >
b10 b
b10110010 '
b110110010 (
#8700000
b1110 0
b1110 8
b1110 B
b11 !
b11 ,
b11 9
b11 /
b11 3
b11 4
1Q
b1000 -
b1000 6
b1000 c
0J
1A
0G
1I
1D
b11 $
b11 #
b11 *
b11 2
b11 ;
b11 >
b11 b
b10110011 '
b110110011 (
#8720000
0`
b1111 0
b1111 8
b1111 B
1_
0]
b0 !
b0 ,
b0 9
b0 /
b0 3
b0 4
b1111 .
b1111 7
b1111 <
0?
b1111 -
b1111 6
b1111 c
1J
0A
1Q
0O
0@
1X
0V
1G
0I
1N
0P
1U
0D
0L
1S
b0 $
b100 #
b100 *
b100 2
b100 ;
b100 >
b100 b
b10110100 '
b110110100 (
#8740000
1`
0_
1]
1?
0X
1V
b10000 0
b10000 8
b10000 B
1@
b1 !
b1 ,
b1 9
b1 /
b1 3
b1 4
0Q
1O
b1110 -
b1110 6
b1110 c
0J
1A
0G
1I
1D
b1 $
b101 #
b101 *
b101 2
b101 ;
b101 >
b101 b
b10110101 '
b110110101 (
#8760000
1`
0_
1]
b10001 0
b10001 8
b10001 B
1?
b10 !
b10 ,
b10 9
b10 /
b10 3
b10 4
0X
1V
b1101 -
b1101 6
b1101 c
1J
0A
0Q
0O
1@
0M
1G
0I
0N
1P
0D
1L
b10 $
b110 #
b110 *
b110 2
b110 ;
b110 >
b110 b
b10110110 '
b110110110 (
#8780000
b10010 0
b10010 8
b10010 B
b11 !
b11 ,
b11 9
b11 /
b11 3
b11 4
1Q
b1100 -
b1100 6
b1100 c
0J
1A
0G
1I
1D
b11 $
b111 #
b111 *
b111 2
b111 ;
b111 >
b111 b
b10110111 '
b110110111 (
#8800000
b10011 0
b10011 8
b10011 B
b1000 !
b1000 ,
b1000 9
b1000 /
b1000 3
b1000 4
b1011 .
b1011 7
b1011 <
0?
b11 -
b11 6
b11 c
1J
0A
1Q
0O
0@
0X
0V
0_
0]
1`
0[
1G
0I
1N
0P
0U
0\
1^
0D
0L
0S
1Z
b1000 $
b1000 #
b1000 *
b1000 2
b1000 ;
b1000 >
b1000 b
b10111000 '
b110111000 (
#8820000
1X
b10100 0
b10100 8
b10100 B
1@
b1001 !
b1001 ,
b1001 9
b1001 /
b1001 3
b1001 4
0Q
1O
b10 -
b10 6
b10 c
0J
1A
0G
1I
1D
b1001 $
b1001 #
b1001 *
b1001 2
b1001 ;
b1001 >
b1001 b
b10111001 '
b110111001 (
#8840000
b10101 0
b10101 8
b10101 B
b1010 !
b1010 ,
b1010 9
b1010 /
b1010 3
b1010 4
1X
b1 -
b1 6
b1 c
1J
0A
0Q
0O
1@
0M
1G
0I
0N
1P
0D
1L
b1010 $
b1010 #
b1010 *
b1010 2
b1010 ;
b1010 >
b1010 b
b10111010 '
b110111010 (
#8860000
b10110 0
b10110 8
b10110 B
b1011 !
b1011 ,
b1011 9
b1011 /
b1011 3
b1011 4
1Q
b0 -
b0 6
b0 c
0J
1A
0G
1I
1D
b1011 $
b1011 #
b1011 *
b1011 2
b1011 ;
b1011 >
b1011 b
b10111011 '
b110111011 (
#8880000
b10111 0
b10111 8
b10111 B
0_
b1000 !
b1000 ,
b1000 9
b1000 /
b1000 3
b1000 4
b1111 .
b1111 7
b1111 <
0?
b111 -
b111 6
b111 c
1J
0A
1Q
0O
0@
1X
0V
1G
0I
1N
0P
1U
0D
0L
1S
b1000 $
b1100 #
b1100 *
b1100 2
b1100 ;
b1100 >
b1100 b
b10111100 '
b110111100 (
#8900000
1_
1?
0X
1V
b11000 0
b11000 8
b11000 B
1@
b1001 !
b1001 ,
b1001 9
b1001 /
b1001 3
b1001 4
0Q
1O
b110 -
b110 6
b110 c
0J
1A
0G
1I
1D
b1001 $
b1101 #
b1101 *
b1101 2
b1101 ;
b1101 >
b1101 b
b10111101 '
b110111101 (
#8920000
1_
b11001 0
b11001 8
b11001 B
1?
b1010 !
b1010 ,
b1010 9
b1010 /
b1010 3
b1010 4
0X
1V
b101 -
b101 6
b101 c
1J
0A
0Q
0O
1@
0M
1G
0I
0N
1P
0D
1L
b1010 $
b1110 #
b1110 *
b1110 2
b1110 ;
b1110 >
b1110 b
b10111110 '
b110111110 (
#8940000
b11010 0
b11010 8
b11010 B
b1011 !
b1011 ,
b1011 9
b1011 /
b1011 3
b1011 4
1Q
b100 -
b100 6
b100 c
0J
1A
0G
1I
1D
b1011 $
b1111 #
b1111 *
b1111 2
b1111 ;
b1111 >
b1111 b
b10111111 '
b110111111 (
#8960000
0?
b1100 0
b1100 8
b1100 B
b0 !
b0 ,
b0 9
b0 /
b0 3
b0 4
b1100 .
b1100 7
b1100 <
0Q
1X
0V
b1100 -
b1100 6
b1100 c
0A
0@
1_
0]
0`
0I
0P
1\
0^
0C
0K
1R
0D
0L
0S
0Z
b0 $
b1100 "
b1100 )
b1100 1
b1100 :
b1100 =
b1100 a
b0 #
b0 *
b0 2
b0 ;
b0 >
b0 b
b11000000 '
b111000000 (
#8980000
b1101 0
b1101 8
b1101 B
b1101 .
b1101 7
b1101 <
b1101 -
b1101 6
b1101 c
1J
1G
1D
b1 #
b1 *
b1 2
b1 ;
b1 >
b1 b
b11000001 '
b111000001 (
#9000000
b1110 0
b1110 8
b1110 B
b1110 .
b1110 7
b1110 <
b1110 -
b1110 6
b1110 c
0J
1Q
0G
1N
0D
1L
b10 #
b10 *
b10 2
b10 ;
b10 >
b10 b
b11000010 '
b111000010 (
#9020000
b1111 0
b1111 8
b1111 B
b1111 .
b1111 7
b1111 <
b1111 -
b1111 6
b1111 c
1J
1G
1D
b11 #
b11 *
b11 2
b11 ;
b11 >
b11 b
b11000011 '
b111000011 (
#9040000
b10000 0
b10000 8
b10000 B
1`
b100 !
b100 ,
b100 9
b100 /
b100 3
b100 4
b1100 .
b1100 7
b1100 <
0_
1]
b1000 -
b1000 6
b1000 c
0J
0Q
0X
1?
0G
0N
0U
1W
0D
0L
1S
b100 $
b100 #
b100 *
b100 2
b100 ;
b100 >
b100 b
b11000100 '
b111000100 (
#9060000
b10001 0
b10001 8
b10001 B
b1101 .
b1101 7
b1101 <
b1001 -
b1001 6
b1001 c
1J
1G
1D
b101 #
b101 *
b101 2
b101 ;
b101 >
b101 b
b11000101 '
b111000101 (
#9080000
b10010 0
b10010 8
b10010 B
b1110 .
b1110 7
b1110 <
b1010 -
b1010 6
b1010 c
0J
1Q
0G
1N
0D
1L
b110 #
b110 *
b110 2
b110 ;
b110 >
b110 b
b11000110 '
b111000110 (
#9100000
b10011 0
b10011 8
b10011 B
b1111 .
b1111 7
b1111 <
b1011 -
b1011 6
b1011 c
1J
1G
1D
b111 #
b111 *
b111 2
b111 ;
b111 >
b111 b
b11000111 '
b111000111 (
#9120000
b10100 0
b10100 8
b10100 B
b1000 !
b1000 ,
b1000 9
b1000 /
b1000 3
b1000 4
b1100 .
b1100 7
b1100 <
b100 -
b100 6
b100 c
0J
0Q
1X
0?
0_
0]
1`
0[
0G
0N
1U
0W
0\
1^
0D
0L
0S
1Z
b1000 $
b1000 #
b1000 *
b1000 2
b1000 ;
b1000 >
b1000 b
b11001000 '
b111001000 (
#9140000
b10101 0
b10101 8
b10101 B
b1101 .
b1101 7
b1101 <
b101 -
b101 6
b101 c
1J
1G
1D
b1001 #
b1001 *
b1001 2
b1001 ;
b1001 >
b1001 b
b11001001 '
b111001001 (
#9160000
b10110 0
b10110 8
b10110 B
b1110 .
b1110 7
b1110 <
b110 -
b110 6
b110 c
0J
1Q
0G
1N
0D
1L
b1010 #
b1010 *
b1010 2
b1010 ;
b1010 >
b1010 b
b11001010 '
b111001010 (
#9180000
b10111 0
b10111 8
b10111 B
b1111 .
b1111 7
b1111 <
b111 -
b111 6
b111 c
1J
1G
1D
b1011 #
b1011 *
b1011 2
b1011 ;
b1011 >
b1011 b
b11001011 '
b111001011 (
#9200000
b11000 0
b11000 8
b11000 B
b1100 !
b1100 ,
b1100 9
b1100 /
b1100 3
b1100 4
b1100 .
b1100 7
b1100 <
1_
b0 -
b0 6
b0 c
0J
0Q
0X
1?
0G
0N
0U
1W
0D
0L
1S
b1100 $
b1100 #
b1100 *
b1100 2
b1100 ;
b1100 >
b1100 b
b11001100 '
b111001100 (
#9220000
b11001 0
b11001 8
b11001 B
b1101 .
b1101 7
b1101 <
b1 -
b1 6
b1 c
1J
1G
1D
b1101 #
b1101 *
b1101 2
b1101 ;
b1101 >
b1101 b
b11001101 '
b111001101 (
#9240000
b11010 0
b11010 8
b11010 B
b1110 .
b1110 7
b1110 <
b10 -
b10 6
b10 c
0J
1Q
0G
1N
0D
1L
b1110 #
b1110 *
b1110 2
b1110 ;
b1110 >
b1110 b
b11001110 '
b111001110 (
#9260000
b11011 0
b11011 8
b11011 B
b1111 .
b1111 7
b1111 <
b11 -
b11 6
b11 c
1J
1G
1D
b1111 #
b1111 *
b1111 2
b1111 ;
b1111 >
b1111 b
b11001111 '
b111001111 (
#9280000
b1101 0
b1101 8
b1101 B
b0 !
b0 ,
b0 9
b0 /
b0 3
b0 4
b1101 .
b1101 7
b1101 <
b1101 -
b1101 6
b1101 c
0Q
1X
0?
1_
0]
0`
0N
1U
0W
1\
0^
1C
0D
0L
0S
0Z
b0 $
b1101 "
b1101 )
b1101 1
b1101 :
b1101 =
b1101 a
b0 #
b0 *
b0 2
b0 ;
b0 >
b0 b
b11010000 '
b111010000 (
#9300000
b1110 0
b1110 8
b1110 B
b1 !
b1 ,
b1 9
b1 /
b1 3
b1 4
1Q
b1100 -
b1100 6
b1100 c
0J
1A
0G
1I
1D
b1 $
b1 #
b1 *
b1 2
b1 ;
b1 >
b1 b
b11010001 '
b111010001 (
#9320000
0`
1_
0]
0?
b1111 0
b1111 8
b1111 B
1X
0V
b0 !
b0 ,
b0 9
b0 /
b0 3
b0 4
b1111 .
b1111 7
b1111 <
0@
b1111 -
b1111 6
b1111 c
1J
0A
1Q
0O
1G
0I
1N
0D
1L
b0 $
b10 #
b10 *
b10 2
b10 ;
b10 >
b10 b
b11010010 '
b111010010 (
#9340000
1`
0_
1]
1?
0X
1V
b10000 0
b10000 8
b10000 B
1@
b1 !
b1 ,
b1 9
b1 /
b1 3
b1 4
0Q
1O
b1110 -
b1110 6
b1110 c
0J
1A
0G
1I
1D
b1 $
b11 #
b11 *
b11 2
b11 ;
b11 >
b11 b
b11010011 '
b111010011 (
#9360000
b10001 0
b10001 8
b10001 B
1`
b100 !
b100 ,
b100 9
b100 /
b100 3
b100 4
b1101 .
b1101 7
b1101 <
0@
0_
1]
b1001 -
b1001 6
b1001 c
1J
0A
0Q
0O
0X
0V
1?
0T
1G
0I
0N
0U
1W
0D
0L
1S
b100 $
b100 #
b100 *
b100 2
b100 ;
b100 >
b100 b
b11010100 '
b111010100 (
#9380000
b10010 0
b10010 8
b10010 B
b101 !
b101 ,
b101 9
b101 /
b101 3
b101 4
1Q
b1000 -
b1000 6
b1000 c
0J
1A
0G
1I
1D
b101 $
b101 #
b101 *
b101 2
b101 ;
b101 >
b101 b
b11010101 '
b111010101 (
#9400000
b10011 0
b10011 8
b10011 B
0X
b100 !
b100 ,
b100 9
b100 /
b100 3
b100 4
b1111 .
b1111 7
b1111 <
0@
b1011 -
b1011 6
b1011 c
1J
0A
1Q
0O
1G
0I
1N
0D
1L
b100 $
b110 #
b110 *
b110 2
b110 ;
b110 >
b110 b
b11010110 '
b111010110 (
#9420000
1X
b10100 0
b10100 8
b10100 B
1@
b101 !
b101 ,
b101 9
b101 /
b101 3
b101 4
0Q
1O
b1010 -
b1010 6
b1010 c
0J
1A
0G
1I
1D
b101 $
b111 #
b111 *
b111 2
b111 ;
b111 >
b111 b
b11010111 '
b111010111 (
#9440000
b10101 0
b10101 8
b10101 B
b1000 !
b1000 ,
b1000 9
b1000 /
b1000 3
b1000 4
b1101 .
b1101 7
b1101 <
0@
b101 -
b101 6
b101 c
1J
0A
0Q
0O
1X
0V
0?
0_
0]
1`
0[
1G
0I
0N
1U
0W
0\
1^
0D
0L
0S
1Z
b1000 $
b1000 #
b1000 *
b1000 2
b1000 ;
b1000 >
b1000 b
b11011000 '
b111011000 (
#9460000
b10110 0
b10110 8
b10110 B
b1001 !
b1001 ,
b1001 9
b1001 /
b1001 3
b1001 4
1Q
b100 -
b100 6
b100 c
0J
1A
0G
1I
1D
b1001 $
b1001 #
b1001 *
b1001 2
b1001 ;
b1001 >
b1001 b
b11011001 '
b111011001 (
#9480000
0_
0?
b10111 0
b10111 8
b10111 B
1X
0V
b1000 !
b1000 ,
b1000 9
b1000 /
b1000 3
b1000 4
b1111 .
b1111 7
b1111 <
0@
b111 -
b111 6
b111 c
1J
0A
1Q
0O
1G
0I
1N
0D
1L
b1000 $
b1010 #
b1010 *
b1010 2
b1010 ;
b1010 >
b1010 b
b11011010 '
b111011010 (
#9500000
1_
1?
0X
1V
b11000 0
b11000 8
b11000 B
1@
b1001 !
b1001 ,
b1001 9
b1001 /
b1001 3
b1001 4
0Q
1O
b110 -
b110 6
b110 c
0J
1A
0G
1I
1D
b1001 $
b1011 #
b1011 *
b1011 2
b1011 ;
b1011 >
b1011 b
b11011011 '
b111011011 (
#9520000
b11001 0
b11001 8
b11001 B
b1100 !
b1100 ,
b1100 9
b1100 /
b1100 3
b1100 4
b1101 .
b1101 7
b1101 <
0@
1_
b1 -
b1 6
b1 c
1J
0A
0Q
0O
0X
0V
1?
0T
1G
0I
0N
0U
1W
0D
0L
1S
b1100 $
b1100 #
b1100 *
b1100 2
b1100 ;
b1100 >
b1100 b
b11011100 '
b111011100 (
#9540000
b11010 0
b11010 8
b11010 B
b1101 !
b1101 ,
b1101 9
b1101 /
b1101 3
b1101 4
1Q
b0 -
b0 6
b0 c
0J
1A
0G
1I
1D
b1101 $
b1101 #
b1101 *
b1101 2
b1101 ;
b1101 >
b1101 b
b11011101 '
b111011101 (
#9560000
b11011 0
b11011 8
b11011 B
0X
b1100 !
b1100 ,
b1100 9
b1100 /
b1100 3
b1100 4
b1111 .
b1111 7
b1111 <
0@
b11 -
b11 6
b11 c
1J
0A
1Q
0O
1G
0I
1N
0D
1L
b1100 $
b1110 #
b1110 *
b1110 2
b1110 ;
b1110 >
b1110 b
b11011110 '
b111011110 (
#9580000
1X
b11100 0
b11100 8
b11100 B
1@
b1101 !
b1101 ,
b1101 9
b1101 /
b1101 3
b1101 4
0Q
1O
b10 -
b10 6
b10 c
0J
1A
0G
1I
1D
b1101 $
b1111 #
b1111 *
b1111 2
b1111 ;
b1111 >
b1111 b
b11011111 '
b111011111 (
#9600000
0@
b1110 0
b1110 8
b1110 B
b0 !
b0 ,
b0 9
b0 /
b0 3
b0 4
b1110 .
b1110 7
b1110 <
1Q
0O
b1110 -
b1110 6
b1110 c
0A
1X
0V
0?
1_
0]
0`
0I
1U
0W
1\
0^
0C
1K
0D
0L
0S
0Z
b0 $
b1110 "
b1110 )
b1110 1
b1110 :
b1110 =
b1110 a
b0 #
b0 *
b0 2
b0 ;
b0 >
b0 b
b11100000 '
b111100000 (
#9620000
b1111 0
b1111 8
b1111 B
b1111 .
b1111 7
b1111 <
b1111 -
b1111 6
b1111 c
1J
1G
1D
b1 #
b1 *
b1 2
b1 ;
b1 >
b1 b
b11100001 '
b111100001 (
#9640000
1`
0_
1]
b10000 0
b10000 8
b10000 B
1?
b10 !
b10 ,
b10 9
b10 /
b10 3
b10 4
b1110 .
b1110 7
b1110 <
0X
1V
b1100 -
b1100 6
b1100 c
0J
0Q
1@
0G
0N
1P
0D
1L
b10 $
b10 #
b10 *
b10 2
b10 ;
b10 >
b10 b
b11100010 '
b111100010 (
#9660000
b10001 0
b10001 8
b10001 B
b1111 .
b1111 7
b1111 <
b1101 -
b1101 6
b1101 c
1J
1G
1D
b11 #
b11 *
b11 2
b11 ;
b11 >
b11 b
b11100011 '
b111100011 (
#9680000
b10010 0
b10010 8
b10010 B
1`
b100 !
b100 ,
b100 9
b100 /
b100 3
b100 4
b1110 .
b1110 7
b1110 <
0_
1]
b1010 -
b1010 6
b1010 c
0J
1Q
0@
0X
0V
1?
0T
0G
1N
0P
0U
1W
0D
0L
1S
b100 $
b100 #
b100 *
b100 2
b100 ;
b100 >
b100 b
b11100100 '
b111100100 (
#9700000
b10011 0
b10011 8
b10011 B
b1111 .
b1111 7
b1111 <
b1011 -
b1011 6
b1011 c
1J
1G
1D
b101 #
b101 *
b101 2
b101 ;
b101 >
b101 b
b11100101 '
b111100101 (
#9720000
b10100 0
b10100 8
b10100 B
b110 !
b110 ,
b110 9
b110 /
b110 3
b110 4
b1110 .
b1110 7
b1110 <
1X
b1000 -
b1000 6
b1000 c
0J
0Q
1@
0G
0N
1P
0D
1L
b110 $
b110 #
b110 *
b110 2
b110 ;
b110 >
b110 b
b11100110 '
b111100110 (
#9740000
b10101 0
b10101 8
b10101 B
b1111 .
b1111 7
b1111 <
b1001 -
b1001 6
b1001 c
1J
1G
1D
b111 #
b111 *
b111 2
b111 ;
b111 >
b111 b
b11100111 '
b111100111 (
#9760000
b10110 0
b10110 8
b10110 B
b1000 !
b1000 ,
b1000 9
b1000 /
b1000 3
b1000 4
b1110 .
b1110 7
b1110 <
b110 -
b110 6
b110 c
0J
1Q
0@
1X
0V
0?
0_
0]
1`
0[
0G
1N
0P
1U
0W
0\
1^
0D
0L
0S
1Z
b1000 $
b1000 #
b1000 *
b1000 2
b1000 ;
b1000 >
b1000 b
b11101000 '
b111101000 (
#9780000
b10111 0
b10111 8
b10111 B
b1111 .
b1111 7
b1111 <
b111 -
b111 6
b111 c
1J
1G
1D
b1001 #
b1001 *
b1001 2
b1001 ;
b1001 >
b1001 b
b11101001 '
b111101001 (
#9800000
1_
b11000 0
b11000 8
b11000 B
1?
b1010 !
b1010 ,
b1010 9
b1010 /
b1010 3
b1010 4
b1110 .
b1110 7
b1110 <
0X
1V
b100 -
b100 6
b100 c
0J
0Q
1@
0G
0N
1P
0D
1L
b1010 $
b1010 #
b1010 *
b1010 2
b1010 ;
b1010 >
b1010 b
b11101010 '
b111101010 (
#9820000
b11001 0
b11001 8
b11001 B
b1111 .
b1111 7
b1111 <
b101 -
b101 6
b101 c
1J
1G
1D
b1011 #
b1011 *
b1011 2
b1011 ;
b1011 >
b1011 b
b11101011 '
b111101011 (
#9840000
b11010 0
b11010 8
b11010 B
b1100 !
b1100 ,
b1100 9
b1100 /
b1100 3
b1100 4
b1110 .
b1110 7
b1110 <
1_
b10 -
b10 6
b10 c
0J
1Q
0@
0X
0V
1?
0T
0G
1N
0P
0U
1W
0D
0L
1S
b1100 $
b1100 #
b1100 *
b1100 2
b1100 ;
b1100 >
b1100 b
b11101100 '
b111101100 (
#9860000
b11011 0
b11011 8
b11011 B
b1111 .
b1111 7
b1111 <
b11 -
b11 6
b11 c
1J
1G
1D
b1101 #
b1101 *
b1101 2
b1101 ;
b1101 >
b1101 b
b11101101 '
b111101101 (
#9880000
b11100 0
b11100 8
b11100 B
b1110 !
b1110 ,
b1110 9
b1110 /
b1110 3
b1110 4
b1110 .
b1110 7
b1110 <
1X
b0 -
b0 6
b0 c
0J
0Q
1@
0G
0N
1P
0D
1L
b1110 $
b1110 #
b1110 *
b1110 2
b1110 ;
b1110 >
b1110 b
b11101110 '
b111101110 (
#9900000
b11101 0
b11101 8
b11101 B
b1111 .
b1111 7
b1111 <
b1 -
b1 6
b1 c
1J
1G
1D
b1111 #
b1111 *
b1111 2
b1111 ;
b1111 >
b1111 b
b11101111 '
b111101111 (
#9920000
b1111 0
b1111 8
b1111 B
b0 !
b0 ,
b0 9
b0 /
b0 3
b0 4
b1111 -
b1111 6
b1111 c
1Q
0@
1X
0V
0?
1_
0]
0`
1N
0P
1U
0W
1\
0^
1C
0D
0L
0S
0Z
b0 $
b1111 "
b1111 )
b1111 1
b1111 :
b1111 =
b1111 a
b0 #
b0 *
b0 2
b0 ;
b0 >
b0 b
b11110000 '
b111110000 (
#9940000
1`
0_
1]
1?
0X
1V
b10000 0
b10000 8
b10000 B
1@
b1 !
b1 ,
b1 9
b1 /
b1 3
b1 4
0Q
1O
b1110 -
b1110 6
b1110 c
0J
1A
0G
1I
1D
b1 $
b1 #
b1 *
b1 2
b1 ;
b1 >
b1 b
b11110001 '
b111110001 (
#9960000
1`
0_
1]
b10001 0
b10001 8
b10001 B
1?
b10 !
b10 ,
b10 9
b10 /
b10 3
b10 4
0X
1V
b1101 -
b1101 6
b1101 c
1J
0A
0Q
0O
1@
0M
1G
0I
0N
1P
0D
1L
b10 $
b10 #
b10 *
b10 2
b10 ;
b10 >
b10 b
b11110010 '
b111110010 (
#9980000
b10010 0
b10010 8
b10010 B
b11 !
b11 ,
b11 9
b11 /
b11 3
b11 4
1Q
b1100 -
b1100 6
b1100 c
0J
1A
0G
1I
1D
b11 $
b11 #
b11 *
b11 2
b11 ;
b11 >
b11 b
b11110011 '
b111110011 (
#10000000
b10011 0
b10011 8
b10011 B
1`
b100 !
b100 ,
b100 9
b100 /
b100 3
b100 4
0_
1]
b1011 -
b1011 6
b1011 c
1J
0A
1Q
0O
0@
0X
0V
1?
0T
1G
0I
1N
0P
0U
1W
0D
0L
1S
b100 $
b100 #
b100 *
b100 2
b100 ;
b100 >
b100 b
b11110100 '
b111110100 (
#10020000
1X
b10100 0
b10100 8
b10100 B
1@
b101 !
b101 ,
b101 9
b101 /
b101 3
b101 4
0Q
1O
b1010 -
b1010 6
b1010 c
0J
1A
0G
1I
1D
b101 $
b101 #
b101 *
b101 2
b101 ;
b101 >
b101 b
b11110101 '
b111110101 (
#10040000
b10101 0
b10101 8
b10101 B
b110 !
b110 ,
b110 9
b110 /
b110 3
b110 4
1X
b1001 -
b1001 6
b1001 c
1J
0A
0Q
0O
1@
0M
1G
0I
0N
1P
0D
1L
b110 $
b110 #
b110 *
b110 2
b110 ;
b110 >
b110 b
b11110110 '
b111110110 (
#10060000
b10110 0
b10110 8
b10110 B
b111 !
b111 ,
b111 9
b111 /
b111 3
b111 4
1Q
b1000 -
b1000 6
b1000 c
0J
1A
0G
1I
1D
b111 $
b111 #
b111 *
b111 2
b111 ;
b111 >
b111 b
b11110111 '
b111110111 (
#10080000
b10111 0
b10111 8
b10111 B
b1000 !
b1000 ,
b1000 9
b1000 /
b1000 3
b1000 4
b111 -
b111 6
b111 c
1J
0A
1Q
0O
0@
1X
0V
0?
0_
0]
1`
0[
1G
0I
1N
0P
1U
0W
0\
1^
0D
0L
0S
1Z
b1000 $
b1000 #
b1000 *
b1000 2
b1000 ;
b1000 >
b1000 b
b11111000 '
b111111000 (
#10100000
1_
1?
0X
1V
b11000 0
b11000 8
b11000 B
1@
b1001 !
b1001 ,
b1001 9
b1001 /
b1001 3
b1001 4
0Q
1O
b110 -
b110 6
b110 c
0J
1A
0G
1I
1D
b1001 $
b1001 #
b1001 *
b1001 2
b1001 ;
b1001 >
b1001 b
b11111001 '
b111111001 (
#10120000
1_
b11001 0
b11001 8
b11001 B
1?
b1010 !
b1010 ,
b1010 9
b1010 /
b1010 3
b1010 4
0X
1V
b101 -
b101 6
b101 c
1J
0A
0Q
0O
1@
0M
1G
0I
0N
1P
0D
1L
b1010 $
b1010 #
b1010 *
b1010 2
b1010 ;
b1010 >
b1010 b
b11111010 '
b111111010 (
#10140000
b11010 0
b11010 8
b11010 B
b1011 !
b1011 ,
b1011 9
b1011 /
b1011 3
b1011 4
1Q
b100 -
b100 6
b100 c
0J
1A
0G
1I
1D
b1011 $
b1011 #
b1011 *
b1011 2
b1011 ;
b1011 >
b1011 b
b11111011 '
b111111011 (
#10160000
b11011 0
b11011 8
b11011 B
b1100 !
b1100 ,
b1100 9
b1100 /
b1100 3
b1100 4
1_
b11 -
b11 6
b11 c
1J
0A
1Q
0O
0@
0X
0V
1?
0T
1G
0I
1N
0P
0U
1W
0D
0L
1S
b1100 $
b1100 #
b1100 *
b1100 2
b1100 ;
b1100 >
b1100 b
b11111100 '
b111111100 (
#10180000
1X
b11100 0
b11100 8
b11100 B
1@
b1101 !
b1101 ,
b1101 9
b1101 /
b1101 3
b1101 4
0Q
1O
b10 -
b10 6
b10 c
0J
1A
0G
1I
1D
b1101 $
b1101 #
b1101 *
b1101 2
b1101 ;
b1101 >
b1101 b
b11111101 '
b111111101 (
#10200000
b11101 0
b11101 8
b11101 B
b1110 !
b1110 ,
b1110 9
b1110 /
b1110 3
b1110 4
1X
b1 -
b1 6
b1 c
1J
0A
0Q
0O
1@
0M
1G
0I
0N
1P
0D
1L
b1110 $
b1110 #
b1110 *
b1110 2
b1110 ;
b1110 >
b1110 b
b11111110 '
b111111110 (
#10220000
b11110 0
b11110 8
b11110 B
b1111 !
b1111 ,
b1111 9
b1111 /
b1111 3
b1111 4
1Q
b0 -
b0 6
b0 c
0J
1A
0G
1I
1D
b1111 $
b1111 #
b1111 *
b1111 2
b1111 ;
b1111 >
b1111 b
b11111111 '
b111111111 (
#10240000
b0 !
b0 ,
b0 9
b0 0
b0 8
b0 B
b0 /
b0 3
b0 4
b0 .
b0 7
b0 <
0Q
0X
0_
0A
0@
0?
0`
0I
0P
0W
0^
0C
0K
0R
0Y
0D
0L
0S
0Z
b0 $
b0 "
b0 )
b0 1
b0 :
b0 =
b0 a
b0 #
b0 *
b0 2
b0 ;
b0 >
b0 b
b10 %
b10 +
b10 5
b0 '
b1000000000 (
#10260000
b1 0
b1 8
b1 B
b1 !
b1 ,
b1 9
b1 .
b1 7
b1 <
b1 -
b1 6
b1 c
1J
1G
1D
b1 $
b1 #
b1 *
b1 2
b1 ;
b1 >
b1 b
b1 '
b1000000001 (
#10280000
b10 0
b10 8
b10 B
b10 !
b10 ,
b10 9
b10 .
b10 7
b10 <
b10 -
b10 6
b10 c
0J
1Q
0G
1N
0D
1L
b10 $
b10 #
b10 *
b10 2
b10 ;
b10 >
b10 b
b10 '
b1000000010 (
#10300000
b11 0
b11 8
b11 B
b11 !
b11 ,
b11 9
b11 .
b11 7
b11 <
b11 -
b11 6
b11 c
1J
1G
1D
b11 $
b11 #
b11 *
b11 2
b11 ;
b11 >
b11 b
b11 '
b1000000011 (
#10320000
b100 0
b100 8
b100 B
b100 !
b100 ,
b100 9
b100 .
b100 7
b100 <
b100 -
b100 6
b100 c
0J
0Q
1X
0G
0N
1U
0D
0L
1S
b100 $
b100 #
b100 *
b100 2
b100 ;
b100 >
b100 b
b100 '
b1000000100 (
#10340000
b101 0
b101 8
b101 B
b101 !
b101 ,
b101 9
b101 .
b101 7
b101 <
b101 -
b101 6
b101 c
1J
1G
1D
b101 $
b101 #
b101 *
b101 2
b101 ;
b101 >
b101 b
b101 '
b1000000101 (
#10360000
b110 0
b110 8
b110 B
b110 !
b110 ,
b110 9
b110 .
b110 7
b110 <
b110 -
b110 6
b110 c
0J
1Q
0G
1N
0D
1L
b110 $
b110 #
b110 *
b110 2
b110 ;
b110 >
b110 b
b110 '
b1000000110 (
#10380000
b111 0
b111 8
b111 B
b111 !
b111 ,
b111 9
b111 .
b111 7
b111 <
b111 -
b111 6
b111 c
1J
1G
1D
b111 $
b111 #
b111 *
b111 2
b111 ;
b111 >
b111 b
b111 '
b1000000111 (
#10400000
b1000 0
b1000 8
b1000 B
b1000 !
b1000 ,
b1000 9
b1000 .
b1000 7
b1000 <
b1000 -
b1000 6
b1000 c
0J
0Q
0X
1_
0G
0N
0U
1\
0D
0L
0S
1Z
b1000 $
b1000 #
b1000 *
b1000 2
b1000 ;
b1000 >
b1000 b
b1000 '
b1000001000 (
#10420000
b1001 0
b1001 8
b1001 B
b1001 !
b1001 ,
b1001 9
b1001 .
b1001 7
b1001 <
b1001 -
b1001 6
b1001 c
1J
1G
1D
b1001 $
b1001 #
b1001 *
b1001 2
b1001 ;
b1001 >
b1001 b
b1001 '
b1000001001 (
#10440000
b1010 0
b1010 8
b1010 B
b1010 !
b1010 ,
b1010 9
b1010 .
b1010 7
b1010 <
b1010 -
b1010 6
b1010 c
0J
1Q
0G
1N
0D
1L
b1010 $
b1010 #
b1010 *
b1010 2
b1010 ;
b1010 >
b1010 b
b1010 '
b1000001010 (
#10460000
b1011 0
b1011 8
b1011 B
b1011 !
b1011 ,
b1011 9
b1011 .
b1011 7
b1011 <
b1011 -
b1011 6
b1011 c
1J
1G
1D
b1011 $
b1011 #
b1011 *
b1011 2
b1011 ;
b1011 >
b1011 b
b1011 '
b1000001011 (
#10480000
b1100 0
b1100 8
b1100 B
b1100 !
b1100 ,
b1100 9
b1100 .
b1100 7
b1100 <
b1100 -
b1100 6
b1100 c
0J
0Q
1X
0G
0N
1U
0D
0L
1S
b1100 $
b1100 #
b1100 *
b1100 2
b1100 ;
b1100 >
b1100 b
b1100 '
b1000001100 (
#10500000
b1101 0
b1101 8
b1101 B
b1101 !
b1101 ,
b1101 9
b1101 .
b1101 7
b1101 <
b1101 -
b1101 6
b1101 c
1J
1G
1D
b1101 $
b1101 #
b1101 *
b1101 2
b1101 ;
b1101 >
b1101 b
b1101 '
b1000001101 (
#10520000
b1110 0
b1110 8
b1110 B
b1110 !
b1110 ,
b1110 9
b1110 .
b1110 7
b1110 <
b1110 -
b1110 6
b1110 c
0J
1Q
0G
1N
0D
1L
b1110 $
b1110 #
b1110 *
b1110 2
b1110 ;
b1110 >
b1110 b
b1110 '
b1000001110 (
#10540000
b1111 0
b1111 8
b1111 B
b1111 !
b1111 ,
b1111 9
b1111 .
b1111 7
b1111 <
b1111 -
b1111 6
b1111 c
1J
1G
1D
b1111 $
b1111 #
b1111 *
b1111 2
b1111 ;
b1111 >
b1111 b
b1111 '
b1000001111 (
#10560000
b1 0
b1 8
b1 B
b1 !
b1 ,
b1 9
b1 .
b1 7
b1 <
b1 -
b1 6
b1 c
0Q
0X
0_
0N
0U
0\
1C
0D
0L
0S
0Z
b1 $
b1 "
b1 )
b1 1
b1 :
b1 =
b1 a
b0 #
b0 *
b0 2
b0 ;
b0 >
b0 b
b10000 '
b1000010000 (
#10580000
b10 0
b10 8
b10 B
b1 /
b1 3
b1 4
1Q
b0 -
b0 6
b0 c
0J
1A
0G
1I
1D
b1 #
b1 *
b1 2
b1 ;
b1 >
b1 b
b10001 '
b1000010001 (
#10600000
b11 0
b11 8
b11 B
0X
b11 !
b11 ,
b11 9
b0 /
b0 3
b0 4
b11 .
b11 7
b11 <
0@
b11 -
b11 6
b11 c
1J
0A
1Q
0O
1G
0I
1N
0D
1L
b11 $
b10 #
b10 *
b10 2
b10 ;
b10 >
b10 b
b10010 '
b1000010010 (
#10620000
1X
b100 0
b100 8
b100 B
1@
b1 /
b1 3
b1 4
0Q
1O
b10 -
b10 6
b10 c
0J
1A
0G
1I
1D
b11 #
b11 *
b11 2
b11 ;
b11 >
b11 b
b10011 '
b1000010011 (
#10640000
b101 0
b101 8
b101 B
0_
b101 !
b101 ,
b101 9
b0 /
b0 3
b0 4
b101 .
b101 7
b101 <
0@
0?
b101 -
b101 6
b101 c
1J
0A
0Q
0O
1X
0V
1G
0I
0N
1U
0D
0L
1S
b101 $
b100 #
b100 *
b100 2
b100 ;
b100 >
b100 b
b10100 '
b1000010100 (
#10660000
b110 0
b110 8
b110 B
b1 /
b1 3
b1 4
1Q
b100 -
b100 6
b100 c
0J
1A
0G
1I
1D
b101 #
b101 *
b101 2
b101 ;
b101 >
b101 b
b10101 '
b1000010101 (
#10680000
0_
0?
b111 0
b111 8
b111 B
1X
0V
b111 !
b111 ,
b111 9
b0 /
b0 3
b0 4
b111 .
b111 7
b111 <
0@
b111 -
b111 6
b111 c
1J
0A
1Q
0O
1G
0I
1N
0D
1L
b111 $
b110 #
b110 *
b110 2
b110 ;
b110 >
b110 b
b10110 '
b1000010110 (
#10700000
1_
1?
0X
1V
b1000 0
b1000 8
b1000 B
1@
b1 /
b1 3
b1 4
0Q
1O
b110 -
b110 6
b110 c
0J
1A
0G
1I
1D
b111 #
b111 *
b111 2
b111 ;
b111 >
b111 b
b10111 '
b1000010111 (
#10720000
b1001 0
b1001 8
b1001 B
b1001 !
b1001 ,
b1001 9
b0 /
b0 3
b0 4
b1001 .
b1001 7
b1001 <
0@
0?
0`
b1001 -
b1001 6
b1001 c
1J
0A
0Q
0O
0X
0V
1_
0]
1G
0I
0N
0U
1\
0D
0L
0S
1Z
b1001 $
b1000 #
b1000 *
b1000 2
b1000 ;
b1000 >
b1000 b
b11000 '
b1000011000 (
#10740000
b1010 0
b1010 8
b1010 B
b1 /
b1 3
b1 4
1Q
b1000 -
b1000 6
b1000 c
0J
1A
0G
1I
1D
b1001 #
b1001 *
b1001 2
b1001 ;
b1001 >
b1001 b
b11001 '
b1000011001 (
#10760000
b1011 0
b1011 8
b1011 B
0X
b1011 !
b1011 ,
b1011 9
b0 /
b0 3
b0 4
b1011 .
b1011 7
b1011 <
0@
b1011 -
b1011 6
b1011 c
1J
0A
1Q
0O
1G
0I
1N
0D
1L
b1011 $
b1010 #
b1010 *
b1010 2
b1010 ;
b1010 >
b1010 b
b11010 '
b1000011010 (
#10780000
1X
b1100 0
b1100 8
b1100 B
1@
b1 /
b1 3
b1 4
0Q
1O
b1010 -
b1010 6
b1010 c
0J
1A
0G
1I
1D
b1011 #
b1011 *
b1011 2
b1011 ;
b1011 >
b1011 b
b11011 '
b1000011011 (
#10800000
0`
b1101 0
b1101 8
b1101 B
1_
0]
b1101 !
b1101 ,
b1101 9
b0 /
b0 3
b0 4
b1101 .
b1101 7
b1101 <
0@
0?
b1101 -
b1101 6
b1101 c
1J
0A
0Q
0O
1X
0V
1G
0I
0N
1U
0D
0L
1S
b1101 $
b1100 #
b1100 *
b1100 2
b1100 ;
b1100 >
b1100 b
b11100 '
b1000011100 (
#10820000
b1110 0
b1110 8
b1110 B
b1 /
b1 3
b1 4
1Q
b1100 -
b1100 6
b1100 c
0J
1A
0G
1I
1D
b1101 #
b1101 *
b1101 2
b1101 ;
b1101 >
b1101 b
b11101 '
b1000011101 (
#10840000
0`
1_
0]
0?
b1111 0
b1111 8
b1111 B
1X
0V
b1111 !
b1111 ,
b1111 9
b0 /
b0 3
b0 4
b1111 .
b1111 7
b1111 <
0@
b1111 -
b1111 6
b1111 c
1J
0A
1Q
0O
1G
0I
1N
0D
1L
b1111 $
b1110 #
b1110 *
b1110 2
b1110 ;
b1110 >
b1110 b
b11110 '
b1000011110 (
#10860000
1`
0_
1]
1?
0X
1V
b10000 0
b10000 8
b10000 B
1@
b1 /
b1 3
b1 4
0Q
1O
b1110 -
b1110 6
b1110 c
0J
1A
0G
1I
1D
b1111 #
b1111 *
b1111 2
b1111 ;
b1111 >
b1111 b
b11111 '
b1000011111 (
#10880000
0@
b10 0
b10 8
b10 B
b10 !
b10 ,
b10 9
b0 /
b0 3
b0 4
b10 .
b10 7
b10 <
1Q
0O
0?
0`
b10 -
b10 6
b10 c
0A
0X
0V
0_
0]
0I
0U
0\
0C
1K
0D
0L
0S
0Z
b10 $
b10 "
b10 )
b10 1
b10 :
b10 =
b10 a
b0 #
b0 *
b0 2
b0 ;
b0 >
b0 b
b100000 '
b1000100000 (
#10900000
b11 0
b11 8
b11 B
b11 !
b11 ,
b11 9
b11 .
b11 7
b11 <
b11 -
b11 6
b11 c
1J
1G
1D
b11 $
b1 #
b1 *
b1 2
b1 ;
b1 >
b1 b
b100001 '
b1000100001 (
#10920000
b100 0
b100 8
b100 B
b10 !
b10 ,
b10 9
b10 /
b10 3
b10 4
b10 .
b10 7
b10 <
1X
b0 -
b0 6
b0 c
0J
0Q
1@
0G
0N
1P
0D
1L
b10 $
b10 #
b10 *
b10 2
b10 ;
b10 >
b10 b
b100010 '
b1000100010 (
#10940000
b101 0
b101 8
b101 B
b11 !
b11 ,
b11 9
b11 .
b11 7
b11 <
b1 -
b1 6
b1 c
1J
1G
1D
b11 $
b11 #
b11 *
b11 2
b11 ;
b11 >
b11 b
b100011 '
b1000100011 (
#10960000
b110 0
b110 8
b110 B
0_
b110 !
b110 ,
b110 9
b0 /
b0 3
b0 4
b110 .
b110 7
b110 <
0?
b110 -
b110 6
b110 c
0J
1Q
0@
1X
0V
0G
1N
0P
1U
0D
0L
1S
b110 $
b100 #
b100 *
b100 2
b100 ;
b100 >
b100 b
b100100 '
b1000100100 (
#10980000
b111 0
b111 8
b111 B
b111 !
b111 ,
b111 9
b111 .
b111 7
b111 <
b111 -
b111 6
b111 c
1J
1G
1D
b111 $
b101 #
b101 *
b101 2
b101 ;
b101 >
b101 b
b100101 '
b1000100101 (
#11000000
1_
b1000 0
b1000 8
b1000 B
1?
b110 !
b110 ,
b110 9
b10 /
b10 3
b10 4
b110 .
b110 7
b110 <
0X
1V
b100 -
b100 6
b100 c
0J
0Q
1@
0G
0N
1P
0D
1L
b110 $
b110 #
b110 *
b110 2
b110 ;
b110 >
b110 b
b100110 '
b1000100110 (
#11020000
b1001 0
b1001 8
b1001 B
b111 !
b111 ,
b111 9
b111 .
b111 7
b111 <
b101 -
b101 6
b101 c
1J
1G
1D
b111 $
b111 #
b111 *
b111 2
b111 ;
b111 >
b111 b
b100111 '
b1000100111 (
#11040000
b1010 0
b1010 8
b1010 B
b1010 !
b1010 ,
b1010 9
b0 /
b0 3
b0 4
b1010 .
b1010 7
b1010 <
0?
0`
b1010 -
b1010 6
b1010 c
0J
1Q
0@
0X
0V
1_
0]
0G
1N
0P
0U
1\
0D
0L
0S
1Z
b1010 $
b1000 #
b1000 *
b1000 2
b1000 ;
b1000 >
b1000 b
b101000 '
b1000101000 (
#11060000
b1011 0
b1011 8
b1011 B
b1011 !
b1011 ,
b1011 9
b1011 .
b1011 7
b1011 <
b1011 -
b1011 6
b1011 c
1J
1G
1D
b1011 $
b1001 #
b1001 *
b1001 2
b1001 ;
b1001 >
b1001 b
b101001 '
b1000101001 (
#11080000
b1100 0
b1100 8
b1100 B
b1010 !
b1010 ,
b1010 9
b10 /
b10 3
b10 4
b1010 .
b1010 7
b1010 <
1X
b1000 -
b1000 6
b1000 c
0J
0Q
1@
0G
0N
1P
0D
1L
b1010 $
b1010 #
b1010 *
b1010 2
b1010 ;
b1010 >
b1010 b
b101010 '
b1000101010 (
#11100000
b1101 0
b1101 8
b1101 B
b1011 !
b1011 ,
b1011 9
b1011 .
b1011 7
b1011 <
b1001 -
b1001 6
b1001 c
1J
1G
1D
b1011 $
b1011 #
b1011 *
b1011 2
b1011 ;
b1011 >
b1011 b
b101011 '
b1000101011 (
#11120000
0`
b1110 0
b1110 8
b1110 B
1_
0]
b1110 !
b1110 ,
b1110 9
b0 /
b0 3
b0 4
b1110 .
b1110 7
b1110 <
0?
b1110 -
b1110 6
b1110 c
0J
1Q
0@
1X
0V
0G
1N
0P
1U
0D
0L
1S
b1110 $
b1100 #
b1100 *
b1100 2
b1100 ;
b1100 >
b1100 b
b101100 '
b1000101100 (
#11140000
b1111 0
b1111 8
b1111 B
b1111 !
b1111 ,
b1111 9
b1111 .
b1111 7
b1111 <
b1111 -
b1111 6
b1111 c
1J
1G
1D
b1111 $
b1101 #
b1101 *
b1101 2
b1101 ;
b1101 >
b1101 b
b101101 '
b1000101101 (
#11160000
1`
0_
1]
b10000 0
b10000 8
b10000 B
1?
b1110 !
b1110 ,
b1110 9
b10 /
b10 3
b10 4
b1110 .
b1110 7
b1110 <
0X
1V
b1100 -
b1100 6
b1100 c
0J
0Q
1@
0G
0N
1P
0D
1L
b1110 $
b1110 #
b1110 *
b1110 2
b1110 ;
b1110 >
b1110 b
b101110 '
b1000101110 (
#11180000
b10001 0
b10001 8
b10001 B
b1111 !
b1111 ,
b1111 9
b1111 .
b1111 7
b1111 <
b1101 -
b1101 6
b1101 c
1J
1G
1D
b1111 $
b1111 #
b1111 *
b1111 2
b1111 ;
b1111 >
b1111 b
b101111 '
b1000101111 (
#11200000
b11 0
b11 8
b11 B
b11 !
b11 ,
b11 9
b0 /
b0 3
b0 4
b11 .
b11 7
b11 <
0?
0`
b11 -
b11 6
b11 c
1Q
0@
0X
0V
0_
0]
1N
0P
0U
0\
1C
0D
0L
0S
0Z
b11 $
b11 "
b11 )
b11 1
b11 :
b11 =
b11 a
b0 #
b0 *
b0 2
b0 ;
b0 >
b0 b
b110000 '
b1000110000 (
#11220000
1X
b100 0
b100 8
b100 B
1@
b1 /
b1 3
b1 4
0Q
1O
b10 -
b10 6
b10 c
0J
1A
0G
1I
1D
b1 #
b1 *
b1 2
b1 ;
b1 >
b1 b
b110001 '
b1000110001 (
#11240000
b101 0
b101 8
b101 B
b10 /
b10 3
b10 4
1X
b1 -
b1 6
b1 c
1J
0A
0Q
0O
1@
0M
1G
0I
0N
1P
0D
1L
b10 #
b10 *
b10 2
b10 ;
b10 >
b10 b
b110010 '
b1000110010 (
#11260000
b110 0
b110 8
b110 B
b11 /
b11 3
b11 4
1Q
b0 -
b0 6
b0 c
0J
1A
0G
1I
1D
b11 #
b11 *
b11 2
b11 ;
b11 >
b11 b
b110011 '
b1000110011 (
#11280000
b111 0
b111 8
b111 B
0_
b111 !
b111 ,
b111 9
b0 /
b0 3
b0 4
b111 .
b111 7
b111 <
0?
b111 -
b111 6
b111 c
1J
0A
1Q
0O
0@
1X
0V
1G
0I
1N
0P
1U
0D
0L
1S
b111 $
b100 #
b100 *
b100 2
b100 ;
b100 >
b100 b
b110100 '
b1000110100 (
#11300000
1_
1?
0X
1V
b1000 0
b1000 8
b1000 B
1@
b1 /
b1 3
b1 4
0Q
1O
b110 -
b110 6
b110 c
0J
1A
0G
1I
1D
b101 #
b101 *
b101 2
b101 ;
b101 >
b101 b
b110101 '
b1000110101 (
#11320000
1_
b1001 0
b1001 8
b1001 B
1?
b10 /
b10 3
b10 4
0X
1V
b101 -
b101 6
b101 c
1J
0A
0Q
0O
1@
0M
1G
0I
0N
1P
0D
1L
b110 #
b110 *
b110 2
b110 ;
b110 >
b110 b
b110110 '
b1000110110 (
#11340000
b1010 0
b1010 8
b1010 B
b11 /
b11 3
b11 4
1Q
b100 -
b100 6
b100 c
0J
1A
0G
1I
1D
b111 #
b111 *
b111 2
b111 ;
b111 >
b111 b
b110111 '
b1000110111 (
#11360000
b1011 0
b1011 8
b1011 B
b1011 !
b1011 ,
b1011 9
b0 /
b0 3
b0 4
b1011 .
b1011 7
b1011 <
0?
0`
b1011 -
b1011 6
b1011 c
1J
0A
1Q
0O
0@
0X
0V
1_
0]
1G
0I
1N
0P
0U
1\
0D
0L
0S
1Z
b1011 $
b1000 #
b1000 *
b1000 2
b1000 ;
b1000 >
b1000 b
b111000 '
b1000111000 (
#11380000
1X
b1100 0
b1100 8
b1100 B
1@
b1 /
b1 3
b1 4
0Q
1O
b1010 -
b1010 6
b1010 c
0J
1A
0G
1I
1D
b1001 #
b1001 *
b1001 2
b1001 ;
b1001 >
b1001 b
b111001 '
b1000111001 (
#11400000
b1101 0
b1101 8
b1101 B
b10 /
b10 3
b10 4
1X
b1001 -
b1001 6
b1001 c
1J
0A
0Q
0O
1@
0M
1G
0I
0N
1P
0D
1L
b1010 #
b1010 *
b1010 2
b1010 ;
b1010 >
b1010 b
b111010 '
b1000111010 (
#11420000
b1110 0
b1110 8
b1110 B
b11 /
b11 3
b11 4
1Q
b1000 -
b1000 6
b1000 c
0J
1A
0G
1I
1D
b1011 #
b1011 *
b1011 2
b1011 ;
b1011 >
b1011 b
b111011 '
b1000111011 (
#11440000
0`
b1111 0
b1111 8
b1111 B
1_
0]
b1111 !
b1111 ,
b1111 9
b0 /
b0 3
b0 4
b1111 .
b1111 7
b1111 <
0?
b1111 -
b1111 6
b1111 c
1J
0A
1Q
0O
0@
1X
0V
1G
0I
1N
0P
1U
0D
0L
1S
b1111 $
b1100 #
b1100 *
b1100 2
b1100 ;
b1100 >
b1100 b
b111100 '
b1000111100 (
#11460000
1`
0_
1]
1?
0X
1V
b10000 0
b10000 8
b10000 B
1@
b1 /
b1 3
b1 4
0Q
1O
b1110 -
b1110 6
b1110 c
0J
1A
0G
1I
1D
b1101 #
b1101 *
b1101 2
b1101 ;
b1101 >
b1101 b
b111101 '
b1000111101 (
#11480000
1`
0_
1]
b10001 0
b10001 8
b10001 B
1?
b10 /
b10 3
b10 4
0X
1V
b1101 -
b1101 6
b1101 c
1J
0A
0Q
0O
1@
0M
1G
0I
0N
1P
0D
1L
b1110 #
b1110 *
b1110 2
b1110 ;
b1110 >
b1110 b
b111110 '
b1000111110 (
#11500000
b10010 0
b10010 8
b10010 B
b11 /
b11 3
b11 4
1Q
b1100 -
b1100 6
b1100 c
0J
1A
0G
1I
1D
b1111 #
b1111 *
b1111 2
b1111 ;
b1111 >
b1111 b
b111111 '
b1000111111 (
#11520000
0?
b100 0
b100 8
b100 B
b100 !
b100 ,
b100 9
b0 /
b0 3
b0 4
b100 .
b100 7
b100 <
0Q
1X
0V
0`
b100 -
b100 6
b100 c
0A
0@
0_
0]
0I
0P
0\
0C
0K
1R
0D
0L
0S
0Z
b100 $
b100 "
b100 )
b100 1
b100 :
b100 =
b100 a
b0 #
b0 *
b0 2
b0 ;
b0 >
b0 b
b1000000 '
b1001000000 (
#11540000
b101 0
b101 8
b101 B
b101 !
b101 ,
b101 9
b101 .
b101 7
b101 <
b101 -
b101 6
b101 c
1J
1G
1D
b101 $
b1 #
b1 *
b1 2
b1 ;
b1 >
b1 b
b1000001 '
b1001000001 (
#11560000
b110 0
b110 8
b110 B
b110 !
b110 ,
b110 9
b110 .
b110 7
b110 <
b110 -
b110 6
b110 c
0J
1Q
0G
1N
0D
1L
b110 $
b10 #
b10 *
b10 2
b10 ;
b10 >
b10 b
b1000010 '
b1001000010 (
#11580000
b111 0
b111 8
b111 B
b111 !
b111 ,
b111 9
b111 .
b111 7
b111 <
b111 -
b111 6
b111 c
1J
1G
1D
b111 $
b11 #
b11 *
b11 2
b11 ;
b11 >
b11 b
b1000011 '
b1001000011 (
#11600000
b1000 0
b1000 8
b1000 B
b100 !
b100 ,
b100 9
b100 /
b100 3
b100 4
b100 .
b100 7
b100 <
1_
b0 -
b0 6
b0 c
0J
0Q
0X
1?
0G
0N
0U
1W
0D
0L
1S
b100 $
b100 #
b100 *
b100 2
b100 ;
b100 >
b100 b
b1000100 '
b1001000100 (
#11620000
b1001 0
b1001 8
b1001 B
b101 !
b101 ,
b101 9
b101 .
b101 7
b101 <
b1 -
b1 6
b1 c
1J
1G
1D
b101 $
b101 #
b101 *
b101 2
b101 ;
b101 >
b101 b
b1000101 '
b1001000101 (
#11640000
b1010 0
b1010 8
b1010 B
b110 !
b110 ,
b110 9
b110 .
b110 7
b110 <
b10 -
b10 6
b10 c
0J
1Q
0G
1N
0D
1L
b110 $
b110 #
b110 *
b110 2
b110 ;
b110 >
b110 b
b1000110 '
b1001000110 (
#11660000
b1011 0
b1011 8
b1011 B
b111 !
b111 ,
b111 9
b111 .
b111 7
b111 <
b11 -
b11 6
b11 c
1J
1G
1D
b111 $
b111 #
b111 *
b111 2
b111 ;
b111 >
b111 b
b1000111 '
b1001000111 (
#11680000
b1100 0
b1100 8
b1100 B
b1100 !
b1100 ,
b1100 9
b0 /
b0 3
b0 4
b1100 .
b1100 7
b1100 <
0`
b1100 -
b1100 6
b1100 c
0J
0Q
1X
0?
1_
0]
0G
0N
1U
0W
1\
0D
0L
0S
1Z
b1100 $
b1000 #
b1000 *
b1000 2
b1000 ;
b1000 >
b1000 b
b1001000 '
b1001001000 (
#11700000
b1101 0
b1101 8
b1101 B
b1101 !
b1101 ,
b1101 9
b1101 .
b1101 7
b1101 <
b1101 -
b1101 6
b1101 c
1J
1G
1D
b1101 $
b1001 #
b1001 *
b1001 2
b1001 ;
b1001 >
b1001 b
b1001001 '
b1001001001 (
#11720000
b1110 0
b1110 8
b1110 B
b1110 !
b1110 ,
b1110 9
b1110 .
b1110 7
b1110 <
b1110 -
b1110 6
b1110 c
0J
1Q
0G
1N
0D
1L
b1110 $
b1010 #
b1010 *
b1010 2
b1010 ;
b1010 >
b1010 b
b1001010 '
b1001001010 (
#11740000
b1111 0
b1111 8
b1111 B
b1111 !
b1111 ,
b1111 9
b1111 .
b1111 7
b1111 <
b1111 -
b1111 6
b1111 c
1J
1G
1D
b1111 $
b1011 #
b1011 *
b1011 2
b1011 ;
b1011 >
b1011 b
b1001011 '
b1001001011 (
#11760000
b10000 0
b10000 8
b10000 B
1`
b1100 !
b1100 ,
b1100 9
b100 /
b100 3
b100 4
b1100 .
b1100 7
b1100 <
0_
1]
b1000 -
b1000 6
b1000 c
0J
0Q
0X
1?
0G
0N
0U
1W
0D
0L
1S
b1100 $
b1100 #
b1100 *
b1100 2
b1100 ;
b1100 >
b1100 b
b1001100 '
b1001001100 (
#11780000
b10001 0
b10001 8
b10001 B
b1101 !
b1101 ,
b1101 9
b1101 .
b1101 7
b1101 <
b1001 -
b1001 6
b1001 c
1J
1G
1D
b1101 $
b1101 #
b1101 *
b1101 2
b1101 ;
b1101 >
b1101 b
b1001101 '
b1001001101 (
#11800000
b10010 0
b10010 8
b10010 B
b1110 !
b1110 ,
b1110 9
b1110 .
b1110 7
b1110 <
b1010 -
b1010 6
b1010 c
0J
1Q
0G
1N
0D
1L
b1110 $
b1110 #
b1110 *
b1110 2
b1110 ;
b1110 >
b1110 b
b1001110 '
b1001001110 (
#11820000
b10011 0
b10011 8
b10011 B
b1111 !
b1111 ,
b1111 9
b1111 .
b1111 7
b1111 <
b1011 -
b1011 6
b1011 c
1J
1G
1D
b1111 $
b1111 #
b1111 *
b1111 2
b1111 ;
b1111 >
b1111 b
b1001111 '
b1001001111 (
#11840000
b101 0
b101 8
b101 B
b101 !
b101 ,
b101 9
b0 /
b0 3
b0 4
b101 .
b101 7
b101 <
0`
b101 -
b101 6
b101 c
0Q
1X
0?
0_
0]
0N
1U
0W
0\
1C
0D
0L
0S
0Z
b101 $
b101 "
b101 )
b101 1
b101 :
b101 =
b101 a
b0 #
b0 *
b0 2
b0 ;
b0 >
b0 b
b1010000 '
b1001010000 (
#11860000
b110 0
b110 8
b110 B
b1 /
b1 3
b1 4
1Q
b100 -
b100 6
b100 c
0J
1A
0G
1I
1D
b1 #
b1 *
b1 2
b1 ;
b1 >
b1 b
b1010001 '
b1001010001 (
#11880000
0_
0?
b111 0
b111 8
b111 B
1X
0V
b111 !
b111 ,
b111 9
b0 /
b0 3
b0 4
b111 .
b111 7
b111 <
0@
b111 -
b111 6
b111 c
1J
0A
1Q
0O
1G
0I
1N
0D
1L
b111 $
b10 #
b10 *
b10 2
b10 ;
b10 >
b10 b
b1010010 '
b1001010010 (
#11900000
1_
1?
0X
1V
b1000 0
b1000 8
b1000 B
1@
b1 /
b1 3
b1 4
0Q
1O
b110 -
b110 6
b110 c
0J
1A
0G
1I
1D
b11 #
b11 *
b11 2
b11 ;
b11 >
b11 b
b1010011 '
b1001010011 (
#11920000
b1001 0
b1001 8
b1001 B
b101 !
b101 ,
b101 9
b100 /
b100 3
b100 4
b101 .
b101 7
b101 <
0@
1_
b1 -
b1 6
b1 c
1J
0A
0Q
0O
0X
0V
1?
0T
1G
0I
0N
0U
1W
0D
0L
1S
b101 $
b100 #
b100 *
b100 2
b100 ;
b100 >
b100 b
b1010100 '
b1001010100 (
#11940000
b1010 0
b1010 8
b1010 B
b101 /
b101 3
b101 4
1Q
b0 -
b0 6
b0 c
0J
1A
0G
1I
1D
b101 #
b101 *
b101 2
b101 ;
b101 >
b101 b
b1010101 '
b1001010101 (
#11960000
b1011 0
b1011 8
b1011 B
0X
b111 !
b111 ,
b111 9
b100 /
b100 3
b100 4
b111 .
b111 7
b111 <
0@
b11 -
b11 6
b11 c
1J
0A
1Q
0O
1G
0I
1N
0D
1L
b111 $
b110 #
b110 *
b110 2
b110 ;
b110 >
b110 b
b1010110 '
b1001010110 (
#11980000
1X
b1100 0
b1100 8
b1100 B
1@
b101 /
b101 3
b101 4
0Q
1O
b10 -
b10 6
b10 c
0J
1A
0G
1I
1D
b111 #
b111 *
b111 2
b111 ;
b111 >
b111 b
b1010111 '
b1001010111 (
#12000000
b1101 0
b1101 8
b1101 B
b1101 !
b1101 ,
b1101 9
b0 /
b0 3
b0 4
b1101 .
b1101 7
b1101 <
0@
0`
b1101 -
b1101 6
b1101 c
1J
0A
0Q
0O
1X
0V
0?
1_
0]
1G
0I
0N
1U
0W
1\
0D
0L
0S
1Z
b1101 $
b1000 #
b1000 *
b1000 2
b1000 ;
b1000 >
b1000 b
b1011000 '
b1001011000 (
#12020000
b1110 0
b1110 8
b1110 B
b1 /
b1 3
b1 4
1Q
b1100 -
b1100 6
b1100 c
0J
1A
0G
1I
1D
b1001 #
b1001 *
b1001 2
b1001 ;
b1001 >
b1001 b
b1011001 '
b1001011001 (
#12040000
0`
1_
0]
0?
b1111 0
b1111 8
b1111 B
1X
0V
b1111 !
b1111 ,
b1111 9
b0 /
b0 3
b0 4
b1111 .
b1111 7
b1111 <
0@
b1111 -
b1111 6
b1111 c
1J
0A
1Q
0O
1G
0I
1N
0D
1L
b1111 $
b1010 #
b1010 *
b1010 2
b1010 ;
b1010 >
b1010 b
b1011010 '
b1001011010 (
#12060000
1`
0_
1]
1?
0X
1V
b10000 0
b10000 8
b10000 B
1@
b1 /
b1 3
b1 4
0Q
1O
b1110 -
b1110 6
b1110 c
0J
1A
0G
1I
1D
b1011 #
b1011 *
b1011 2
b1011 ;
b1011 >
b1011 b
b1011011 '
b1001011011 (
#12080000
b10001 0
b10001 8
b10001 B
1`
b1101 !
b1101 ,
b1101 9
b100 /
b100 3
b100 4
b1101 .
b1101 7
b1101 <
0@
0_
1]
b1001 -
b1001 6
b1001 c
1J
0A
0Q
0O
0X
0V
1?
0T
1G
0I
0N
0U
1W
0D
0L
1S
b1101 $
b1100 #
b1100 *
b1100 2
b1100 ;
b1100 >
b1100 b
b1011100 '
b1001011100 (
#12100000
b10010 0
b10010 8
b10010 B
b101 /
b101 3
b101 4
1Q
b1000 -
b1000 6
b1000 c
0J
1A
0G
1I
1D
b1101 #
b1101 *
b1101 2
b1101 ;
b1101 >
b1101 b
b1011101 '
b1001011101 (
#12120000
b10011 0
b10011 8
b10011 B
0X
b1111 !
b1111 ,
b1111 9
b100 /
b100 3
b100 4
b1111 .
b1111 7
b1111 <
0@
b1011 -
b1011 6
b1011 c
1J
0A
1Q
0O
1G
0I
1N
0D
1L
b1111 $
b1110 #
b1110 *
b1110 2
b1110 ;
b1110 >
b1110 b
b1011110 '
b1001011110 (
#12140000
1X
b10100 0
b10100 8
b10100 B
1@
b101 /
b101 3
b101 4
0Q
1O
b1010 -
b1010 6
b1010 c
0J
1A
0G
1I
1D
b1111 #
b1111 *
b1111 2
b1111 ;
b1111 >
b1111 b
b1011111 '
b1001011111 (
#12160000
0@
b110 0
b110 8
b110 B
b110 !
b110 ,
b110 9
b0 /
b0 3
b0 4
b110 .
b110 7
b110 <
1Q
0O
0`
b110 -
b110 6
b110 c
0A
1X
0V
0?
0_
0]
0I
1U
0W
0\
0C
1K
0D
0L
0S
0Z
b110 $
b110 "
b110 )
b110 1
b110 :
b110 =
b110 a
b0 #
b0 *
b0 2
b0 ;
b0 >
b0 b
b1100000 '
b1001100000 (
#12180000
b111 0
b111 8
b111 B
b111 !
b111 ,
b111 9
b111 .
b111 7
b111 <
b111 -
b111 6
b111 c
1J
1G
1D
b111 $
b1 #
b1 *
b1 2
b1 ;
b1 >
b1 b
b1100001 '
b1001100001 (
#12200000
1_
b1000 0
b1000 8
b1000 B
1?
b110 !
b110 ,
b110 9
b10 /
b10 3
b10 4
b110 .
b110 7
b110 <
0X
1V
b100 -
b100 6
b100 c
0J
0Q
1@
0G
0N
1P
0D
1L
b110 $
b10 #
b10 *
b10 2
b10 ;
b10 >
b10 b
b1100010 '
b1001100010 (
#12220000
b1001 0
b1001 8
b1001 B
b111 !
b111 ,
b111 9
b111 .
b111 7
b111 <
b101 -
b101 6
b101 c
1J
1G
1D
b111 $
b11 #
b11 *
b11 2
b11 ;
b11 >
b11 b
b1100011 '
b1001100011 (
#12240000
b1010 0
b1010 8
b1010 B
b110 !
b110 ,
b110 9
b100 /
b100 3
b100 4
b110 .
b110 7
b110 <
1_
b10 -
b10 6
b10 c
0J
1Q
0@
0X
0V
1?
0T
0G
1N
0P
0U
1W
0D
0L
1S
b110 $
b100 #
b100 *
b100 2
b100 ;
b100 >
b100 b
b1100100 '
b1001100100 (
#12260000
b1011 0
b1011 8
b1011 B
b111 !
b111 ,
b111 9
b111 .
b111 7
b111 <
b11 -
b11 6
b11 c
1J
1G
1D
b111 $
b101 #
b101 *
b101 2
b101 ;
b101 >
b101 b
b1100101 '
b1001100101 (
#12280000
b1100 0
b1100 8
b1100 B
b110 !
b110 ,
b110 9
b110 /
b110 3
b110 4
b110 .
b110 7
b110 <
1X
b0 -
b0 6
b0 c
0J
0Q
1@
0G
0N
1P
0D
1L
b110 $
b110 #
b110 *
b110 2
b110 ;
b110 >
b110 b
b1100110 '
b1001100110 (
#12300000
b1101 0
b1101 8
b1101 B
b111 !
b111 ,
b111 9
b111 .
b111 7
b111 <
b1 -
b1 6
b1 c
1J
1G
1D
b111 $
b111 #
b111 *
b111 2
b111 ;
b111 >
b111 b
b1100111 '
b1001100111 (
#12320000
b1110 0
b1110 8
b1110 B
b1110 !
b1110 ,
b1110 9
b0 /
b0 3
b0 4
b1110 .
b1110 7
b1110 <
0`
b1110 -
b1110 6
b1110 c
0J
1Q
0@
1X
0V
0?
1_
0]
0G
1N
0P
1U
0W
1\
0D
0L
0S
1Z
b1110 $
b1000 #
b1000 *
b1000 2
b1000 ;
b1000 >
b1000 b
b1101000 '
b1001101000 (
#12340000
b1111 0
b1111 8
b1111 B
b1111 !
b1111 ,
b1111 9
b1111 .
b1111 7
b1111 <
b1111 -
b1111 6
b1111 c
1J
1G
1D
b1111 $
b1001 #
b1001 *
b1001 2
b1001 ;
b1001 >
b1001 b
b1101001 '
b1001101001 (
#12360000
1`
0_
1]
b10000 0
b10000 8
b10000 B
1?
b1110 !
b1110 ,
b1110 9
b10 /
b10 3
b10 4
b1110 .
b1110 7
b1110 <
0X
1V
b1100 -
b1100 6
b1100 c
0J
0Q
1@
0G
0N
1P
0D
1L
b1110 $
b1010 #
b1010 *
b1010 2
b1010 ;
b1010 >
b1010 b
b1101010 '
b1001101010 (
#12380000
b10001 0
b10001 8
b10001 B
b1111 !
b1111 ,
b1111 9
b1111 .
b1111 7
b1111 <
b1101 -
b1101 6
b1101 c
1J
1G
1D
b1111 $
b1011 #
b1011 *
b1011 2
b1011 ;
b1011 >
b1011 b
b1101011 '
b1001101011 (
#12400000
b10010 0
b10010 8
b10010 B
1`
b1110 !
b1110 ,
b1110 9
b100 /
b100 3
b100 4
b1110 .
b1110 7
b1110 <
0_
1]
b1010 -
b1010 6
b1010 c
0J
1Q
0@
0X
0V
1?
0T
0G
1N
0P
0U
1W
0D
0L
1S
b1110 $
b1100 #
b1100 *
b1100 2
b1100 ;
b1100 >
b1100 b
b1101100 '
b1001101100 (
#12420000
b10011 0
b10011 8
b10011 B
b1111 !
b1111 ,
b1111 9
b1111 .
b1111 7
b1111 <
b1011 -
b1011 6
b1011 c
1J
1G
1D
b1111 $
b1101 #
b1101 *
b1101 2
b1101 ;
b1101 >
b1101 b
b1101101 '
b1001101101 (
#12440000
b10100 0
b10100 8
b10100 B
b1110 !
b1110 ,
b1110 9
b110 /
b110 3
b110 4
b1110 .
b1110 7
b1110 <
1X
b1000 -
b1000 6
b1000 c
0J
0Q
1@
0G
0N
1P
0D
1L
b1110 $
b1110 #
b1110 *
b1110 2
b1110 ;
b1110 >
b1110 b
b1101110 '
b1001101110 (
#12460000
b10101 0
b10101 8
b10101 B
b1111 !
b1111 ,
b1111 9
b1111 .
b1111 7
b1111 <
b1001 -
b1001 6
b1001 c
1J
1G
1D
b1111 $
b1111 #
b1111 *
b1111 2
b1111 ;
b1111 >
b1111 b
b1101111 '
b1001101111 (
#12480000
b111 0
b111 8
b111 B
b111 !
b111 ,
b111 9
b0 /
b0 3
b0 4
b111 .
b111 7
b111 <
0`
b111 -
b111 6
b111 c
1Q
0@
1X
0V
0?
0_
0]
1N
0P
1U
0W
0\
1C
0D
0L
0S
0Z
b111 $
b111 "
b111 )
b111 1
b111 :
b111 =
b111 a
b0 #
b0 *
b0 2
b0 ;
b0 >
b0 b
b1110000 '
b1001110000 (
#12500000
1_
1?
0X
1V
b1000 0
b1000 8
b1000 B
1@
b1 /
b1 3
b1 4
0Q
1O
b110 -
b110 6
b110 c
0J
1A
0G
1I
1D
b1 #
b1 *
b1 2
b1 ;
b1 >
b1 b
b1110001 '
b1001110001 (
#12520000
1_
b1001 0
b1001 8
b1001 B
1?
b10 /
b10 3
b10 4
0X
1V
b101 -
b101 6
b101 c
1J
0A
0Q
0O
1@
0M
1G
0I
0N
1P
0D
1L
b10 #
b10 *
b10 2
b10 ;
b10 >
b10 b
b1110010 '
b1001110010 (
#12540000
b1010 0
b1010 8
b1010 B
b11 /
b11 3
b11 4
1Q
b100 -
b100 6
b100 c
0J
1A
0G
1I
1D
b11 #
b11 *
b11 2
b11 ;
b11 >
b11 b
b1110011 '
b1001110011 (
#12560000
b1011 0
b1011 8
b1011 B
b100 /
b100 3
b100 4
1_
b11 -
b11 6
b11 c
1J
0A
1Q
0O
0@
0X
0V
1?
0T
1G
0I
1N
0P
0U
1W
0D
0L
1S
b100 #
b100 *
b100 2
b100 ;
b100 >
b100 b
b1110100 '
b1001110100 (
#12580000
1X
b1100 0
b1100 8
b1100 B
1@
b101 /
b101 3
b101 4
0Q
1O
b10 -
b10 6
b10 c
0J
1A
0G
1I
1D
b101 #
b101 *
b101 2
b101 ;
b101 >
b101 b
b1110101 '
b1001110101 (
#12600000
b1101 0
b1101 8
b1101 B
b110 /
b110 3
b110 4
1X
b1 -
b1 6
b1 c
1J
0A
0Q
0O
1@
0M
1G
0I
0N
1P
0D
1L
b110 #
b110 *
b110 2
b110 ;
b110 >
b110 b
b1110110 '
b1001110110 (
#12620000
b1110 0
b1110 8
b1110 B
b111 /
b111 3
b111 4
1Q
b0 -
b0 6
b0 c
0J
1A
0G
1I
1D
b111 #
b111 *
b111 2
b111 ;
b111 >
b111 b
b1110111 '
b1001110111 (
#12640000
b1111 0
b1111 8
b1111 B
b1111 !
b1111 ,
b1111 9
b0 /
b0 3
b0 4
b1111 .
b1111 7
b1111 <
0`
b1111 -
b1111 6
b1111 c
1J
0A
1Q
0O
0@
1X
0V
0?
1_
0]
1G
0I
1N
0P
1U
0W
1\
0D
0L
0S
1Z
b1111 $
b1000 #
b1000 *
b1000 2
b1000 ;
b1000 >
b1000 b
b1111000 '
b1001111000 (
#12660000
1`
0_
1]
1?
0X
1V
b10000 0
b10000 8
b10000 B
1@
b1 /
b1 3
b1 4
0Q
1O
b1110 -
b1110 6
b1110 c
0J
1A
0G
1I
1D
b1001 #
b1001 *
b1001 2
b1001 ;
b1001 >
b1001 b
b1111001 '
b1001111001 (
#12680000
1`
0_
1]
b10001 0
b10001 8
b10001 B
1?
b10 /
b10 3
b10 4
0X
1V
b1101 -
b1101 6
b1101 c
1J
0A
0Q
0O
1@
0M
1G
0I
0N
1P
0D
1L
b1010 #
b1010 *
b1010 2
b1010 ;
b1010 >
b1010 b
b1111010 '
b1001111010 (
#12700000
b10010 0
b10010 8
b10010 B
b11 /
b11 3
b11 4
1Q
b1100 -
b1100 6
b1100 c
0J
1A
0G
1I
1D
b1011 #
b1011 *
b1011 2
b1011 ;
b1011 >
b1011 b
b1111011 '
b1001111011 (
#12720000
b10011 0
b10011 8
b10011 B
1`
b100 /
b100 3
b100 4
0_
1]
b1011 -
b1011 6
b1011 c
1J
0A
1Q
0O
0@
0X
0V
1?
0T
1G
0I
1N
0P
0U
1W
0D
0L
1S
b1100 #
b1100 *
b1100 2
b1100 ;
b1100 >
b1100 b
b1111100 '
b1001111100 (
#12740000
1X
b10100 0
b10100 8
b10100 B
1@
b101 /
b101 3
b101 4
0Q
1O
b1010 -
b1010 6
b1010 c
0J
1A
0G
1I
1D
b1101 #
b1101 *
b1101 2
b1101 ;
b1101 >
b1101 b
b1111101 '
b1001111101 (
#12760000
b10101 0
b10101 8
b10101 B
b110 /
b110 3
b110 4
1X
b1001 -
b1001 6
b1001 c
1J
0A
0Q
0O
1@
0M
1G
0I
0N
1P
0D
1L
b1110 #
b1110 *
b1110 2
b1110 ;
b1110 >
b1110 b
b1111110 '
b1001111110 (
#12780000
b10110 0
b10110 8
b10110 B
b111 /
b111 3
b111 4
1Q
b1000 -
b1000 6
b1000 c
0J
1A
0G
1I
1D
b1111 #
b1111 *
b1111 2
b1111 ;
b1111 >
b1111 b
b1111111 '
b1001111111 (
#12800000
b1000 0
b1000 8
b1000 B
b1000 !
b1000 ,
b1000 9
0`
b0 /
b0 3
b0 4
b1000 .
b1000 7
b1000 <
0Q
0X
1_
0]
0A
0@
0?
0I
0P
0W
0C
0K
0R
1Y
0D
0L
0S
0Z
b1000 $
b1000 "
b1000 )
b1000 1
b1000 :
b1000 =
b1000 a
b0 #
b0 *
b0 2
b0 ;
b0 >
b0 b
b10000000 '
b1010000000 (
#12820000
b1001 0
b1001 8
b1001 B
b1001 !
b1001 ,
b1001 9
b1001 .
b1001 7
b1001 <
b1001 -
b1001 6
b1001 c
1J
1G
1D
b1001 $
b1 #
b1 *
b1 2
b1 ;
b1 >
b1 b
b10000001 '
b1010000001 (
#12840000
b1010 0
b1010 8
b1010 B
b1010 !
b1010 ,
b1010 9
b1010 .
b1010 7
b1010 <
b1010 -
b1010 6
b1010 c
0J
1Q
0G
1N
0D
1L
b1010 $
b10 #
b10 *
b10 2
b10 ;
b10 >
b10 b
b10000010 '
b1010000010 (
#12860000
b1011 0
b1011 8
b1011 B
b1011 !
b1011 ,
b1011 9
b1011 .
b1011 7
b1011 <
b1011 -
b1011 6
b1011 c
1J
1G
1D
b1011 $
b11 #
b11 *
b11 2
b11 ;
b11 >
b11 b
b10000011 '
b1010000011 (
#12880000
b1100 0
b1100 8
b1100 B
b1100 !
b1100 ,
b1100 9
b1100 .
b1100 7
b1100 <
b1100 -
b1100 6
b1100 c
0J
0Q
1X
0G
0N
1U
0D
0L
1S
b1100 $
b100 #
b100 *
b100 2
b100 ;
b100 >
b100 b
b10000100 '
b1010000100 (
#12900000
b1101 0
b1101 8
b1101 B
b1101 !
b1101 ,
b1101 9
b1101 .
b1101 7
b1101 <
b1101 -
b1101 6
b1101 c
1J
1G
1D
b1101 $
b101 #
b101 *
b101 2
b101 ;
b101 >
b101 b
b10000101 '
b1010000101 (
#12920000
b1110 0
b1110 8
b1110 B
b1110 !
b1110 ,
b1110 9
b1110 .
b1110 7
b1110 <
b1110 -
b1110 6
b1110 c
0J
1Q
0G
1N
0D
1L
b1110 $
b110 #
b110 *
b110 2
b110 ;
b110 >
b110 b
b10000110 '
b1010000110 (
#12940000
b1111 0
b1111 8
b1111 B
b1111 !
b1111 ,
b1111 9
b1111 .
b1111 7
b1111 <
b1111 -
b1111 6
b1111 c
1J
1G
1D
b1111 $
b111 #
b111 *
b111 2
b111 ;
b111 >
b111 b
b10000111 '
b1010000111 (
#12960000
b10000 0
b10000 8
b10000 B
b1000 !
b1000 ,
b1000 9
b1000 /
b1000 3
b1000 4
b1000 .
b1000 7
b1000 <
b0 -
b0 6
b0 c
0J
0Q
0X
0_
1`
0G
0N
0U
0\
1^
0D
0L
0S
1Z
b1000 $
b1000 #
b1000 *
b1000 2
b1000 ;
b1000 >
b1000 b
b10001000 '
b1010001000 (
#12980000
b10001 0
b10001 8
b10001 B
b1001 !
b1001 ,
b1001 9
b1001 .
b1001 7
b1001 <
b1 -
b1 6
b1 c
1J
1G
1D
b1001 $
b1001 #
b1001 *
b1001 2
b1001 ;
b1001 >
b1001 b
b10001001 '
b1010001001 (
#13000000
b10010 0
b10010 8
b10010 B
b1010 !
b1010 ,
b1010 9
b1010 .
b1010 7
b1010 <
b10 -
b10 6
b10 c
0J
1Q
0G
1N
0D
1L
b1010 $
b1010 #
b1010 *
b1010 2
b1010 ;
b1010 >
b1010 b
b10001010 '
b1010001010 (
#13020000
b10011 0
b10011 8
b10011 B
b1011 !
b1011 ,
b1011 9
b1011 .
b1011 7
b1011 <
b11 -
b11 6
b11 c
1J
1G
1D
b1011 $
b1011 #
b1011 *
b1011 2
b1011 ;
b1011 >
b1011 b
b10001011 '
b1010001011 (
#13040000
b10100 0
b10100 8
b10100 B
b1100 !
b1100 ,
b1100 9
b1100 .
b1100 7
b1100 <
b100 -
b100 6
b100 c
0J
0Q
1X
0G
0N
1U
0D
0L
1S
b1100 $
b1100 #
b1100 *
b1100 2
b1100 ;
b1100 >
b1100 b
b10001100 '
b1010001100 (
#13060000
b10101 0
b10101 8
b10101 B
b1101 !
b1101 ,
b1101 9
b1101 .
b1101 7
b1101 <
b101 -
b101 6
b101 c
1J
1G
1D
b1101 $
b1101 #
b1101 *
b1101 2
b1101 ;
b1101 >
b1101 b
b10001101 '
b1010001101 (
#13080000
b10110 0
b10110 8
b10110 B
b1110 !
b1110 ,
b1110 9
b1110 .
b1110 7
b1110 <
b110 -
b110 6
b110 c
0J
1Q
0G
1N
0D
1L
b1110 $
b1110 #
b1110 *
b1110 2
b1110 ;
b1110 >
b1110 b
b10001110 '
b1010001110 (
#13100000
b10111 0
b10111 8
b10111 B
b1111 !
b1111 ,
b1111 9
b1111 .
b1111 7
b1111 <
b111 -
b111 6
b111 c
1J
1G
1D
b1111 $
b1111 #
b1111 *
b1111 2
b1111 ;
b1111 >
b1111 b
b10001111 '
b1010001111 (
#13120000
b1001 0
b1001 8
b1001 B
b1001 !
b1001 ,
b1001 9
b0 /
b0 3
b0 4
b1001 .
b1001 7
b1001 <
b1001 -
b1001 6
b1001 c
0Q
0X
1_
0`
0N
0U
1\
0^
1C
0D
0L
0S
0Z
b1001 $
b1001 "
b1001 )
b1001 1
b1001 :
b1001 =
b1001 a
b0 #
b0 *
b0 2
b0 ;
b0 >
b0 b
b10010000 '
b1010010000 (
#13140000
b1010 0
b1010 8
b1010 B
b1 /
b1 3
b1 4
1Q
b1000 -
b1000 6
b1000 c
0J
1A
0G
1I
1D
b1 #
b1 *
b1 2
b1 ;
b1 >
b1 b
b10010001 '
b1010010001 (
#13160000
b1011 0
b1011 8
b1011 B
0X
b1011 !
b1011 ,
b1011 9
b0 /
b0 3
b0 4
b1011 .
b1011 7
b1011 <
0@
b1011 -
b1011 6
b1011 c
1J
0A
1Q
0O
1G
0I
1N
0D
1L
b1011 $
b10 #
b10 *
b10 2
b10 ;
b10 >
b10 b
b10010010 '
b1010010010 (
#13180000
1X
b1100 0
b1100 8
b1100 B
1@
b1 /
b1 3
b1 4
0Q
1O
b1010 -
b1010 6
b1010 c
0J
1A
0G
1I
1D
b11 #
b11 *
b11 2
b11 ;
b11 >
b11 b
b10010011 '
b1010010011 (
#13200000
0`
b1101 0
b1101 8
b1101 B
1_
0]
b1101 !
b1101 ,
b1101 9
b0 /
b0 3
b0 4
b1101 .
b1101 7
b1101 <
0@
0?
b1101 -
b1101 6
b1101 c
1J
0A
0Q
0O
1X
0V
1G
0I
0N
1U
0D
0L
1S
b1101 $
b100 #
b100 *
b100 2
b100 ;
b100 >
b100 b
b10010100 '
b1010010100 (
#13220000
b1110 0
b1110 8
b1110 B
b1 /
b1 3
b1 4
1Q
b1100 -
b1100 6
b1100 c
0J
1A
0G
1I
1D
b101 #
b101 *
b101 2
b101 ;
b101 >
b101 b
b10010101 '
b1010010101 (
#13240000
0`
1_
0]
0?
b1111 0
b1111 8
b1111 B
1X
0V
b1111 !
b1111 ,
b1111 9
b0 /
b0 3
b0 4
b1111 .
b1111 7
b1111 <
0@
b1111 -
b1111 6
b1111 c
1J
0A
1Q
0O
1G
0I
1N
0D
1L
b1111 $
b110 #
b110 *
b110 2
b110 ;
b110 >
b110 b
b10010110 '
b1010010110 (
#13260000
1`
0_
1]
1?
0X
1V
b10000 0
b10000 8
b10000 B
1@
b1 /
b1 3
b1 4
0Q
1O
b1110 -
b1110 6
b1110 c
0J
1A
0G
1I
1D
b111 #
b111 *
b111 2
b111 ;
b111 >
b111 b
b10010111 '
b1010010111 (
#13280000
b10001 0
b10001 8
b10001 B
b1001 !
b1001 ,
b1001 9
b1000 /
b1000 3
b1000 4
b1001 .
b1001 7
b1001 <
0@
0?
b1 -
b1 6
b1 c
1J
0A
0Q
0O
0X
0V
0_
0]
1`
0[
1G
0I
0N
0U
0\
1^
0D
0L
0S
1Z
b1001 $
b1000 #
b1000 *
b1000 2
b1000 ;
b1000 >
b1000 b
b10011000 '
b1010011000 (
#13300000
b10010 0
b10010 8
b10010 B
b1001 /
b1001 3
b1001 4
1Q
b0 -
b0 6
b0 c
0J
1A
0G
1I
1D
b1001 #
b1001 *
b1001 2
b1001 ;
b1001 >
b1001 b
b10011001 '
b1010011001 (
#13320000
b10011 0
b10011 8
b10011 B
0X
b1011 !
b1011 ,
b1011 9
b1000 /
b1000 3
b1000 4
b1011 .
b1011 7
b1011 <
0@
b11 -
b11 6
b11 c
1J
0A
1Q
0O
1G
0I
1N
0D
1L
b1011 $
b1010 #
b1010 *
b1010 2
b1010 ;
b1010 >
b1010 b
b10011010 '
b1010011010 (
#13340000
1X
b10100 0
b10100 8
b10100 B
1@
b1001 /
b1001 3
b1001 4
0Q
1O
b10 -
b10 6
b10 c
0J
1A
0G
1I
1D
b1011 #
b1011 *
b1011 2
b1011 ;
b1011 >
b1011 b
b10011011 '
b1010011011 (
#13360000
b10101 0
b10101 8
b10101 B
0_
b1101 !
b1101 ,
b1101 9
b1000 /
b1000 3
b1000 4
b1101 .
b1101 7
b1101 <
0@
0?
b101 -
b101 6
b101 c
1J
0A
0Q
0O
1X
0V
1G
0I
0N
1U
0D
0L
1S
b1101 $
b1100 #
b1100 *
b1100 2
b1100 ;
b1100 >
b1100 b
b10011100 '
b1010011100 (
#13380000
b10110 0
b10110 8
b10110 B
b1001 /
b1001 3
b1001 4
1Q
b100 -
b100 6
b100 c
0J
1A
0G
1I
1D
b1101 #
b1101 *
b1101 2
b1101 ;
b1101 >
b1101 b
b10011101 '
b1010011101 (
#13400000
0_
0?
b10111 0
b10111 8
b10111 B
1X
0V
b1111 !
b1111 ,
b1111 9
b1000 /
b1000 3
b1000 4
b1111 .
b1111 7
b1111 <
0@
b111 -
b111 6
b111 c
1J
0A
1Q
0O
1G
0I
1N
0D
1L
b1111 $
b1110 #
b1110 *
b1110 2
b1110 ;
b1110 >
b1110 b
b10011110 '
b1010011110 (
#13420000
1_
1?
0X
1V
b11000 0
b11000 8
b11000 B
1@
b1001 /
b1001 3
b1001 4
0Q
1O
b110 -
b110 6
b110 c
0J
1A
0G
1I
1D
b1111 #
b1111 *
b1111 2
b1111 ;
b1111 >
b1111 b
b10011111 '
b1010011111 (
#13440000
0@
b1010 0
b1010 8
b1010 B
b1010 !
b1010 ,
b1010 9
b0 /
b0 3
b0 4
b1010 .
b1010 7
b1010 <
1Q
0O
0?
b1010 -
b1010 6
b1010 c
0A
0X
0V
1_
0]
0`
0I
0U
1\
0^
0C
1K
0D
0L
0S
0Z
b1010 $
b1010 "
b1010 )
b1010 1
b1010 :
b1010 =
b1010 a
b0 #
b0 *
b0 2
b0 ;
b0 >
b0 b
b10100000 '
b1010100000 (
#13460000
b1011 0
b1011 8
b1011 B
b1011 !
b1011 ,
b1011 9
b1011 .
b1011 7
b1011 <
b1011 -
b1011 6
b1011 c
1J
1G
1D
b1011 $
b1 #
b1 *
b1 2
b1 ;
b1 >
b1 b
b10100001 '
b1010100001 (
#13480000
b1100 0
b1100 8
b1100 B
b1010 !
b1010 ,
b1010 9
b10 /
b10 3
b10 4
b1010 .
b1010 7
b1010 <
1X
b1000 -
b1000 6
b1000 c
0J
0Q
1@
0G
0N
1P
0D
1L
b1010 $
b10 #
b10 *
b10 2
b10 ;
b10 >
b10 b
b10100010 '
b1010100010 (
#13500000
b1101 0
b1101 8
b1101 B
b1011 !
b1011 ,
b1011 9
b1011 .
b1011 7
b1011 <
b1001 -
b1001 6
b1001 c
1J
1G
1D
b1011 $
b11 #
b11 *
b11 2
b11 ;
b11 >
b11 b
b10100011 '
b1010100011 (
#13520000
0`
b1110 0
b1110 8
b1110 B
1_
0]
b1110 !
b1110 ,
b1110 9
b0 /
b0 3
b0 4
b1110 .
b1110 7
b1110 <
0?
b1110 -
b1110 6
b1110 c
0J
1Q
0@
1X
0V
0G
1N
0P
1U
0D
0L
1S
b1110 $
b100 #
b100 *
b100 2
b100 ;
b100 >
b100 b
b10100100 '
b1010100100 (
#13540000
b1111 0
b1111 8
b1111 B
b1111 !
b1111 ,
b1111 9
b1111 .
b1111 7
b1111 <
b1111 -
b1111 6
b1111 c
1J
1G
1D
b1111 $
b101 #
b101 *
b101 2
b101 ;
b101 >
b101 b
b10100101 '
b1010100101 (
#13560000
1`
0_
1]
b10000 0
b10000 8
b10000 B
1?
b1110 !
b1110 ,
b1110 9
b10 /
b10 3
b10 4
b1110 .
b1110 7
b1110 <
0X
1V
b1100 -
b1100 6
b1100 c
0J
0Q
1@
0G
0N
1P
0D
1L
b1110 $
b110 #
b110 *
b110 2
b110 ;
b110 >
b110 b
b10100110 '
b1010100110 (
#13580000
b10001 0
b10001 8
b10001 B
b1111 !
b1111 ,
b1111 9
b1111 .
b1111 7
b1111 <
b1101 -
b1101 6
b1101 c
1J
1G
1D
b1111 $
b111 #
b111 *
b111 2
b111 ;
b111 >
b111 b
b10100111 '
b1010100111 (
#13600000
b10010 0
b10010 8
b10010 B
b1010 !
b1010 ,
b1010 9
b1000 /
b1000 3
b1000 4
b1010 .
b1010 7
b1010 <
0?
b10 -
b10 6
b10 c
0J
1Q
0@
0X
0V
0_
0]
1`
0[
0G
1N
0P
0U
0\
1^
0D
0L
0S
1Z
b1010 $
b1000 #
b1000 *
b1000 2
b1000 ;
b1000 >
b1000 b
b10101000 '
b1010101000 (
#13620000
b10011 0
b10011 8
b10011 B
b1011 !
b1011 ,
b1011 9
b1011 .
b1011 7
b1011 <
b11 -
b11 6
b11 c
1J
1G
1D
b1011 $
b1001 #
b1001 *
b1001 2
b1001 ;
b1001 >
b1001 b
b10101001 '
b1010101001 (
#13640000
b10100 0
b10100 8
b10100 B
b1010 !
b1010 ,
b1010 9
b1010 /
b1010 3
b1010 4
b1010 .
b1010 7
b1010 <
1X
b0 -
b0 6
b0 c
0J
0Q
1@
0G
0N
1P
0D
1L
b1010 $
b1010 #
b1010 *
b1010 2
b1010 ;
b1010 >
b1010 b
b10101010 '
b1010101010 (
#13660000
b10101 0
b10101 8
b10101 B
b1011 !
b1011 ,
b1011 9
b1011 .
b1011 7
b1011 <
b1 -
b1 6
b1 c
1J
1G
1D
b1011 $
b1011 #
b1011 *
b1011 2
b1011 ;
b1011 >
b1011 b
b10101011 '
b1010101011 (
#13680000
b10110 0
b10110 8
b10110 B
0_
b1110 !
b1110 ,
b1110 9
b1000 /
b1000 3
b1000 4
b1110 .
b1110 7
b1110 <
0?
b110 -
b110 6
b110 c
0J
1Q
0@
1X
0V
0G
1N
0P
1U
0D
0L
1S
b1110 $
b1100 #
b1100 *
b1100 2
b1100 ;
b1100 >
b1100 b
b10101100 '
b1010101100 (
#13700000
b10111 0
b10111 8
b10111 B
b1111 !
b1111 ,
b1111 9
b1111 .
b1111 7
b1111 <
b111 -
b111 6
b111 c
1J
1G
1D
b1111 $
b1101 #
b1101 *
b1101 2
b1101 ;
b1101 >
b1101 b
b10101101 '
b1010101101 (
#13720000
1_
b11000 0
b11000 8
b11000 B
1?
b1110 !
b1110 ,
b1110 9
b1010 /
b1010 3
b1010 4
b1110 .
b1110 7
b1110 <
0X
1V
b100 -
b100 6
b100 c
0J
0Q
1@
0G
0N
1P
0D
1L
b1110 $
b1110 #
b1110 *
b1110 2
b1110 ;
b1110 >
b1110 b
b10101110 '
b1010101110 (
#13740000
b11001 0
b11001 8
b11001 B
b1111 !
b1111 ,
b1111 9
b1111 .
b1111 7
b1111 <
b101 -
b101 6
b101 c
1J
1G
1D
b1111 $
b1111 #
b1111 *
b1111 2
b1111 ;
b1111 >
b1111 b
b10101111 '
b1010101111 (
#13760000
b1011 0
b1011 8
b1011 B
b1011 !
b1011 ,
b1011 9
b0 /
b0 3
b0 4
b1011 .
b1011 7
b1011 <
0?
b1011 -
b1011 6
b1011 c
1Q
0@
0X
0V
1_
0]
0`
1N
0P
0U
1\
0^
1C
0D
0L
0S
0Z
b1011 $
b1011 "
b1011 )
b1011 1
b1011 :
b1011 =
b1011 a
b0 #
b0 *
b0 2
b0 ;
b0 >
b0 b
b10110000 '
b1010110000 (
#13780000
1X
b1100 0
b1100 8
b1100 B
1@
b1 /
b1 3
b1 4
0Q
1O
b1010 -
b1010 6
b1010 c
0J
1A
0G
1I
1D
b1 #
b1 *
b1 2
b1 ;
b1 >
b1 b
b10110001 '
b1010110001 (
#13800000
b1101 0
b1101 8
b1101 B
b10 /
b10 3
b10 4
1X
b1001 -
b1001 6
b1001 c
1J
0A
0Q
0O
1@
0M
1G
0I
0N
1P
0D
1L
b10 #
b10 *
b10 2
b10 ;
b10 >
b10 b
b10110010 '
b1010110010 (
#13820000
b1110 0
b1110 8
b1110 B
b11 /
b11 3
b11 4
1Q
b1000 -
b1000 6
b1000 c
0J
1A
0G
1I
1D
b11 #
b11 *
b11 2
b11 ;
b11 >
b11 b
b10110011 '
b1010110011 (
#13840000
0`
b1111 0
b1111 8
b1111 B
1_
0]
b1111 !
b1111 ,
b1111 9
b0 /
b0 3
b0 4
b1111 .
b1111 7
b1111 <
0?
b1111 -
b1111 6
b1111 c
1J
0A
1Q
0O
0@
1X
0V
1G
0I
1N
0P
1U
0D
0L
1S
b1111 $
b100 #
b100 *
b100 2
b100 ;
b100 >
b100 b
b10110100 '
b1010110100 (
#13860000
1`
0_
1]
1?
0X
1V
b10000 0
b10000 8
b10000 B
1@
b1 /
b1 3
b1 4
0Q
1O
b1110 -
b1110 6
b1110 c
0J
1A
0G
1I
1D
b101 #
b101 *
b101 2
b101 ;
b101 >
b101 b
b10110101 '
b1010110101 (
#13880000
1`
0_
1]
b10001 0
b10001 8
b10001 B
1?
b10 /
b10 3
b10 4
0X
1V
b1101 -
b1101 6
b1101 c
1J
0A
0Q
0O
1@
0M
1G
0I
0N
1P
0D
1L
b110 #
b110 *
b110 2
b110 ;
b110 >
b110 b
b10110110 '
b1010110110 (
#13900000
b10010 0
b10010 8
b10010 B
b11 /
b11 3
b11 4
1Q
b1100 -
b1100 6
b1100 c
0J
1A
0G
1I
1D
b111 #
b111 *
b111 2
b111 ;
b111 >
b111 b
b10110111 '
b1010110111 (
#13920000
b10011 0
b10011 8
b10011 B
b1011 !
b1011 ,
b1011 9
b1000 /
b1000 3
b1000 4
b1011 .
b1011 7
b1011 <
0?
b11 -
b11 6
b11 c
1J
0A
1Q
0O
0@
0X
0V
0_
0]
1`
0[
1G
0I
1N
0P
0U
0\
1^
0D
0L
0S
1Z
b1011 $
b1000 #
b1000 *
b1000 2
b1000 ;
b1000 >
b1000 b
b10111000 '
b1010111000 (
#13940000
1X
b10100 0
b10100 8
b10100 B
1@
b1001 /
b1001 3
b1001 4
0Q
1O
b10 -
b10 6
b10 c
0J
1A
0G
1I
1D
b1001 #
b1001 *
b1001 2
b1001 ;
b1001 >
b1001 b
b10111001 '
b1010111001 (
#13960000
b10101 0
b10101 8
b10101 B
b1010 /
b1010 3
b1010 4
1X
b1 -
b1 6
b1 c
1J
0A
0Q
0O
1@
0M
1G
0I
0N
1P
0D
1L
b1010 #
b1010 *
b1010 2
b1010 ;
b1010 >
b1010 b
b10111010 '
b1010111010 (
#13980000
b10110 0
b10110 8
b10110 B
b1011 /
b1011 3
b1011 4
1Q
b0 -
b0 6
b0 c
0J
1A
0G
1I
1D
b1011 #
b1011 *
b1011 2
b1011 ;
b1011 >
b1011 b
b10111011 '
b1010111011 (
#14000000
b10111 0
b10111 8
b10111 B
0_
b1111 !
b1111 ,
b1111 9
b1000 /
b1000 3
b1000 4
b1111 .
b1111 7
b1111 <
0?
b111 -
b111 6
b111 c
1J
0A
1Q
0O
0@
1X
0V
1G
0I
1N
0P
1U
0D
0L
1S
b1111 $
b1100 #
b1100 *
b1100 2
b1100 ;
b1100 >
b1100 b
b10111100 '
b1010111100 (
#14020000
1_
1?
0X
1V
b11000 0
b11000 8
b11000 B
1@
b1001 /
b1001 3
b1001 4
0Q
1O
b110 -
b110 6
b110 c
0J
1A
0G
1I
1D
b1101 #
b1101 *
b1101 2
b1101 ;
b1101 >
b1101 b
b10111101 '
b1010111101 (
#14040000
1_
b11001 0
b11001 8
b11001 B
1?
b1010 /
b1010 3
b1010 4
0X
1V
b101 -
b101 6
b101 c
1J
0A
0Q
0O
1@
0M
1G
0I
0N
1P
0D
1L
b1110 #
b1110 *
b1110 2
b1110 ;
b1110 >
b1110 b
b10111110 '
b1010111110 (
#14060000
b11010 0
b11010 8
b11010 B
b1011 /
b1011 3
b1011 4
1Q
b100 -
b100 6
b100 c
0J
1A
0G
1I
1D
b1111 #
b1111 *
b1111 2
b1111 ;
b1111 >
b1111 b
b10111111 '
b1010111111 (
#14080000
0?
b1100 0
b1100 8
b1100 B
b1100 !
b1100 ,
b1100 9
b0 /
b0 3
b0 4
b1100 .
b1100 7
b1100 <
0Q
1X
0V
b1100 -
b1100 6
b1100 c
0A
0@
1_
0]
0`
0I
0P
1\
0^
0C
0K
1R
0D
0L
0S
0Z
b1100 $
b1100 "
b1100 )
b1100 1
b1100 :
b1100 =
b1100 a
b0 #
b0 *
b0 2
b0 ;
b0 >
b0 b
b11000000 '
b1011000000 (
#14100000
b1101 0
b1101 8
b1101 B
b1101 !
b1101 ,
b1101 9
b1101 .
b1101 7
b1101 <
b1101 -
b1101 6
b1101 c
1J
1G
1D
b1101 $
b1 #
b1 *
b1 2
b1 ;
b1 >
b1 b
b11000001 '
b1011000001 (
#14120000
b1110 0
b1110 8
b1110 B
b1110 !
b1110 ,
b1110 9
b1110 .
b1110 7
b1110 <
b1110 -
b1110 6
b1110 c
0J
1Q
0G
1N
0D
1L
b1110 $
b10 #
b10 *
b10 2
b10 ;
b10 >
b10 b
b11000010 '
b1011000010 (
#14140000
b1111 0
b1111 8
b1111 B
b1111 !
b1111 ,
b1111 9
b1111 .
b1111 7
b1111 <
b1111 -
b1111 6
b1111 c
1J
1G
1D
b1111 $
b11 #
b11 *
b11 2
b11 ;
b11 >
b11 b
b11000011 '
b1011000011 (
#14160000
b10000 0
b10000 8
b10000 B
1`
b1100 !
b1100 ,
b1100 9
b100 /
b100 3
b100 4
b1100 .
b1100 7
b1100 <
0_
1]
b1000 -
b1000 6
b1000 c
0J
0Q
0X
1?
0G
0N
0U
1W
0D
0L
1S
b1100 $
b100 #
b100 *
b100 2
b100 ;
b100 >
b100 b
b11000100 '
b1011000100 (
#14180000
b10001 0
b10001 8
b10001 B
b1101 !
b1101 ,
b1101 9
b1101 .
b1101 7
b1101 <
b1001 -
b1001 6
b1001 c
1J
1G
1D
b1101 $
b101 #
b101 *
b101 2
b101 ;
b101 >
b101 b
b11000101 '
b1011000101 (
#14200000
b10010 0
b10010 8
b10010 B
b1110 !
b1110 ,
b1110 9
b1110 .
b1110 7
b1110 <
b1010 -
b1010 6
b1010 c
0J
1Q
0G
1N
0D
1L
b1110 $
b110 #
b110 *
b110 2
b110 ;
b110 >
b110 b
b11000110 '
b1011000110 (
#14220000
b10011 0
b10011 8
b10011 B
b1111 !
b1111 ,
b1111 9
b1111 .
b1111 7
b1111 <
b1011 -
b1011 6
b1011 c
1J
1G
1D
b1111 $
b111 #
b111 *
b111 2
b111 ;
b111 >
b111 b
b11000111 '
b1011000111 (
#14240000
b10100 0
b10100 8
b10100 B
b1100 !
b1100 ,
b1100 9
b1000 /
b1000 3
b1000 4
b1100 .
b1100 7
b1100 <
b100 -
b100 6
b100 c
0J
0Q
1X
0?
0_
0]
1`
0[
0G
0N
1U
0W
0\
1^
0D
0L
0S
1Z
b1100 $
b1000 #
b1000 *
b1000 2
b1000 ;
b1000 >
b1000 b
b11001000 '
b1011001000 (
#14260000
b10101 0
b10101 8
b10101 B
b1101 !
b1101 ,
b1101 9
b1101 .
b1101 7
b1101 <
b101 -
b101 6
b101 c
1J
1G
1D
b1101 $
b1001 #
b1001 *
b1001 2
b1001 ;
b1001 >
b1001 b
b11001001 '
b1011001001 (
#14280000
b10110 0
b10110 8
b10110 B
b1110 !
b1110 ,
b1110 9
b1110 .
b1110 7
b1110 <
b110 -
b110 6
b110 c
0J
1Q
0G
1N
0D
1L
b1110 $
b1010 #
b1010 *
b1010 2
b1010 ;
b1010 >
b1010 b
b11001010 '
b1011001010 (
#14300000
b10111 0
b10111 8
b10111 B
b1111 !
b1111 ,
b1111 9
b1111 .
b1111 7
b1111 <
b111 -
b111 6
b111 c
1J
1G
1D
b1111 $
b1011 #
b1011 *
b1011 2
b1011 ;
b1011 >
b1011 b
b11001011 '
b1011001011 (
#14320000
b11000 0
b11000 8
b11000 B
b1100 !
b1100 ,
b1100 9
b1100 /
b1100 3
b1100 4
b1100 .
b1100 7
b1100 <
1_
b0 -
b0 6
b0 c
0J
0Q
0X
1?
0G
0N
0U
1W
0D
0L
1S
b1100 $
b1100 #
b1100 *
b1100 2
b1100 ;
b1100 >
b1100 b
b11001100 '
b1011001100 (
#14340000
b11001 0
b11001 8
b11001 B
b1101 !
b1101 ,
b1101 9
b1101 .
b1101 7
b1101 <
b1 -
b1 6
b1 c
1J
1G
1D
b1101 $
b1101 #
b1101 *
b1101 2
b1101 ;
b1101 >
b1101 b
b11001101 '
b1011001101 (
#14360000
b11010 0
b11010 8
b11010 B
b1110 !
b1110 ,
b1110 9
b1110 .
b1110 7
b1110 <
b10 -
b10 6
b10 c
0J
1Q
0G
1N
0D
1L
b1110 $
b1110 #
b1110 *
b1110 2
b1110 ;
b1110 >
b1110 b
b11001110 '
b1011001110 (
#14380000
b11011 0
b11011 8
b11011 B
b1111 !
b1111 ,
b1111 9
b1111 .
b1111 7
b1111 <
b11 -
b11 6
b11 c
1J
1G
1D
b1111 $
b1111 #
b1111 *
b1111 2
b1111 ;
b1111 >
b1111 b
b11001111 '
b1011001111 (
#14400000
b1101 0
b1101 8
b1101 B
b1101 !
b1101 ,
b1101 9
b0 /
b0 3
b0 4
b1101 .
b1101 7
b1101 <
b1101 -
b1101 6
b1101 c
0Q
1X
0?
1_
0]
0`
0N
1U
0W
1\
0^
1C
0D
0L
0S
0Z
b1101 $
b1101 "
b1101 )
b1101 1
b1101 :
b1101 =
b1101 a
b0 #
b0 *
b0 2
b0 ;
b0 >
b0 b
b11010000 '
b1011010000 (
#14420000
b1110 0
b1110 8
b1110 B
b1 /
b1 3
b1 4
1Q
b1100 -
b1100 6
b1100 c
0J
1A
0G
1I
1D
b1 #
b1 *
b1 2
b1 ;
b1 >
b1 b
b11010001 '
b1011010001 (
#14440000
0`
1_
0]
0?
b1111 0
b1111 8
b1111 B
1X
0V
b1111 !
b1111 ,
b1111 9
b0 /
b0 3
b0 4
b1111 .
b1111 7
b1111 <
0@
b1111 -
b1111 6
b1111 c
1J
0A
1Q
0O
1G
0I
1N
0D
1L
b1111 $
b10 #
b10 *
b10 2
b10 ;
b10 >
b10 b
b11010010 '
b1011010010 (
#14460000
1`
0_
1]
1?
0X
1V
b10000 0
b10000 8
b10000 B
1@
b1 /
b1 3
b1 4
0Q
1O
b1110 -
b1110 6
b1110 c
0J
1A
0G
1I
1D
b11 #
b11 *
b11 2
b11 ;
b11 >
b11 b
b11010011 '
b1011010011 (
#14480000
b10001 0
b10001 8
b10001 B
1`
b1101 !
b1101 ,
b1101 9
b100 /
b100 3
b100 4
b1101 .
b1101 7
b1101 <
0@
0_
1]
b1001 -
b1001 6
b1001 c
1J
0A
0Q
0O
0X
0V
1?
0T
1G
0I
0N
0U
1W
0D
0L
1S
b1101 $
b100 #
b100 *
b100 2
b100 ;
b100 >
b100 b
b11010100 '
b1011010100 (
#14500000
b10010 0
b10010 8
b10010 B
b101 /
b101 3
b101 4
1Q
b1000 -
b1000 6
b1000 c
0J
1A
0G
1I
1D
b101 #
b101 *
b101 2
b101 ;
b101 >
b101 b
b11010101 '
b1011010101 (
#14520000
b10011 0
b10011 8
b10011 B
0X
b1111 !
b1111 ,
b1111 9
b100 /
b100 3
b100 4
b1111 .
b1111 7
b1111 <
0@
b1011 -
b1011 6
b1011 c
1J
0A
1Q
0O
1G
0I
1N
0D
1L
b1111 $
b110 #
b110 *
b110 2
b110 ;
b110 >
b110 b
b11010110 '
b1011010110 (
#14540000
1X
b10100 0
b10100 8
b10100 B
1@
b101 /
b101 3
b101 4
0Q
1O
b1010 -
b1010 6
b1010 c
0J
1A
0G
1I
1D
b111 #
b111 *
b111 2
b111 ;
b111 >
b111 b
b11010111 '
b1011010111 (
#14560000
b10101 0
b10101 8
b10101 B
b1101 !
b1101 ,
b1101 9
b1000 /
b1000 3
b1000 4
b1101 .
b1101 7
b1101 <
0@
b101 -
b101 6
b101 c
1J
0A
0Q
0O
1X
0V
0?
0_
0]
1`
0[
1G
0I
0N
1U
0W
0\
1^
0D
0L
0S
1Z
b1101 $
b1000 #
b1000 *
b1000 2
b1000 ;
b1000 >
b1000 b
b11011000 '
b1011011000 (
#14580000
b10110 0
b10110 8
b10110 B
b1001 /
b1001 3
b1001 4
1Q
b100 -
b100 6
b100 c
0J
1A
0G
1I
1D
b1001 #
b1001 *
b1001 2
b1001 ;
b1001 >
b1001 b
b11011001 '
b1011011001 (
#14600000
0_
0?
b10111 0
b10111 8
b10111 B
1X
0V
b1111 !
b1111 ,
b1111 9
b1000 /
b1000 3
b1000 4
b1111 .
b1111 7
b1111 <
0@
b111 -
b111 6
b111 c
1J
0A
1Q
0O
1G
0I
1N
0D
1L
b1111 $
b1010 #
b1010 *
b1010 2
b1010 ;
b1010 >
b1010 b
b11011010 '
b1011011010 (
#14620000
1_
1?
0X
1V
b11000 0
b11000 8
b11000 B
1@
b1001 /
b1001 3
b1001 4
0Q
1O
b110 -
b110 6
b110 c
0J
1A
0G
1I
1D
b1011 #
b1011 *
b1011 2
b1011 ;
b1011 >
b1011 b
b11011011 '
b1011011011 (
#14640000
b11001 0
b11001 8
b11001 B
b1101 !
b1101 ,
b1101 9
b1100 /
b1100 3
b1100 4
b1101 .
b1101 7
b1101 <
0@
1_
b1 -
b1 6
b1 c
1J
0A
0Q
0O
0X
0V
1?
0T
1G
0I
0N
0U
1W
0D
0L
1S
b1101 $
b1100 #
b1100 *
b1100 2
b1100 ;
b1100 >
b1100 b
b11011100 '
b1011011100 (
#14660000
b11010 0
b11010 8
b11010 B
b1101 /
b1101 3
b1101 4
1Q
b0 -
b0 6
b0 c
0J
1A
0G
1I
1D
b1101 #
b1101 *
b1101 2
b1101 ;
b1101 >
b1101 b
b11011101 '
b1011011101 (
#14680000
b11011 0
b11011 8
b11011 B
0X
b1111 !
b1111 ,
b1111 9
b1100 /
b1100 3
b1100 4
b1111 .
b1111 7
b1111 <
0@
b11 -
b11 6
b11 c
1J
0A
1Q
0O
1G
0I
1N
0D
1L
b1111 $
b1110 #
b1110 *
b1110 2
b1110 ;
b1110 >
b1110 b
b11011110 '
b1011011110 (
#14700000
1X
b11100 0
b11100 8
b11100 B
1@
b1101 /
b1101 3
b1101 4
0Q
1O
b10 -
b10 6
b10 c
0J
1A
0G
1I
1D
b1111 #
b1111 *
b1111 2
b1111 ;
b1111 >
b1111 b
b11011111 '
b1011011111 (
#14720000
0@
b1110 0
b1110 8
b1110 B
b1110 !
b1110 ,
b1110 9
b0 /
b0 3
b0 4
b1110 .
b1110 7
b1110 <
1Q
0O
b1110 -
b1110 6
b1110 c
0A
1X
0V
0?
1_
0]
0`
0I
1U
0W
1\
0^
0C
1K
0D
0L
0S
0Z
b1110 $
b1110 "
b1110 )
b1110 1
b1110 :
b1110 =
b1110 a
b0 #
b0 *
b0 2
b0 ;
b0 >
b0 b
b11100000 '
b1011100000 (
#14740000
b1111 0
b1111 8
b1111 B
b1111 !
b1111 ,
b1111 9
b1111 .
b1111 7
b1111 <
b1111 -
b1111 6
b1111 c
1J
1G
1D
b1111 $
b1 #
b1 *
b1 2
b1 ;
b1 >
b1 b
b11100001 '
b1011100001 (
#14760000
1`
0_
1]
b10000 0
b10000 8
b10000 B
1?
b1110 !
b1110 ,
b1110 9
b10 /
b10 3
b10 4
b1110 .
b1110 7
b1110 <
0X
1V
b1100 -
b1100 6
b1100 c
0J
0Q
1@
0G
0N
1P
0D
1L
b1110 $
b10 #
b10 *
b10 2
b10 ;
b10 >
b10 b
b11100010 '
b1011100010 (
#14780000
b10001 0
b10001 8
b10001 B
b1111 !
b1111 ,
b1111 9
b1111 .
b1111 7
b1111 <
b1101 -
b1101 6
b1101 c
1J
1G
1D
b1111 $
b11 #
b11 *
b11 2
b11 ;
b11 >
b11 b
b11100011 '
b1011100011 (
#14800000
b10010 0
b10010 8
b10010 B
1`
b1110 !
b1110 ,
b1110 9
b100 /
b100 3
b100 4
b1110 .
b1110 7
b1110 <
0_
1]
b1010 -
b1010 6
b1010 c
0J
1Q
0@
0X
0V
1?
0T
0G
1N
0P
0U
1W
0D
0L
1S
b1110 $
b100 #
b100 *
b100 2
b100 ;
b100 >
b100 b
b11100100 '
b1011100100 (
#14820000
b10011 0
b10011 8
b10011 B
b1111 !
b1111 ,
b1111 9
b1111 .
b1111 7
b1111 <
b1011 -
b1011 6
b1011 c
1J
1G
1D
b1111 $
b101 #
b101 *
b101 2
b101 ;
b101 >
b101 b
b11100101 '
b1011100101 (
#14840000
b10100 0
b10100 8
b10100 B
b1110 !
b1110 ,
b1110 9
b110 /
b110 3
b110 4
b1110 .
b1110 7
b1110 <
1X
b1000 -
b1000 6
b1000 c
0J
0Q
1@
0G
0N
1P
0D
1L
b1110 $
b110 #
b110 *
b110 2
b110 ;
b110 >
b110 b
b11100110 '
b1011100110 (
#14860000
b10101 0
b10101 8
b10101 B
b1111 !
b1111 ,
b1111 9
b1111 .
b1111 7
b1111 <
b1001 -
b1001 6
b1001 c
1J
1G
1D
b1111 $
b111 #
b111 *
b111 2
b111 ;
b111 >
b111 b
b11100111 '
b1011100111 (
#14880000
b10110 0
b10110 8
b10110 B
b1110 !
b1110 ,
b1110 9
b1000 /
b1000 3
b1000 4
b1110 .
b1110 7
b1110 <
b110 -
b110 6
b110 c
0J
1Q
0@
1X
0V
0?
0_
0]
1`
0[
0G
1N
0P
1U
0W
0\
1^
0D
0L
0S
1Z
b1110 $
b1000 #
b1000 *
b1000 2
b1000 ;
b1000 >
b1000 b
b11101000 '
b1011101000 (
#14900000
b10111 0
b10111 8
b10111 B
b1111 !
b1111 ,
b1111 9
b1111 .
b1111 7
b1111 <
b111 -
b111 6
b111 c
1J
1G
1D
b1111 $
b1001 #
b1001 *
b1001 2
b1001 ;
b1001 >
b1001 b
b11101001 '
b1011101001 (
#14920000
1_
b11000 0
b11000 8
b11000 B
1?
b1110 !
b1110 ,
b1110 9
b1010 /
b1010 3
b1010 4
b1110 .
b1110 7
b1110 <
0X
1V
b100 -
b100 6
b100 c
0J
0Q
1@
0G
0N
1P
0D
1L
b1110 $
b1010 #
b1010 *
b1010 2
b1010 ;
b1010 >
b1010 b
b11101010 '
b1011101010 (
#14940000
b11001 0
b11001 8
b11001 B
b1111 !
b1111 ,
b1111 9
b1111 .
b1111 7
b1111 <
b101 -
b101 6
b101 c
1J
1G
1D
b1111 $
b1011 #
b1011 *
b1011 2
b1011 ;
b1011 >
b1011 b
b11101011 '
b1011101011 (
#14960000
b11010 0
b11010 8
b11010 B
b1110 !
b1110 ,
b1110 9
b1100 /
b1100 3
b1100 4
b1110 .
b1110 7
b1110 <
1_
b10 -
b10 6
b10 c
0J
1Q
0@
0X
0V
1?
0T
0G
1N
0P
0U
1W
0D
0L
1S
b1110 $
b1100 #
b1100 *
b1100 2
b1100 ;
b1100 >
b1100 b
b11101100 '
b1011101100 (
#14980000
b11011 0
b11011 8
b11011 B
b1111 !
b1111 ,
b1111 9
b1111 .
b1111 7
b1111 <
b11 -
b11 6
b11 c
1J
1G
1D
b1111 $
b1101 #
b1101 *
b1101 2
b1101 ;
b1101 >
b1101 b
b11101101 '
b1011101101 (
#15000000
b11100 0
b11100 8
b11100 B
b1110 !
b1110 ,
b1110 9
b1110 /
b1110 3
b1110 4
b1110 .
b1110 7
b1110 <
1X
b0 -
b0 6
b0 c
0J
0Q
1@
0G
0N
1P
0D
1L
b1110 $
b1110 #
b1110 *
b1110 2
b1110 ;
b1110 >
b1110 b
b11101110 '
b1011101110 (
#15020000
b11101 0
b11101 8
b11101 B
b1111 !
b1111 ,
b1111 9
b1111 .
b1111 7
b1111 <
b1 -
b1 6
b1 c
1J
1G
1D
b1111 $
b1111 #
b1111 *
b1111 2
b1111 ;
b1111 >
b1111 b
b11101111 '
b1011101111 (
#15040000
b1111 0
b1111 8
b1111 B
b0 /
b0 3
b0 4
b1111 -
b1111 6
b1111 c
1Q
0@
1X
0V
0?
1_
0]
0`
1N
0P
1U
0W
1\
0^
1C
0D
0L
0S
0Z
b1111 "
b1111 )
b1111 1
b1111 :
b1111 =
b1111 a
b0 #
b0 *
b0 2
b0 ;
b0 >
b0 b
b11110000 '
b1011110000 (
#15060000
1`
0_
1]
1?
0X
1V
b10000 0
b10000 8
b10000 B
1@
b1 /
b1 3
b1 4
0Q
1O
b1110 -
b1110 6
b1110 c
0J
1A
0G
1I
1D
b1 #
b1 *
b1 2
b1 ;
b1 >
b1 b
b11110001 '
b1011110001 (
#15080000
1`
0_
1]
b10001 0
b10001 8
b10001 B
1?
b10 /
b10 3
b10 4
0X
1V
b1101 -
b1101 6
b1101 c
1J
0A
0Q
0O
1@
0M
1G
0I
0N
1P
0D
1L
b10 #
b10 *
b10 2
b10 ;
b10 >
b10 b
b11110010 '
b1011110010 (
#15100000
b10010 0
b10010 8
b10010 B
b11 /
b11 3
b11 4
1Q
b1100 -
b1100 6
b1100 c
0J
1A
0G
1I
1D
b11 #
b11 *
b11 2
b11 ;
b11 >
b11 b
b11110011 '
b1011110011 (
#15120000
b10011 0
b10011 8
b10011 B
1`
b100 /
b100 3
b100 4
0_
1]
b1011 -
b1011 6
b1011 c
1J
0A
1Q
0O
0@
0X
0V
1?
0T
1G
0I
1N
0P
0U
1W
0D
0L
1S
b100 #
b100 *
b100 2
b100 ;
b100 >
b100 b
b11110100 '
b1011110100 (
#15140000
1X
b10100 0
b10100 8
b10100 B
1@
b101 /
b101 3
b101 4
0Q
1O
b1010 -
b1010 6
b1010 c
0J
1A
0G
1I
1D
b101 #
b101 *
b101 2
b101 ;
b101 >
b101 b
b11110101 '
b1011110101 (
#15160000
b10101 0
b10101 8
b10101 B
b110 /
b110 3
b110 4
1X
b1001 -
b1001 6
b1001 c
1J
0A
0Q
0O
1@
0M
1G
0I
0N
1P
0D
1L
b110 #
b110 *
b110 2
b110 ;
b110 >
b110 b
b11110110 '
b1011110110 (
#15180000
b10110 0
b10110 8
b10110 B
b111 /
b111 3
b111 4
1Q
b1000 -
b1000 6
b1000 c
0J
1A
0G
1I
1D
b111 #
b111 *
b111 2
b111 ;
b111 >
b111 b
b11110111 '
b1011110111 (
#15200000
b10111 0
b10111 8
b10111 B
b1000 /
b1000 3
b1000 4
b111 -
b111 6
b111 c
1J
0A
1Q
0O
0@
1X
0V
0?
0_
0]
1`
0[
1G
0I
1N
0P
1U
0W
0\
1^
0D
0L
0S
1Z
b1000 #
b1000 *
b1000 2
b1000 ;
b1000 >
b1000 b
b11111000 '
b1011111000 (
#15220000
1_
1?
0X
1V
b11000 0
b11000 8
b11000 B
1@
b1001 /
b1001 3
b1001 4
0Q
1O
b110 -
b110 6
b110 c
0J
1A
0G
1I
1D
b1001 #
b1001 *
b1001 2
b1001 ;
b1001 >
b1001 b
b11111001 '
b1011111001 (
#15240000
1_
b11001 0
b11001 8
b11001 B
1?
b1010 /
b1010 3
b1010 4
0X
1V
b101 -
b101 6
b101 c
1J
0A
0Q
0O
1@
0M
1G
0I
0N
1P
0D
1L
b1010 #
b1010 *
b1010 2
b1010 ;
b1010 >
b1010 b
b11111010 '
b1011111010 (
#15260000
b11010 0
b11010 8
b11010 B
b1011 /
b1011 3
b1011 4
1Q
b100 -
b100 6
b100 c
0J
1A
0G
1I
1D
b1011 #
b1011 *
b1011 2
b1011 ;
b1011 >
b1011 b
b11111011 '
b1011111011 (
#15280000
b11011 0
b11011 8
b11011 B
b1100 /
b1100 3
b1100 4
1_
b11 -
b11 6
b11 c
1J
0A
1Q
0O
0@
0X
0V
1?
0T
1G
0I
1N
0P
0U
1W
0D
0L
1S
b1100 #
b1100 *
b1100 2
b1100 ;
b1100 >
b1100 b
b11111100 '
b1011111100 (
#15300000
1X
b11100 0
b11100 8
b11100 B
1@
b1101 /
b1101 3
b1101 4
0Q
1O
b10 -
b10 6
b10 c
0J
1A
0G
1I
1D
b1101 #
b1101 *
b1101 2
b1101 ;
b1101 >
b1101 b
b11111101 '
b1011111101 (
#15320000
b11101 0
b11101 8
b11101 B
b1110 /
b1110 3
b1110 4
1X
b1 -
b1 6
b1 c
1J
0A
0Q
0O
1@
0M
1G
0I
0N
1P
0D
1L
b1110 #
b1110 *
b1110 2
b1110 ;
b1110 >
b1110 b
b11111110 '
b1011111110 (
#15340000
b11110 0
b11110 8
b11110 B
b1111 /
b1111 3
b1111 4
1Q
b0 -
b0 6
b0 c
0J
1A
0G
1I
1D
b1111 #
b1111 *
b1111 2
b1111 ;
b1111 >
b1111 b
b11111111 '
b1011111111 (
#15360000
b0 0
b0 8
b0 B
b0 /
b0 3
b0 4
b0 .
b0 7
b0 <
0Q
0X
0_
0A
0@
0?
0`
0I
0P
0W
0^
0C
0K
0R
0Y
0D
0L
0S
0Z
b0 !
b0 ,
b0 9
b0 $
b0 "
b0 )
b0 1
b0 :
b0 =
b0 a
b0 #
b0 *
b0 2
b0 ;
b0 >
b0 b
b11 %
b11 +
b11 5
b0 '
b1100000000 (
#15380000
b1 0
b1 8
b1 B
b1 !
b1 ,
b1 9
b1 .
b1 7
b1 <
b1 -
b1 6
b1 c
1J
1G
1D
b1 $
b1 #
b1 *
b1 2
b1 ;
b1 >
b1 b
b1 '
b1100000001 (
#15400000
b10 0
b10 8
b10 B
b10 !
b10 ,
b10 9
b10 .
b10 7
b10 <
b10 -
b10 6
b10 c
0J
1Q
0G
1N
0D
1L
b10 $
b10 #
b10 *
b10 2
b10 ;
b10 >
b10 b
b10 '
b1100000010 (
#15420000
b11 0
b11 8
b11 B
b11 !
b11 ,
b11 9
b11 .
b11 7
b11 <
b11 -
b11 6
b11 c
1J
1G
1D
b11 $
b11 #
b11 *
b11 2
b11 ;
b11 >
b11 b
b11 '
b1100000011 (
#15440000
b100 0
b100 8
b100 B
b100 !
b100 ,
b100 9
b100 .
b100 7
b100 <
b100 -
b100 6
b100 c
0J
0Q
1X
0G
0N
1U
0D
0L
1S
b100 $
b100 #
b100 *
b100 2
b100 ;
b100 >
b100 b
b100 '
b1100000100 (
#15460000
b101 0
b101 8
b101 B
b101 !
b101 ,
b101 9
b101 .
b101 7
b101 <
b101 -
b101 6
b101 c
1J
1G
1D
b101 $
b101 #
b101 *
b101 2
b101 ;
b101 >
b101 b
b101 '
b1100000101 (
#15480000
b110 0
b110 8
b110 B
b110 !
b110 ,
b110 9
b110 .
b110 7
b110 <
b110 -
b110 6
b110 c
0J
1Q
0G
1N
0D
1L
b110 $
b110 #
b110 *
b110 2
b110 ;
b110 >
b110 b
b110 '
b1100000110 (
#15500000
b111 0
b111 8
b111 B
b111 !
b111 ,
b111 9
b111 .
b111 7
b111 <
b111 -
b111 6
b111 c
1J
1G
1D
b111 $
b111 #
b111 *
b111 2
b111 ;
b111 >
b111 b
b111 '
b1100000111 (
#15520000
b1000 0
b1000 8
b1000 B
b1000 !
b1000 ,
b1000 9
b1000 .
b1000 7
b1000 <
b1000 -
b1000 6
b1000 c
0J
0Q
0X
1_
0G
0N
0U
1\
0D
0L
0S
1Z
b1000 $
b1000 #
b1000 *
b1000 2
b1000 ;
b1000 >
b1000 b
b1000 '
b1100001000 (
#15540000
b1001 0
b1001 8
b1001 B
b1001 !
b1001 ,
b1001 9
b1001 .
b1001 7
b1001 <
b1001 -
b1001 6
b1001 c
1J
1G
1D
b1001 $
b1001 #
b1001 *
b1001 2
b1001 ;
b1001 >
b1001 b
b1001 '
b1100001001 (
#15560000
b1010 0
b1010 8
b1010 B
b1010 !
b1010 ,
b1010 9
b1010 .
b1010 7
b1010 <
b1010 -
b1010 6
b1010 c
0J
1Q
0G
1N
0D
1L
b1010 $
b1010 #
b1010 *
b1010 2
b1010 ;
b1010 >
b1010 b
b1010 '
b1100001010 (
#15580000
b1011 0
b1011 8
b1011 B
b1011 !
b1011 ,
b1011 9
b1011 .
b1011 7
b1011 <
b1011 -
b1011 6
b1011 c
1J
1G
1D
b1011 $
b1011 #
b1011 *
b1011 2
b1011 ;
b1011 >
b1011 b
b1011 '
b1100001011 (
#15600000
b1100 0
b1100 8
b1100 B
b1100 !
b1100 ,
b1100 9
b1100 .
b1100 7
b1100 <
b1100 -
b1100 6
b1100 c
0J
0Q
1X
0G
0N
1U
0D
0L
1S
b1100 $
b1100 #
b1100 *
b1100 2
b1100 ;
b1100 >
b1100 b
b1100 '
b1100001100 (
#15620000
b1101 0
b1101 8
b1101 B
b1101 !
b1101 ,
b1101 9
b1101 .
b1101 7
b1101 <
b1101 -
b1101 6
b1101 c
1J
1G
1D
b1101 $
b1101 #
b1101 *
b1101 2
b1101 ;
b1101 >
b1101 b
b1101 '
b1100001101 (
#15640000
b1110 0
b1110 8
b1110 B
b1110 !
b1110 ,
b1110 9
b1110 .
b1110 7
b1110 <
b1110 -
b1110 6
b1110 c
0J
1Q
0G
1N
0D
1L
b1110 $
b1110 #
b1110 *
b1110 2
b1110 ;
b1110 >
b1110 b
b1110 '
b1100001110 (
#15660000
b1111 0
b1111 8
b1111 B
b1111 !
b1111 ,
b1111 9
b1111 .
b1111 7
b1111 <
b1111 -
b1111 6
b1111 c
1J
1G
1D
b1111 $
b1111 #
b1111 *
b1111 2
b1111 ;
b1111 >
b1111 b
b1111 '
b1100001111 (
#15680000
b1 0
b1 8
b1 B
b1 !
b1 ,
b1 9
b1 .
b1 7
b1 <
b1 -
b1 6
b1 c
0Q
0X
0_
0N
0U
0\
1C
0D
0L
0S
0Z
b1 $
b1 "
b1 )
b1 1
b1 :
b1 =
b1 a
b0 #
b0 *
b0 2
b0 ;
b0 >
b0 b
b10000 '
b1100010000 (
#15700000
b10 0
b10 8
b10 B
b0 !
b0 ,
b0 9
b1 /
b1 3
b1 4
1Q
b0 -
b0 6
b0 c
0J
1A
0G
1I
1D
b0 $
b1 #
b1 *
b1 2
b1 ;
b1 >
b1 b
b10001 '
b1100010001 (
#15720000
b11 0
b11 8
b11 B
0X
b11 !
b11 ,
b11 9
b0 /
b0 3
b0 4
b11 .
b11 7
b11 <
0@
b11 -
b11 6
b11 c
1J
0A
1Q
0O
1G
0I
1N
0D
1L
b11 $
b10 #
b10 *
b10 2
b10 ;
b10 >
b10 b
b10010 '
b1100010010 (
#15740000
1X
b100 0
b100 8
b100 B
1@
b10 !
b10 ,
b10 9
b1 /
b1 3
b1 4
0Q
1O
b10 -
b10 6
b10 c
0J
1A
0G
1I
1D
b10 $
b11 #
b11 *
b11 2
b11 ;
b11 >
b11 b
b10011 '
b1100010011 (
#15760000
b101 0
b101 8
b101 B
0_
b101 !
b101 ,
b101 9
b0 /
b0 3
b0 4
b101 .
b101 7
b101 <
0@
0?
b101 -
b101 6
b101 c
1J
0A
0Q
0O
1X
0V
1G
0I
0N
1U
0D
0L
1S
b101 $
b100 #
b100 *
b100 2
b100 ;
b100 >
b100 b
b10100 '
b1100010100 (
#15780000
b110 0
b110 8
b110 B
b100 !
b100 ,
b100 9
b1 /
b1 3
b1 4
1Q
b100 -
b100 6
b100 c
0J
1A
0G
1I
1D
b100 $
b101 #
b101 *
b101 2
b101 ;
b101 >
b101 b
b10101 '
b1100010101 (
#15800000
0_
0?
b111 0
b111 8
b111 B
1X
0V
b111 !
b111 ,
b111 9
b0 /
b0 3
b0 4
b111 .
b111 7
b111 <
0@
b111 -
b111 6
b111 c
1J
0A
1Q
0O
1G
0I
1N
0D
1L
b111 $
b110 #
b110 *
b110 2
b110 ;
b110 >
b110 b
b10110 '
b1100010110 (
#15820000
1_
1?
0X
1V
b1000 0
b1000 8
b1000 B
1@
b110 !
b110 ,
b110 9
b1 /
b1 3
b1 4
0Q
1O
b110 -
b110 6
b110 c
0J
1A
0G
1I
1D
b110 $
b111 #
b111 *
b111 2
b111 ;
b111 >
b111 b
b10111 '
b1100010111 (
#15840000
b1001 0
b1001 8
b1001 B
b1001 !
b1001 ,
b1001 9
b0 /
b0 3
b0 4
b1001 .
b1001 7
b1001 <
0@
0?
0`
b1001 -
b1001 6
b1001 c
1J
0A
0Q
0O
0X
0V
1_
0]
1G
0I
0N
0U
1\
0D
0L
0S
1Z
b1001 $
b1000 #
b1000 *
b1000 2
b1000 ;
b1000 >
b1000 b
b11000 '
b1100011000 (
#15860000
b1010 0
b1010 8
b1010 B
b1000 !
b1000 ,
b1000 9
b1 /
b1 3
b1 4
1Q
b1000 -
b1000 6
b1000 c
0J
1A
0G
1I
1D
b1000 $
b1001 #
b1001 *
b1001 2
b1001 ;
b1001 >
b1001 b
b11001 '
b1100011001 (
#15880000
b1011 0
b1011 8
b1011 B
0X
b1011 !
b1011 ,
b1011 9
b0 /
b0 3
b0 4
b1011 .
b1011 7
b1011 <
0@
b1011 -
b1011 6
b1011 c
1J
0A
1Q
0O
1G
0I
1N
0D
1L
b1011 $
b1010 #
b1010 *
b1010 2
b1010 ;
b1010 >
b1010 b
b11010 '
b1100011010 (
#15900000
1X
b1100 0
b1100 8
b1100 B
1@
b1010 !
b1010 ,
b1010 9
b1 /
b1 3
b1 4
0Q
1O
b1010 -
b1010 6
b1010 c
0J
1A
0G
1I
1D
b1010 $
b1011 #
b1011 *
b1011 2
b1011 ;
b1011 >
b1011 b
b11011 '
b1100011011 (
#15920000
0`
b1101 0
b1101 8
b1101 B
1_
0]
b1101 !
b1101 ,
b1101 9
b0 /
b0 3
b0 4
b1101 .
b1101 7
b1101 <
0@
0?
b1101 -
b1101 6
b1101 c
1J
0A
0Q
0O
1X
0V
1G
0I
0N
1U
0D
0L
1S
b1101 $
b1100 #
b1100 *
b1100 2
b1100 ;
b1100 >
b1100 b
b11100 '
b1100011100 (
#15940000
b1110 0
b1110 8
b1110 B
b1100 !
b1100 ,
b1100 9
b1 /
b1 3
b1 4
1Q
b1100 -
b1100 6
b1100 c
0J
1A
0G
1I
1D
b1100 $
b1101 #
b1101 *
b1101 2
b1101 ;
b1101 >
b1101 b
b11101 '
b1100011101 (
#15960000
0`
1_
0]
0?
b1111 0
b1111 8
b1111 B
1X
0V
b1111 !
b1111 ,
b1111 9
b0 /
b0 3
b0 4
b1111 .
b1111 7
b1111 <
0@
b1111 -
b1111 6
b1111 c
1J
0A
1Q
0O
1G
0I
1N
0D
1L
b1111 $
b1110 #
b1110 *
b1110 2
b1110 ;
b1110 >
b1110 b
b11110 '
b1100011110 (
#15980000
1`
0_
1]
1?
0X
1V
b10000 0
b10000 8
b10000 B
1@
b1110 !
b1110 ,
b1110 9
b1 /
b1 3
b1 4
0Q
1O
b1110 -
b1110 6
b1110 c
0J
1A
0G
1I
1D
b1110 $
b1111 #
b1111 *
b1111 2
b1111 ;
b1111 >
b1111 b
b11111 '
b1100011111 (
#16000000
0@
b10 0
b10 8
b10 B
b10 !
b10 ,
b10 9
b0 /
b0 3
b0 4
b10 .
b10 7
b10 <
1Q
0O
0?
0`
b10 -
b10 6
b10 c
0A
0X
0V
0_
0]
0I
0U
0\
0C
1K
0D
0L
0S
0Z
b10 $
b10 "
b10 )
b10 1
b10 :
b10 =
b10 a
b0 #
b0 *
b0 2
b0 ;
b0 >
b0 b
b100000 '
b1100100000 (
#16020000
b11 0
b11 8
b11 B
b11 !
b11 ,
b11 9
b11 .
b11 7
b11 <
b11 -
b11 6
b11 c
1J
1G
1D
b11 $
b1 #
b1 *
b1 2
b1 ;
b1 >
b1 b
b100001 '
b1100100001 (
#16040000
b100 0
b100 8
b100 B
b0 !
b0 ,
b0 9
b10 /
b10 3
b10 4
b10 .
b10 7
b10 <
1X
b0 -
b0 6
b0 c
0J
0Q
1@
0G
0N
1P
0D
1L
b0 $
b10 #
b10 *
b10 2
b10 ;
b10 >
b10 b
b100010 '
b1100100010 (
#16060000
b101 0
b101 8
b101 B
b1 !
b1 ,
b1 9
b11 .
b11 7
b11 <
b1 -
b1 6
b1 c
1J
1G
1D
b1 $
b11 #
b11 *
b11 2
b11 ;
b11 >
b11 b
b100011 '
b1100100011 (
#16080000
b110 0
b110 8
b110 B
0_
b110 !
b110 ,
b110 9
b0 /
b0 3
b0 4
b110 .
b110 7
b110 <
0?
b110 -
b110 6
b110 c
0J
1Q
0@
1X
0V
0G
1N
0P
1U
0D
0L
1S
b110 $
b100 #
b100 *
b100 2
b100 ;
b100 >
b100 b
b100100 '
b1100100100 (
#16100000
b111 0
b111 8
b111 B
b111 !
b111 ,
b111 9
b111 .
b111 7
b111 <
b111 -
b111 6
b111 c
1J
1G
1D
b111 $
b101 #
b101 *
b101 2
b101 ;
b101 >
b101 b
b100101 '
b1100100101 (
#16120000
1_
b1000 0
b1000 8
b1000 B
1?
b100 !
b100 ,
b100 9
b10 /
b10 3
b10 4
b110 .
b110 7
b110 <
0X
1V
b100 -
b100 6
b100 c
0J
0Q
1@
0G
0N
1P
0D
1L
b100 $
b110 #
b110 *
b110 2
b110 ;
b110 >
b110 b
b100110 '
b1100100110 (
#16140000
b1001 0
b1001 8
b1001 B
b101 !
b101 ,
b101 9
b111 .
b111 7
b111 <
b101 -
b101 6
b101 c
1J
1G
1D
b101 $
b111 #
b111 *
b111 2
b111 ;
b111 >
b111 b
b100111 '
b1100100111 (
#16160000
b1010 0
b1010 8
b1010 B
b1010 !
b1010 ,
b1010 9
b0 /
b0 3
b0 4
b1010 .
b1010 7
b1010 <
0?
0`
b1010 -
b1010 6
b1010 c
0J
1Q
0@
0X
0V
1_
0]
0G
1N
0P
0U
1\
0D
0L
0S
1Z
b1010 $
b1000 #
b1000 *
b1000 2
b1000 ;
b1000 >
b1000 b
b101000 '
b1100101000 (
#16180000
b1011 0
b1011 8
b1011 B
b1011 !
b1011 ,
b1011 9
b1011 .
b1011 7
b1011 <
b1011 -
b1011 6
b1011 c
1J
1G
1D
b1011 $
b1001 #
b1001 *
b1001 2
b1001 ;
b1001 >
b1001 b
b101001 '
b1100101001 (
#16200000
b1100 0
b1100 8
b1100 B
b1000 !
b1000 ,
b1000 9
b10 /
b10 3
b10 4
b1010 .
b1010 7
b1010 <
1X
b1000 -
b1000 6
b1000 c
0J
0Q
1@
0G
0N
1P
0D
1L
b1000 $
b1010 #
b1010 *
b1010 2
b1010 ;
b1010 >
b1010 b
b101010 '
b1100101010 (
#16220000
b1101 0
b1101 8
b1101 B
b1001 !
b1001 ,
b1001 9
b1011 .
b1011 7
b1011 <
b1001 -
b1001 6
b1001 c
1J
1G
1D
b1001 $
b1011 #
b1011 *
b1011 2
b1011 ;
b1011 >
b1011 b
b101011 '
b1100101011 (
#16240000
0`
b1110 0
b1110 8
b1110 B
1_
0]
b1110 !
b1110 ,
b1110 9
b0 /
b0 3
b0 4
b1110 .
b1110 7
b1110 <
0?
b1110 -
b1110 6
b1110 c
0J
1Q
0@
1X
0V
0G
1N
0P
1U
0D
0L
1S
b1110 $
b1100 #
b1100 *
b1100 2
b1100 ;
b1100 >
b1100 b
b101100 '
b1100101100 (
#16260000
b1111 0
b1111 8
b1111 B
b1111 !
b1111 ,
b1111 9
b1111 .
b1111 7
b1111 <
b1111 -
b1111 6
b1111 c
1J
1G
1D
b1111 $
b1101 #
b1101 *
b1101 2
b1101 ;
b1101 >
b1101 b
b101101 '
b1100101101 (
#16280000
1`
0_
1]
b10000 0
b10000 8
b10000 B
1?
b1100 !
b1100 ,
b1100 9
b10 /
b10 3
b10 4
b1110 .
b1110 7
b1110 <
0X
1V
b1100 -
b1100 6
b1100 c
0J
0Q
1@
0G
0N
1P
0D
1L
b1100 $
b1110 #
b1110 *
b1110 2
b1110 ;
b1110 >
b1110 b
b101110 '
b1100101110 (
#16300000
b10001 0
b10001 8
b10001 B
b1101 !
b1101 ,
b1101 9
b1111 .
b1111 7
b1111 <
b1101 -
b1101 6
b1101 c
1J
1G
1D
b1101 $
b1111 #
b1111 *
b1111 2
b1111 ;
b1111 >
b1111 b
b101111 '
b1100101111 (
#16320000
b11 0
b11 8
b11 B
b11 !
b11 ,
b11 9
b0 /
b0 3
b0 4
b11 .
b11 7
b11 <
0?
0`
b11 -
b11 6
b11 c
1Q
0@
0X
0V
0_
0]
1N
0P
0U
0\
1C
0D
0L
0S
0Z
b11 $
b11 "
b11 )
b11 1
b11 :
b11 =
b11 a
b0 #
b0 *
b0 2
b0 ;
b0 >
b0 b
b110000 '
b1100110000 (
#16340000
1X
b100 0
b100 8
b100 B
1@
b10 !
b10 ,
b10 9
b1 /
b1 3
b1 4
0Q
1O
b10 -
b10 6
b10 c
0J
1A
0G
1I
1D
b10 $
b1 #
b1 *
b1 2
b1 ;
b1 >
b1 b
b110001 '
b1100110001 (
#16360000
b101 0
b101 8
b101 B
b1 !
b1 ,
b1 9
b10 /
b10 3
b10 4
1X
b1 -
b1 6
b1 c
1J
0A
0Q
0O
1@
0M
1G
0I
0N
1P
0D
1L
b1 $
b10 #
b10 *
b10 2
b10 ;
b10 >
b10 b
b110010 '
b1100110010 (
#16380000
b110 0
b110 8
b110 B
b0 !
b0 ,
b0 9
b11 /
b11 3
b11 4
1Q
b0 -
b0 6
b0 c
0J
1A
0G
1I
1D
b0 $
b11 #
b11 *
b11 2
b11 ;
b11 >
b11 b
b110011 '
b1100110011 (
#16400000
b111 0
b111 8
b111 B
0_
b111 !
b111 ,
b111 9
b0 /
b0 3
b0 4
b111 .
b111 7
b111 <
0?
b111 -
b111 6
b111 c
1J
0A
1Q
0O
0@
1X
0V
1G
0I
1N
0P
1U
0D
0L
1S
b111 $
b100 #
b100 *
b100 2
b100 ;
b100 >
b100 b
b110100 '
b1100110100 (
#16420000
1_
1?
0X
1V
b1000 0
b1000 8
b1000 B
1@
b110 !
b110 ,
b110 9
b1 /
b1 3
b1 4
0Q
1O
b110 -
b110 6
b110 c
0J
1A
0G
1I
1D
b110 $
b101 #
b101 *
b101 2
b101 ;
b101 >
b101 b
b110101 '
b1100110101 (
#16440000
1_
b1001 0
b1001 8
b1001 B
1?
b101 !
b101 ,
b101 9
b10 /
b10 3
b10 4
0X
1V
b101 -
b101 6
b101 c
1J
0A
0Q
0O
1@
0M
1G
0I
0N
1P
0D
1L
b101 $
b110 #
b110 *
b110 2
b110 ;
b110 >
b110 b
b110110 '
b1100110110 (
#16460000
b1010 0
b1010 8
b1010 B
b100 !
b100 ,
b100 9
b11 /
b11 3
b11 4
1Q
b100 -
b100 6
b100 c
0J
1A
0G
1I
1D
b100 $
b111 #
b111 *
b111 2
b111 ;
b111 >
b111 b
b110111 '
b1100110111 (
#16480000
b1011 0
b1011 8
b1011 B
b1011 !
b1011 ,
b1011 9
b0 /
b0 3
b0 4
b1011 .
b1011 7
b1011 <
0?
0`
b1011 -
b1011 6
b1011 c
1J
0A
1Q
0O
0@
0X
0V
1_
0]
1G
0I
1N
0P
0U
1\
0D
0L
0S
1Z
b1011 $
b1000 #
b1000 *
b1000 2
b1000 ;
b1000 >
b1000 b
b111000 '
b1100111000 (
#16500000
1X
b1100 0
b1100 8
b1100 B
1@
b1010 !
b1010 ,
b1010 9
b1 /
b1 3
b1 4
0Q
1O
b1010 -
b1010 6
b1010 c
0J
1A
0G
1I
1D
b1010 $
b1001 #
b1001 *
b1001 2
b1001 ;
b1001 >
b1001 b
b111001 '
b1100111001 (
#16520000
b1101 0
b1101 8
b1101 B
b1001 !
b1001 ,
b1001 9
b10 /
b10 3
b10 4
1X
b1001 -
b1001 6
b1001 c
1J
0A
0Q
0O
1@
0M
1G
0I
0N
1P
0D
1L
b1001 $
b1010 #
b1010 *
b1010 2
b1010 ;
b1010 >
b1010 b
b111010 '
b1100111010 (
#16540000
b1110 0
b1110 8
b1110 B
b1000 !
b1000 ,
b1000 9
b11 /
b11 3
b11 4
1Q
b1000 -
b1000 6
b1000 c
0J
1A
0G
1I
1D
b1000 $
b1011 #
b1011 *
b1011 2
b1011 ;
b1011 >
b1011 b
b111011 '
b1100111011 (
#16560000
0`
b1111 0
b1111 8
b1111 B
1_
0]
b1111 !
b1111 ,
b1111 9
b0 /
b0 3
b0 4
b1111 .
b1111 7
b1111 <
0?
b1111 -
b1111 6
b1111 c
1J
0A
1Q
0O
0@
1X
0V
1G
0I
1N
0P
1U
0D
0L
1S
b1111 $
b1100 #
b1100 *
b1100 2
b1100 ;
b1100 >
b1100 b
b111100 '
b1100111100 (
#16580000
1`
0_
1]
1?
0X
1V
b10000 0
b10000 8
b10000 B
1@
b1110 !
b1110 ,
b1110 9
b1 /
b1 3
b1 4
0Q
1O
b1110 -
b1110 6
b1110 c
0J
1A
0G
1I
1D
b1110 $
b1101 #
b1101 *
b1101 2
b1101 ;
b1101 >
b1101 b
b111101 '
b1100111101 (
#16600000
1`
0_
1]
b10001 0
b10001 8
b10001 B
1?
b1101 !
b1101 ,
b1101 9
b10 /
b10 3
b10 4
0X
1V
b1101 -
b1101 6
b1101 c
1J
0A
0Q
0O
1@
0M
1G
0I
0N
1P
0D
1L
b1101 $
b1110 #
b1110 *
b1110 2
b1110 ;
b1110 >
b1110 b
b111110 '
b1100111110 (
#16620000
b10010 0
b10010 8
b10010 B
b1100 !
b1100 ,
b1100 9
b11 /
b11 3
b11 4
1Q
b1100 -
b1100 6
b1100 c
0J
1A
0G
1I
1D
b1100 $
b1111 #
b1111 *
b1111 2
b1111 ;
b1111 >
b1111 b
b111111 '
b1100111111 (
#16640000
0?
b100 0
b100 8
b100 B
b100 !
b100 ,
b100 9
b0 /
b0 3
b0 4
b100 .
b100 7
b100 <
0Q
1X
0V
0`
b100 -
b100 6
b100 c
0A
0@
0_
0]
0I
0P
0\
0C
0K
1R
0D
0L
0S
0Z
b100 $
b100 "
b100 )
b100 1
b100 :
b100 =
b100 a
b0 #
b0 *
b0 2
b0 ;
b0 >
b0 b
b1000000 '
b1101000000 (
#16660000
b101 0
b101 8
b101 B
b101 !
b101 ,
b101 9
b101 .
b101 7
b101 <
b101 -
b101 6
b101 c
1J
1G
1D
b101 $
b1 #
b1 *
b1 2
b1 ;
b1 >
b1 b
b1000001 '
b1101000001 (
#16680000
b110 0
b110 8
b110 B
b110 !
b110 ,
b110 9
b110 .
b110 7
b110 <
b110 -
b110 6
b110 c
0J
1Q
0G
1N
0D
1L
b110 $
b10 #
b10 *
b10 2
b10 ;
b10 >
b10 b
b1000010 '
b1101000010 (
#16700000
b111 0
b111 8
b111 B
b111 !
b111 ,
b111 9
b111 .
b111 7
b111 <
b111 -
b111 6
b111 c
1J
1G
1D
b111 $
b11 #
b11 *
b11 2
b11 ;
b11 >
b11 b
b1000011 '
b1101000011 (
#16720000
b1000 0
b1000 8
b1000 B
b0 !
b0 ,
b0 9
b100 /
b100 3
b100 4
b100 .
b100 7
b100 <
1_
b0 -
b0 6
b0 c
0J
0Q
0X
1?
0G
0N
0U
1W
0D
0L
1S
b0 $
b100 #
b100 *
b100 2
b100 ;
b100 >
b100 b
b1000100 '
b1101000100 (
#16740000
b1001 0
b1001 8
b1001 B
b1 !
b1 ,
b1 9
b101 .
b101 7
b101 <
b1 -
b1 6
b1 c
1J
1G
1D
b1 $
b101 #
b101 *
b101 2
b101 ;
b101 >
b101 b
b1000101 '
b1101000101 (
#16760000
b1010 0
b1010 8
b1010 B
b10 !
b10 ,
b10 9
b110 .
b110 7
b110 <
b10 -
b10 6
b10 c
0J
1Q
0G
1N
0D
1L
b10 $
b110 #
b110 *
b110 2
b110 ;
b110 >
b110 b
b1000110 '
b1101000110 (
#16780000
b1011 0
b1011 8
b1011 B
b11 !
b11 ,
b11 9
b111 .
b111 7
b111 <
b11 -
b11 6
b11 c
1J
1G
1D
b11 $
b111 #
b111 *
b111 2
b111 ;
b111 >
b111 b
b1000111 '
b1101000111 (
#16800000
b1100 0
b1100 8
b1100 B
b1100 !
b1100 ,
b1100 9
b0 /
b0 3
b0 4
b1100 .
b1100 7
b1100 <
0`
b1100 -
b1100 6
b1100 c
0J
0Q
1X
0?
1_
0]
0G
0N
1U
0W
1\
0D
0L
0S
1Z
b1100 $
b1000 #
b1000 *
b1000 2
b1000 ;
b1000 >
b1000 b
b1001000 '
b1101001000 (
#16820000
b1101 0
b1101 8
b1101 B
b1101 !
b1101 ,
b1101 9
b1101 .
b1101 7
b1101 <
b1101 -
b1101 6
b1101 c
1J
1G
1D
b1101 $
b1001 #
b1001 *
b1001 2
b1001 ;
b1001 >
b1001 b
b1001001 '
b1101001001 (
#16840000
b1110 0
b1110 8
b1110 B
b1110 !
b1110 ,
b1110 9
b1110 .
b1110 7
b1110 <
b1110 -
b1110 6
b1110 c
0J
1Q
0G
1N
0D
1L
b1110 $
b1010 #
b1010 *
b1010 2
b1010 ;
b1010 >
b1010 b
b1001010 '
b1101001010 (
#16860000
b1111 0
b1111 8
b1111 B
b1111 !
b1111 ,
b1111 9
b1111 .
b1111 7
b1111 <
b1111 -
b1111 6
b1111 c
1J
1G
1D
b1111 $
b1011 #
b1011 *
b1011 2
b1011 ;
b1011 >
b1011 b
b1001011 '
b1101001011 (
#16880000
b10000 0
b10000 8
b10000 B
1`
b1000 !
b1000 ,
b1000 9
b100 /
b100 3
b100 4
b1100 .
b1100 7
b1100 <
0_
1]
b1000 -
b1000 6
b1000 c
0J
0Q
0X
1?
0G
0N
0U
1W
0D
0L
1S
b1000 $
b1100 #
b1100 *
b1100 2
b1100 ;
b1100 >
b1100 b
b1001100 '
b1101001100 (
#16900000
b10001 0
b10001 8
b10001 B
b1001 !
b1001 ,
b1001 9
b1101 .
b1101 7
b1101 <
b1001 -
b1001 6
b1001 c
1J
1G
1D
b1001 $
b1101 #
b1101 *
b1101 2
b1101 ;
b1101 >
b1101 b
b1001101 '
b1101001101 (
#16920000
b10010 0
b10010 8
b10010 B
b1010 !
b1010 ,
b1010 9
b1110 .
b1110 7
b1110 <
b1010 -
b1010 6
b1010 c
0J
1Q
0G
1N
0D
1L
b1010 $
b1110 #
b1110 *
b1110 2
b1110 ;
b1110 >
b1110 b
b1001110 '
b1101001110 (
#16940000
b10011 0
b10011 8
b10011 B
b1011 !
b1011 ,
b1011 9
b1111 .
b1111 7
b1111 <
b1011 -
b1011 6
b1011 c
1J
1G
1D
b1011 $
b1111 #
b1111 *
b1111 2
b1111 ;
b1111 >
b1111 b
b1001111 '
b1101001111 (
#16960000
b101 0
b101 8
b101 B
b101 !
b101 ,
b101 9
b0 /
b0 3
b0 4
b101 .
b101 7
b101 <
0`
b101 -
b101 6
b101 c
0Q
1X
0?
0_
0]
0N
1U
0W
0\
1C
0D
0L
0S
0Z
b101 $
b101 "
b101 )
b101 1
b101 :
b101 =
b101 a
b0 #
b0 *
b0 2
b0 ;
b0 >
b0 b
b1010000 '
b1101010000 (
#16980000
b110 0
b110 8
b110 B
b100 !
b100 ,
b100 9
b1 /
b1 3
b1 4
1Q
b100 -
b100 6
b100 c
0J
1A
0G
1I
1D
b100 $
b1 #
b1 *
b1 2
b1 ;
b1 >
b1 b
b1010001 '
b1101010001 (
#17000000
0_
0?
b111 0
b111 8
b111 B
1X
0V
b111 !
b111 ,
b111 9
b0 /
b0 3
b0 4
b111 .
b111 7
b111 <
0@
b111 -
b111 6
b111 c
1J
0A
1Q
0O
1G
0I
1N
0D
1L
b111 $
b10 #
b10 *
b10 2
b10 ;
b10 >
b10 b
b1010010 '
b1101010010 (
#17020000
1_
1?
0X
1V
b1000 0
b1000 8
b1000 B
1@
b110 !
b110 ,
b110 9
b1 /
b1 3
b1 4
0Q
1O
b110 -
b110 6
b110 c
0J
1A
0G
1I
1D
b110 $
b11 #
b11 *
b11 2
b11 ;
b11 >
b11 b
b1010011 '
b1101010011 (
#17040000
b1001 0
b1001 8
b1001 B
b1 !
b1 ,
b1 9
b100 /
b100 3
b100 4
b101 .
b101 7
b101 <
0@
1_
b1 -
b1 6
b1 c
1J
0A
0Q
0O
0X
0V
1?
0T
1G
0I
0N
0U
1W
0D
0L
1S
b1 $
b100 #
b100 *
b100 2
b100 ;
b100 >
b100 b
b1010100 '
b1101010100 (
#17060000
b1010 0
b1010 8
b1010 B
b0 !
b0 ,
b0 9
b101 /
b101 3
b101 4
1Q
b0 -
b0 6
b0 c
0J
1A
0G
1I
1D
b0 $
b101 #
b101 *
b101 2
b101 ;
b101 >
b101 b
b1010101 '
b1101010101 (
#17080000
b1011 0
b1011 8
b1011 B
0X
b11 !
b11 ,
b11 9
b100 /
b100 3
b100 4
b111 .
b111 7
b111 <
0@
b11 -
b11 6
b11 c
1J
0A
1Q
0O
1G
0I
1N
0D
1L
b11 $
b110 #
b110 *
b110 2
b110 ;
b110 >
b110 b
b1010110 '
b1101010110 (
#17100000
1X
b1100 0
b1100 8
b1100 B
1@
b10 !
b10 ,
b10 9
b101 /
b101 3
b101 4
0Q
1O
b10 -
b10 6
b10 c
0J
1A
0G
1I
1D
b10 $
b111 #
b111 *
b111 2
b111 ;
b111 >
b111 b
b1010111 '
b1101010111 (
#17120000
b1101 0
b1101 8
b1101 B
b1101 !
b1101 ,
b1101 9
b0 /
b0 3
b0 4
b1101 .
b1101 7
b1101 <
0@
0`
b1101 -
b1101 6
b1101 c
1J
0A
0Q
0O
1X
0V
0?
1_
0]
1G
0I
0N
1U
0W
1\
0D
0L
0S
1Z
b1101 $
b1000 #
b1000 *
b1000 2
b1000 ;
b1000 >
b1000 b
b1011000 '
b1101011000 (
#17140000
b1110 0
b1110 8
b1110 B
b1100 !
b1100 ,
b1100 9
b1 /
b1 3
b1 4
1Q
b1100 -
b1100 6
b1100 c
0J
1A
0G
1I
1D
b1100 $
b1001 #
b1001 *
b1001 2
b1001 ;
b1001 >
b1001 b
b1011001 '
b1101011001 (
#17160000
0`
1_
0]
0?
b1111 0
b1111 8
b1111 B
1X
0V
b1111 !
b1111 ,
b1111 9
b0 /
b0 3
b0 4
b1111 .
b1111 7
b1111 <
0@
b1111 -
b1111 6
b1111 c
1J
0A
1Q
0O
1G
0I
1N
0D
1L
b1111 $
b1010 #
b1010 *
b1010 2
b1010 ;
b1010 >
b1010 b
b1011010 '
b1101011010 (
#17180000
1`
0_
1]
1?
0X
1V
b10000 0
b10000 8
b10000 B
1@
b1110 !
b1110 ,
b1110 9
b1 /
b1 3
b1 4
0Q
1O
b1110 -
b1110 6
b1110 c
0J
1A
0G
1I
1D
b1110 $
b1011 #
b1011 *
b1011 2
b1011 ;
b1011 >
b1011 b
b1011011 '
b1101011011 (
#17200000
b10001 0
b10001 8
b10001 B
1`
b1001 !
b1001 ,
b1001 9
b100 /
b100 3
b100 4
b1101 .
b1101 7
b1101 <
0@
0_
1]
b1001 -
b1001 6
b1001 c
1J
0A
0Q
0O
0X
0V
1?
0T
1G
0I
0N
0U
1W
0D
0L
1S
b1001 $
b1100 #
b1100 *
b1100 2
b1100 ;
b1100 >
b1100 b
b1011100 '
b1101011100 (
#17220000
b10010 0
b10010 8
b10010 B
b1000 !
b1000 ,
b1000 9
b101 /
b101 3
b101 4
1Q
b1000 -
b1000 6
b1000 c
0J
1A
0G
1I
1D
b1000 $
b1101 #
b1101 *
b1101 2
b1101 ;
b1101 >
b1101 b
b1011101 '
b1101011101 (
#17240000
b10011 0
b10011 8
b10011 B
0X
b1011 !
b1011 ,
b1011 9
b100 /
b100 3
b100 4
b1111 .
b1111 7
b1111 <
0@
b1011 -
b1011 6
b1011 c
1J
0A
1Q
0O
1G
0I
1N
0D
1L
b1011 $
b1110 #
b1110 *
b1110 2
b1110 ;
b1110 >
b1110 b
b1011110 '
b1101011110 (
#17260000
1X
b10100 0
b10100 8
b10100 B
1@
b1010 !
b1010 ,
b1010 9
b101 /
b101 3
b101 4
0Q
1O
b1010 -
b1010 6
b1010 c
0J
1A
0G
1I
1D
b1010 $
b1111 #
b1111 *
b1111 2
b1111 ;
b1111 >
b1111 b
b1011111 '
b1101011111 (
#17280000
0@
b110 0
b110 8
b110 B
b110 !
b110 ,
b110 9
b0 /
b0 3
b0 4
b110 .
b110 7
b110 <
1Q
0O
0`
b110 -
b110 6
b110 c
0A
1X
0V
0?
0_
0]
0I
1U
0W
0\
0C
1K
0D
0L
0S
0Z
b110 $
b110 "
b110 )
b110 1
b110 :
b110 =
b110 a
b0 #
b0 *
b0 2
b0 ;
b0 >
b0 b
b1100000 '
b1101100000 (
#17300000
b111 0
b111 8
b111 B
b111 !
b111 ,
b111 9
b111 .
b111 7
b111 <
b111 -
b111 6
b111 c
1J
1G
1D
b111 $
b1 #
b1 *
b1 2
b1 ;
b1 >
b1 b
b1100001 '
b1101100001 (
#17320000
1_
b1000 0
b1000 8
b1000 B
1?
b100 !
b100 ,
b100 9
b10 /
b10 3
b10 4
b110 .
b110 7
b110 <
0X
1V
b100 -
b100 6
b100 c
0J
0Q
1@
0G
0N
1P
0D
1L
b100 $
b10 #
b10 *
b10 2
b10 ;
b10 >
b10 b
b1100010 '
b1101100010 (
#17340000
b1001 0
b1001 8
b1001 B
b101 !
b101 ,
b101 9
b111 .
b111 7
b111 <
b101 -
b101 6
b101 c
1J
1G
1D
b101 $
b11 #
b11 *
b11 2
b11 ;
b11 >
b11 b
b1100011 '
b1101100011 (
#17360000
b1010 0
b1010 8
b1010 B
b10 !
b10 ,
b10 9
b100 /
b100 3
b100 4
b110 .
b110 7
b110 <
1_
b10 -
b10 6
b10 c
0J
1Q
0@
0X
0V
1?
0T
0G
1N
0P
0U
1W
0D
0L
1S
b10 $
b100 #
b100 *
b100 2
b100 ;
b100 >
b100 b
b1100100 '
b1101100100 (
#17380000
b1011 0
b1011 8
b1011 B
b11 !
b11 ,
b11 9
b111 .
b111 7
b111 <
b11 -
b11 6
b11 c
1J
1G
1D
b11 $
b101 #
b101 *
b101 2
b101 ;
b101 >
b101 b
b1100101 '
b1101100101 (
#17400000
b1100 0
b1100 8
b1100 B
b0 !
b0 ,
b0 9
b110 /
b110 3
b110 4
b110 .
b110 7
b110 <
1X
b0 -
b0 6
b0 c
0J
0Q
1@
0G
0N
1P
0D
1L
b0 $
b110 #
b110 *
b110 2
b110 ;
b110 >
b110 b
b1100110 '
b1101100110 (
#17420000
b1101 0
b1101 8
b1101 B
b1 !
b1 ,
b1 9
b111 .
b111 7
b111 <
b1 -
b1 6
b1 c
1J
1G
1D
b1 $
b111 #
b111 *
b111 2
b111 ;
b111 >
b111 b
b1100111 '
b1101100111 (
#17440000
b1110 0
b1110 8
b1110 B
b1110 !
b1110 ,
b1110 9
b0 /
b0 3
b0 4
b1110 .
b1110 7
b1110 <
0`
b1110 -
b1110 6
b1110 c
0J
1Q
0@
1X
0V
0?
1_
0]
0G
1N
0P
1U
0W
1\
0D
0L
0S
1Z
b1110 $
b1000 #
b1000 *
b1000 2
b1000 ;
b1000 >
b1000 b
b1101000 '
b1101101000 (
#17460000
b1111 0
b1111 8
b1111 B
b1111 !
b1111 ,
b1111 9
b1111 .
b1111 7
b1111 <
b1111 -
b1111 6
b1111 c
1J
1G
1D
b1111 $
b1001 #
b1001 *
b1001 2
b1001 ;
b1001 >
b1001 b
b1101001 '
b1101101001 (
#17480000
1`
0_
1]
b10000 0
b10000 8
b10000 B
1?
b1100 !
b1100 ,
b1100 9
b10 /
b10 3
b10 4
b1110 .
b1110 7
b1110 <
0X
1V
b1100 -
b1100 6
b1100 c
0J
0Q
1@
0G
0N
1P
0D
1L
b1100 $
b1010 #
b1010 *
b1010 2
b1010 ;
b1010 >
b1010 b
b1101010 '
b1101101010 (
#17500000
b10001 0
b10001 8
b10001 B
b1101 !
b1101 ,
b1101 9
b1111 .
b1111 7
b1111 <
b1101 -
b1101 6
b1101 c
1J
1G
1D
b1101 $
b1011 #
b1011 *
b1011 2
b1011 ;
b1011 >
b1011 b
b1101011 '
b1101101011 (
#17520000
b10010 0
b10010 8
b10010 B
1`
b1010 !
b1010 ,
b1010 9
b100 /
b100 3
b100 4
b1110 .
b1110 7
b1110 <
0_
1]
b1010 -
b1010 6
b1010 c
0J
1Q
0@
0X
0V
1?
0T
0G
1N
0P
0U
1W
0D
0L
1S
b1010 $
b1100 #
b1100 *
b1100 2
b1100 ;
b1100 >
b1100 b
b1101100 '
b1101101100 (
#17540000
b10011 0
b10011 8
b10011 B
b1011 !
b1011 ,
b1011 9
b1111 .
b1111 7
b1111 <
b1011 -
b1011 6
b1011 c
1J
1G
1D
b1011 $
b1101 #
b1101 *
b1101 2
b1101 ;
b1101 >
b1101 b
b1101101 '
b1101101101 (
#17560000
b10100 0
b10100 8
b10100 B
b1000 !
b1000 ,
b1000 9
b110 /
b110 3
b110 4
b1110 .
b1110 7
b1110 <
1X
b1000 -
b1000 6
b1000 c
0J
0Q
1@
0G
0N
1P
0D
1L
b1000 $
b1110 #
b1110 *
b1110 2
b1110 ;
b1110 >
b1110 b
b1101110 '
b1101101110 (
#17580000
b10101 0
b10101 8
b10101 B
b1001 !
b1001 ,
b1001 9
b1111 .
b1111 7
b1111 <
b1001 -
b1001 6
b1001 c
1J
1G
1D
b1001 $
b1111 #
b1111 *
b1111 2
b1111 ;
b1111 >
b1111 b
b1101111 '
b1101101111 (
#17600000
b111 0
b111 8
b111 B
b111 !
b111 ,
b111 9
b0 /
b0 3
b0 4
b111 .
b111 7
b111 <
0`
b111 -
b111 6
b111 c
1Q
0@
1X
0V
0?
0_
0]
1N
0P
1U
0W
0\
1C
0D
0L
0S
0Z
b111 $
b111 "
b111 )
b111 1
b111 :
b111 =
b111 a
b0 #
b0 *
b0 2
b0 ;
b0 >
b0 b
b1110000 '
b1101110000 (
#17620000
1_
1?
0X
1V
b1000 0
b1000 8
b1000 B
1@
b110 !
b110 ,
b110 9
b1 /
b1 3
b1 4
0Q
1O
b110 -
b110 6
b110 c
0J
1A
0G
1I
1D
b110 $
b1 #
b1 *
b1 2
b1 ;
b1 >
b1 b
b1110001 '
b1101110001 (
#17640000
1_
b1001 0
b1001 8
b1001 B
1?
b101 !
b101 ,
b101 9
b10 /
b10 3
b10 4
0X
1V
b101 -
b101 6
b101 c
1J
0A
0Q
0O
1@
0M
1G
0I
0N
1P
0D
1L
b101 $
b10 #
b10 *
b10 2
b10 ;
b10 >
b10 b
b1110010 '
b1101110010 (
#17660000
b1010 0
b1010 8
b1010 B
b100 !
b100 ,
b100 9
b11 /
b11 3
b11 4
1Q
b100 -
b100 6
b100 c
0J
1A
0G
1I
1D
b100 $
b11 #
b11 *
b11 2
b11 ;
b11 >
b11 b
b1110011 '
b1101110011 (
#17680000
b1011 0
b1011 8
b1011 B
b11 !
b11 ,
b11 9
b100 /
b100 3
b100 4
1_
b11 -
b11 6
b11 c
1J
0A
1Q
0O
0@
0X
0V
1?
0T
1G
0I
1N
0P
0U
1W
0D
0L
1S
b11 $
b100 #
b100 *
b100 2
b100 ;
b100 >
b100 b
b1110100 '
b1101110100 (
#17700000
1X
b1100 0
b1100 8
b1100 B
1@
b10 !
b10 ,
b10 9
b101 /
b101 3
b101 4
0Q
1O
b10 -
b10 6
b10 c
0J
1A
0G
1I
1D
b10 $
b101 #
b101 *
b101 2
b101 ;
b101 >
b101 b
b1110101 '
b1101110101 (
#17720000
b1101 0
b1101 8
b1101 B
b1 !
b1 ,
b1 9
b110 /
b110 3
b110 4
1X
b1 -
b1 6
b1 c
1J
0A
0Q
0O
1@
0M
1G
0I
0N
1P
0D
1L
b1 $
b110 #
b110 *
b110 2
b110 ;
b110 >
b110 b
b1110110 '
b1101110110 (
#17740000
b1110 0
b1110 8
b1110 B
b0 !
b0 ,
b0 9
b111 /
b111 3
b111 4
1Q
b0 -
b0 6
b0 c
0J
1A
0G
1I
1D
b0 $
b111 #
b111 *
b111 2
b111 ;
b111 >
b111 b
b1110111 '
b1101110111 (
#17760000
b1111 0
b1111 8
b1111 B
b1111 !
b1111 ,
b1111 9
b0 /
b0 3
b0 4
b1111 .
b1111 7
b1111 <
0`
b1111 -
b1111 6
b1111 c
1J
0A
1Q
0O
0@
1X
0V
0?
1_
0]
1G
0I
1N
0P
1U
0W
1\
0D
0L
0S
1Z
b1111 $
b1000 #
b1000 *
b1000 2
b1000 ;
b1000 >
b1000 b
b1111000 '
b1101111000 (
#17780000
1`
0_
1]
1?
0X
1V
b10000 0
b10000 8
b10000 B
1@
b1110 !
b1110 ,
b1110 9
b1 /
b1 3
b1 4
0Q
1O
b1110 -
b1110 6
b1110 c
0J
1A
0G
1I
1D
b1110 $
b1001 #
b1001 *
b1001 2
b1001 ;
b1001 >
b1001 b
b1111001 '
b1101111001 (
#17800000
1`
0_
1]
b10001 0
b10001 8
b10001 B
1?
b1101 !
b1101 ,
b1101 9
b10 /
b10 3
b10 4
0X
1V
b1101 -
b1101 6
b1101 c
1J
0A
0Q
0O
1@
0M
1G
0I
0N
1P
0D
1L
b1101 $
b1010 #
b1010 *
b1010 2
b1010 ;
b1010 >
b1010 b
b1111010 '
b1101111010 (
#17820000
b10010 0
b10010 8
b10010 B
b1100 !
b1100 ,
b1100 9
b11 /
b11 3
b11 4
1Q
b1100 -
b1100 6
b1100 c
0J
1A
0G
1I
1D
b1100 $
b1011 #
b1011 *
b1011 2
b1011 ;
b1011 >
b1011 b
b1111011 '
b1101111011 (
#17840000
b10011 0
b10011 8
b10011 B
1`
b1011 !
b1011 ,
b1011 9
b100 /
b100 3
b100 4
0_
1]
b1011 -
b1011 6
b1011 c
1J
0A
1Q
0O
0@
0X
0V
1?
0T
1G
0I
1N
0P
0U
1W
0D
0L
1S
b1011 $
b1100 #
b1100 *
b1100 2
b1100 ;
b1100 >
b1100 b
b1111100 '
b1101111100 (
#17860000
1X
b10100 0
b10100 8
b10100 B
1@
b1010 !
b1010 ,
b1010 9
b101 /
b101 3
b101 4
0Q
1O
b1010 -
b1010 6
b1010 c
0J
1A
0G
1I
1D
b1010 $
b1101 #
b1101 *
b1101 2
b1101 ;
b1101 >
b1101 b
b1111101 '
b1101111101 (
#17880000
b10101 0
b10101 8
b10101 B
b1001 !
b1001 ,
b1001 9
b110 /
b110 3
b110 4
1X
b1001 -
b1001 6
b1001 c
1J
0A
0Q
0O
1@
0M
1G
0I
0N
1P
0D
1L
b1001 $
b1110 #
b1110 *
b1110 2
b1110 ;
b1110 >
b1110 b
b1111110 '
b1101111110 (
#17900000
b10110 0
b10110 8
b10110 B
b1000 !
b1000 ,
b1000 9
b111 /
b111 3
b111 4
1Q
b1000 -
b1000 6
b1000 c
0J
1A
0G
1I
1D
b1000 $
b1111 #
b1111 *
b1111 2
b1111 ;
b1111 >
b1111 b
b1111111 '
b1101111111 (
#17920000
b1000 0
b1000 8
b1000 B
0`
b0 /
b0 3
b0 4
b1000 .
b1000 7
b1000 <
0Q
0X
1_
0]
0A
0@
0?
0I
0P
0W
0C
0K
0R
1Y
0D
0L
0S
0Z
b1000 "
b1000 )
b1000 1
b1000 :
b1000 =
b1000 a
b0 #
b0 *
b0 2
b0 ;
b0 >
b0 b
b10000000 '
b1110000000 (
#17940000
b1001 0
b1001 8
b1001 B
b1001 !
b1001 ,
b1001 9
b1001 .
b1001 7
b1001 <
b1001 -
b1001 6
b1001 c
1J
1G
1D
b1001 $
b1 #
b1 *
b1 2
b1 ;
b1 >
b1 b
b10000001 '
b1110000001 (
#17960000
b1010 0
b1010 8
b1010 B
b1010 !
b1010 ,
b1010 9
b1010 .
b1010 7
b1010 <
b1010 -
b1010 6
b1010 c
0J
1Q
0G
1N
0D
1L
b1010 $
b10 #
b10 *
b10 2
b10 ;
b10 >
b10 b
b10000010 '
b1110000010 (
#17980000
b1011 0
b1011 8
b1011 B
b1011 !
b1011 ,
b1011 9
b1011 .
b1011 7
b1011 <
b1011 -
b1011 6
b1011 c
1J
1G
1D
b1011 $
b11 #
b11 *
b11 2
b11 ;
b11 >
b11 b
b10000011 '
b1110000011 (
#18000000
b1100 0
b1100 8
b1100 B
b1100 !
b1100 ,
b1100 9
b1100 .
b1100 7
b1100 <
b1100 -
b1100 6
b1100 c
0J
0Q
1X
0G
0N
1U
0D
0L
1S
b1100 $
b100 #
b100 *
b100 2
b100 ;
b100 >
b100 b
b10000100 '
b1110000100 (
#18020000
b1101 0
b1101 8
b1101 B
b1101 !
b1101 ,
b1101 9
b1101 .
b1101 7
b1101 <
b1101 -
b1101 6
b1101 c
1J
1G
1D
b1101 $
b101 #
b101 *
b101 2
b101 ;
b101 >
b101 b
b10000101 '
b1110000101 (
#18040000
b1110 0
b1110 8
b1110 B
b1110 !
b1110 ,
b1110 9
b1110 .
b1110 7
b1110 <
b1110 -
b1110 6
b1110 c
0J
1Q
0G
1N
0D
1L
b1110 $
b110 #
b110 *
b110 2
b110 ;
b110 >
b110 b
b10000110 '
b1110000110 (
#18060000
b1111 0
b1111 8
b1111 B
b1111 !
b1111 ,
b1111 9
b1111 .
b1111 7
b1111 <
b1111 -
b1111 6
b1111 c
1J
1G
1D
b1111 $
b111 #
b111 *
b111 2
b111 ;
b111 >
b111 b
b10000111 '
b1110000111 (
#18080000
b10000 0
b10000 8
b10000 B
b0 !
b0 ,
b0 9
b1000 /
b1000 3
b1000 4
b1000 .
b1000 7
b1000 <
b0 -
b0 6
b0 c
0J
0Q
0X
0_
1`
0G
0N
0U
0\
1^
0D
0L
0S
1Z
b0 $
b1000 #
b1000 *
b1000 2
b1000 ;
b1000 >
b1000 b
b10001000 '
b1110001000 (
#18100000
b10001 0
b10001 8
b10001 B
b1 !
b1 ,
b1 9
b1001 .
b1001 7
b1001 <
b1 -
b1 6
b1 c
1J
1G
1D
b1 $
b1001 #
b1001 *
b1001 2
b1001 ;
b1001 >
b1001 b
b10001001 '
b1110001001 (
#18120000
b10010 0
b10010 8
b10010 B
b10 !
b10 ,
b10 9
b1010 .
b1010 7
b1010 <
b10 -
b10 6
b10 c
0J
1Q
0G
1N
0D
1L
b10 $
b1010 #
b1010 *
b1010 2
b1010 ;
b1010 >
b1010 b
b10001010 '
b1110001010 (
#18140000
b10011 0
b10011 8
b10011 B
b11 !
b11 ,
b11 9
b1011 .
b1011 7
b1011 <
b11 -
b11 6
b11 c
1J
1G
1D
b11 $
b1011 #
b1011 *
b1011 2
b1011 ;
b1011 >
b1011 b
b10001011 '
b1110001011 (
#18160000
b10100 0
b10100 8
b10100 B
b100 !
b100 ,
b100 9
b1100 .
b1100 7
b1100 <
b100 -
b100 6
b100 c
0J
0Q
1X
0G
0N
1U
0D
0L
1S
b100 $
b1100 #
b1100 *
b1100 2
b1100 ;
b1100 >
b1100 b
b10001100 '
b1110001100 (
#18180000
b10101 0
b10101 8
b10101 B
b101 !
b101 ,
b101 9
b1101 .
b1101 7
b1101 <
b101 -
b101 6
b101 c
1J
1G
1D
b101 $
b1101 #
b1101 *
b1101 2
b1101 ;
b1101 >
b1101 b
b10001101 '
b1110001101 (
#18200000
b10110 0
b10110 8
b10110 B
b110 !
b110 ,
b110 9
b1110 .
b1110 7
b1110 <
b110 -
b110 6
b110 c
0J
1Q
0G
1N
0D
1L
b110 $
b1110 #
b1110 *
b1110 2
b1110 ;
b1110 >
b1110 b
b10001110 '
b1110001110 (
#18220000
b10111 0
b10111 8
b10111 B
b111 !
b111 ,
b111 9
b1111 .
b1111 7
b1111 <
b111 -
b111 6
b111 c
1J
1G
1D
b111 $
b1111 #
b1111 *
b1111 2
b1111 ;
b1111 >
b1111 b
b10001111 '
b1110001111 (
#18240000
b1001 0
b1001 8
b1001 B
b1001 !
b1001 ,
b1001 9
b0 /
b0 3
b0 4
b1001 .
b1001 7
b1001 <
b1001 -
b1001 6
b1001 c
0Q
0X
1_
0`
0N
0U
1\
0^
1C
0D
0L
0S
0Z
b1001 $
b1001 "
b1001 )
b1001 1
b1001 :
b1001 =
b1001 a
b0 #
b0 *
b0 2
b0 ;
b0 >
b0 b
b10010000 '
b1110010000 (
#18260000
b1010 0
b1010 8
b1010 B
b1000 !
b1000 ,
b1000 9
b1 /
b1 3
b1 4
1Q
b1000 -
b1000 6
b1000 c
0J
1A
0G
1I
1D
b1000 $
b1 #
b1 *
b1 2
b1 ;
b1 >
b1 b
b10010001 '
b1110010001 (
#18280000
b1011 0
b1011 8
b1011 B
0X
b1011 !
b1011 ,
b1011 9
b0 /
b0 3
b0 4
b1011 .
b1011 7
b1011 <
0@
b1011 -
b1011 6
b1011 c
1J
0A
1Q
0O
1G
0I
1N
0D
1L
b1011 $
b10 #
b10 *
b10 2
b10 ;
b10 >
b10 b
b10010010 '
b1110010010 (
#18300000
1X
b1100 0
b1100 8
b1100 B
1@
b1010 !
b1010 ,
b1010 9
b1 /
b1 3
b1 4
0Q
1O
b1010 -
b1010 6
b1010 c
0J
1A
0G
1I
1D
b1010 $
b11 #
b11 *
b11 2
b11 ;
b11 >
b11 b
b10010011 '
b1110010011 (
#18320000
0`
b1101 0
b1101 8
b1101 B
1_
0]
b1101 !
b1101 ,
b1101 9
b0 /
b0 3
b0 4
b1101 .
b1101 7
b1101 <
0@
0?
b1101 -
b1101 6
b1101 c
1J
0A
0Q
0O
1X
0V
1G
0I
0N
1U
0D
0L
1S
b1101 $
b100 #
b100 *
b100 2
b100 ;
b100 >
b100 b
b10010100 '
b1110010100 (
#18340000
b1110 0
b1110 8
b1110 B
b1100 !
b1100 ,
b1100 9
b1 /
b1 3
b1 4
1Q
b1100 -
b1100 6
b1100 c
0J
1A
0G
1I
1D
b1100 $
b101 #
b101 *
b101 2
b101 ;
b101 >
b101 b
b10010101 '
b1110010101 (
#18360000
0`
1_
0]
0?
b1111 0
b1111 8
b1111 B
1X
0V
b1111 !
b1111 ,
b1111 9
b0 /
b0 3
b0 4
b1111 .
b1111 7
b1111 <
0@
b1111 -
b1111 6
b1111 c
1J
0A
1Q
0O
1G
0I
1N
0D
1L
b1111 $
b110 #
b110 *
b110 2
b110 ;
b110 >
b110 b
b10010110 '
b1110010110 (
#18380000
1`
0_
1]
1?
0X
1V
b10000 0
b10000 8
b10000 B
1@
b1110 !
b1110 ,
b1110 9
b1 /
b1 3
b1 4
0Q
1O
b1110 -
b1110 6
b1110 c
0J
1A
0G
1I
1D
b1110 $
b111 #
b111 *
b111 2
b111 ;
b111 >
b111 b
b10010111 '
b1110010111 (
#18400000
b10001 0
b10001 8
b10001 B
b1 !
b1 ,
b1 9
b1000 /
b1000 3
b1000 4
b1001 .
b1001 7
b1001 <
0@
0?
b1 -
b1 6
b1 c
1J
0A
0Q
0O
0X
0V
0_
0]
1`
0[
1G
0I
0N
0U
0\
1^
0D
0L
0S
1Z
b1 $
b1000 #
b1000 *
b1000 2
b1000 ;
b1000 >
b1000 b
b10011000 '
b1110011000 (
#18420000
b10010 0
b10010 8
b10010 B
b0 !
b0 ,
b0 9
b1001 /
b1001 3
b1001 4
1Q
b0 -
b0 6
b0 c
0J
1A
0G
1I
1D
b0 $
b1001 #
b1001 *
b1001 2
b1001 ;
b1001 >
b1001 b
b10011001 '
b1110011001 (
#18440000
b10011 0
b10011 8
b10011 B
0X
b11 !
b11 ,
b11 9
b1000 /
b1000 3
b1000 4
b1011 .
b1011 7
b1011 <
0@
b11 -
b11 6
b11 c
1J
0A
1Q
0O
1G
0I
1N
0D
1L
b11 $
b1010 #
b1010 *
b1010 2
b1010 ;
b1010 >
b1010 b
b10011010 '
b1110011010 (
#18460000
1X
b10100 0
b10100 8
b10100 B
1@
b10 !
b10 ,
b10 9
b1001 /
b1001 3
b1001 4
0Q
1O
b10 -
b10 6
b10 c
0J
1A
0G
1I
1D
b10 $
b1011 #
b1011 *
b1011 2
b1011 ;
b1011 >
b1011 b
b10011011 '
b1110011011 (
#18480000
b10101 0
b10101 8
b10101 B
0_
b101 !
b101 ,
b101 9
b1000 /
b1000 3
b1000 4
b1101 .
b1101 7
b1101 <
0@
0?
b101 -
b101 6
b101 c
1J
0A
0Q
0O
1X
0V
1G
0I
0N
1U
0D
0L
1S
b101 $
b1100 #
b1100 *
b1100 2
b1100 ;
b1100 >
b1100 b
b10011100 '
b1110011100 (
#18500000
b10110 0
b10110 8
b10110 B
b100 !
b100 ,
b100 9
b1001 /
b1001 3
b1001 4
1Q
b100 -
b100 6
b100 c
0J
1A
0G
1I
1D
b100 $
b1101 #
b1101 *
b1101 2
b1101 ;
b1101 >
b1101 b
b10011101 '
b1110011101 (
#18520000
0_
0?
b10111 0
b10111 8
b10111 B
1X
0V
b111 !
b111 ,
b111 9
b1000 /
b1000 3
b1000 4
b1111 .
b1111 7
b1111 <
0@
b111 -
b111 6
b111 c
1J
0A
1Q
0O
1G
0I
1N
0D
1L
b111 $
b1110 #
b1110 *
b1110 2
b1110 ;
b1110 >
b1110 b
b10011110 '
b1110011110 (
#18540000
1_
1?
0X
1V
b11000 0
b11000 8
b11000 B
1@
b110 !
b110 ,
b110 9
b1001 /
b1001 3
b1001 4
0Q
1O
b110 -
b110 6
b110 c
0J
1A
0G
1I
1D
b110 $
b1111 #
b1111 *
b1111 2
b1111 ;
b1111 >
b1111 b
b10011111 '
b1110011111 (
#18560000
0@
b1010 0
b1010 8
b1010 B
b1010 !
b1010 ,
b1010 9
b0 /
b0 3
b0 4
b1010 .
b1010 7
b1010 <
1Q
0O
0?
b1010 -
b1010 6
b1010 c
0A
0X
0V
1_
0]
0`
0I
0U
1\
0^
0C
1K
0D
0L
0S
0Z
b1010 $
b1010 "
b1010 )
b1010 1
b1010 :
b1010 =
b1010 a
b0 #
b0 *
b0 2
b0 ;
b0 >
b0 b
b10100000 '
b1110100000 (
#18580000
b1011 0
b1011 8
b1011 B
b1011 !
b1011 ,
b1011 9
b1011 .
b1011 7
b1011 <
b1011 -
b1011 6
b1011 c
1J
1G
1D
b1011 $
b1 #
b1 *
b1 2
b1 ;
b1 >
b1 b
b10100001 '
b1110100001 (
#18600000
b1100 0
b1100 8
b1100 B
b1000 !
b1000 ,
b1000 9
b10 /
b10 3
b10 4
b1010 .
b1010 7
b1010 <
1X
b1000 -
b1000 6
b1000 c
0J
0Q
1@
0G
0N
1P
0D
1L
b1000 $
b10 #
b10 *
b10 2
b10 ;
b10 >
b10 b
b10100010 '
b1110100010 (
#18620000
b1101 0
b1101 8
b1101 B
b1001 !
b1001 ,
b1001 9
b1011 .
b1011 7
b1011 <
b1001 -
b1001 6
b1001 c
1J
1G
1D
b1001 $
b11 #
b11 *
b11 2
b11 ;
b11 >
b11 b
b10100011 '
b1110100011 (
#18640000
0`
b1110 0
b1110 8
b1110 B
1_
0]
b1110 !
b1110 ,
b1110 9
b0 /
b0 3
b0 4
b1110 .
b1110 7
b1110 <
0?
b1110 -
b1110 6
b1110 c
0J
1Q
0@
1X
0V
0G
1N
0P
1U
0D
0L
1S
b1110 $
b100 #
b100 *
b100 2
b100 ;
b100 >
b100 b
b10100100 '
b1110100100 (
#18660000
b1111 0
b1111 8
b1111 B
b1111 !
b1111 ,
b1111 9
b1111 .
b1111 7
b1111 <
b1111 -
b1111 6
b1111 c
1J
1G
1D
b1111 $
b101 #
b101 *
b101 2
b101 ;
b101 >
b101 b
b10100101 '
b1110100101 (
#18680000
1`
0_
1]
b10000 0
b10000 8
b10000 B
1?
b1100 !
b1100 ,
b1100 9
b10 /
b10 3
b10 4
b1110 .
b1110 7
b1110 <
0X
1V
b1100 -
b1100 6
b1100 c
0J
0Q
1@
0G
0N
1P
0D
1L
b1100 $
b110 #
b110 *
b110 2
b110 ;
b110 >
b110 b
b10100110 '
b1110100110 (
#18700000
b10001 0
b10001 8
b10001 B
b1101 !
b1101 ,
b1101 9
b1111 .
b1111 7
b1111 <
b1101 -
b1101 6
b1101 c
1J
1G
1D
b1101 $
b111 #
b111 *
b111 2
b111 ;
b111 >
b111 b
b10100111 '
b1110100111 (
#18720000
b10010 0
b10010 8
b10010 B
b10 !
b10 ,
b10 9
b1000 /
b1000 3
b1000 4
b1010 .
b1010 7
b1010 <
0?
b10 -
b10 6
b10 c
0J
1Q
0@
0X
0V
0_
0]
1`
0[
0G
1N
0P
0U
0\
1^
0D
0L
0S
1Z
b10 $
b1000 #
b1000 *
b1000 2
b1000 ;
b1000 >
b1000 b
b10101000 '
b1110101000 (
#18740000
b10011 0
b10011 8
b10011 B
b11 !
b11 ,
b11 9
b1011 .
b1011 7
b1011 <
b11 -
b11 6
b11 c
1J
1G
1D
b11 $
b1001 #
b1001 *
b1001 2
b1001 ;
b1001 >
b1001 b
b10101001 '
b1110101001 (
#18760000
b10100 0
b10100 8
b10100 B
b0 !
b0 ,
b0 9
b1010 /
b1010 3
b1010 4
b1010 .
b1010 7
b1010 <
1X
b0 -
b0 6
b0 c
0J
0Q
1@
0G
0N
1P
0D
1L
b0 $
b1010 #
b1010 *
b1010 2
b1010 ;
b1010 >
b1010 b
b10101010 '
b1110101010 (
#18780000
b10101 0
b10101 8
b10101 B
b1 !
b1 ,
b1 9
b1011 .
b1011 7
b1011 <
b1 -
b1 6
b1 c
1J
1G
1D
b1 $
b1011 #
b1011 *
b1011 2
b1011 ;
b1011 >
b1011 b
b10101011 '
b1110101011 (
#18800000
b10110 0
b10110 8
b10110 B
0_
b110 !
b110 ,
b110 9
b1000 /
b1000 3
b1000 4
b1110 .
b1110 7
b1110 <
0?
b110 -
b110 6
b110 c
0J
1Q
0@
1X
0V
0G
1N
0P
1U
0D
0L
1S
b110 $
b1100 #
b1100 *
b1100 2
b1100 ;
b1100 >
b1100 b
b10101100 '
b1110101100 (
#18820000
b10111 0
b10111 8
b10111 B
b111 !
b111 ,
b111 9
b1111 .
b1111 7
b1111 <
b111 -
b111 6
b111 c
1J
1G
1D
b111 $
b1101 #
b1101 *
b1101 2
b1101 ;
b1101 >
b1101 b
b10101101 '
b1110101101 (
#18840000
1_
b11000 0
b11000 8
b11000 B
1?
b100 !
b100 ,
b100 9
b1010 /
b1010 3
b1010 4
b1110 .
b1110 7
b1110 <
0X
1V
b100 -
b100 6
b100 c
0J
0Q
1@
0G
0N
1P
0D
1L
b100 $
b1110 #
b1110 *
b1110 2
b1110 ;
b1110 >
b1110 b
b10101110 '
b1110101110 (
#18860000
b11001 0
b11001 8
b11001 B
b101 !
b101 ,
b101 9
b1111 .
b1111 7
b1111 <
b101 -
b101 6
b101 c
1J
1G
1D
b101 $
b1111 #
b1111 *
b1111 2
b1111 ;
b1111 >
b1111 b
b10101111 '
b1110101111 (
#18880000
b1011 0
b1011 8
b1011 B
b1011 !
b1011 ,
b1011 9
b0 /
b0 3
b0 4
b1011 .
b1011 7
b1011 <
0?
b1011 -
b1011 6
b1011 c
1Q
0@
0X
0V
1_
0]
0`
1N
0P
0U
1\
0^
1C
0D
0L
0S
0Z
b1011 $
b1011 "
b1011 )
b1011 1
b1011 :
b1011 =
b1011 a
b0 #
b0 *
b0 2
b0 ;
b0 >
b0 b
b10110000 '
b1110110000 (
#18900000
1X
b1100 0
b1100 8
b1100 B
1@
b1010 !
b1010 ,
b1010 9
b1 /
b1 3
b1 4
0Q
1O
b1010 -
b1010 6
b1010 c
0J
1A
0G
1I
1D
b1010 $
b1 #
b1 *
b1 2
b1 ;
b1 >
b1 b
b10110001 '
b1110110001 (
#18920000
b1101 0
b1101 8
b1101 B
b1001 !
b1001 ,
b1001 9
b10 /
b10 3
b10 4
1X
b1001 -
b1001 6
b1001 c
1J
0A
0Q
0O
1@
0M
1G
0I
0N
1P
0D
1L
b1001 $
b10 #
b10 *
b10 2
b10 ;
b10 >
b10 b
b10110010 '
b1110110010 (
#18940000
b1110 0
b1110 8
b1110 B
b1000 !
b1000 ,
b1000 9
b11 /
b11 3
b11 4
1Q
b1000 -
b1000 6
b1000 c
0J
1A
0G
1I
1D
b1000 $
b11 #
b11 *
b11 2
b11 ;
b11 >
b11 b
b10110011 '
b1110110011 (
#18960000
0`
b1111 0
b1111 8
b1111 B
1_
0]
b1111 !
b1111 ,
b1111 9
b0 /
b0 3
b0 4
b1111 .
b1111 7
b1111 <
0?
b1111 -
b1111 6
b1111 c
1J
0A
1Q
0O
0@
1X
0V
1G
0I
1N
0P
1U
0D
0L
1S
b1111 $
b100 #
b100 *
b100 2
b100 ;
b100 >
b100 b
b10110100 '
b1110110100 (
#18980000
1`
0_
1]
1?
0X
1V
b10000 0
b10000 8
b10000 B
1@
b1110 !
b1110 ,
b1110 9
b1 /
b1 3
b1 4
0Q
1O
b1110 -
b1110 6
b1110 c
0J
1A
0G
1I
1D
b1110 $
b101 #
b101 *
b101 2
b101 ;
b101 >
b101 b
b10110101 '
b1110110101 (
#19000000
1`
0_
1]
b10001 0
b10001 8
b10001 B
1?
b1101 !
b1101 ,
b1101 9
b10 /
b10 3
b10 4
0X
1V
b1101 -
b1101 6
b1101 c
1J
0A
0Q
0O
1@
0M
1G
0I
0N
1P
0D
1L
b1101 $
b110 #
b110 *
b110 2
b110 ;
b110 >
b110 b
b10110110 '
b1110110110 (
#19020000
b10010 0
b10010 8
b10010 B
b1100 !
b1100 ,
b1100 9
b11 /
b11 3
b11 4
1Q
b1100 -
b1100 6
b1100 c
0J
1A
0G
1I
1D
b1100 $
b111 #
b111 *
b111 2
b111 ;
b111 >
b111 b
b10110111 '
b1110110111 (
#19040000
b10011 0
b10011 8
b10011 B
b11 !
b11 ,
b11 9
b1000 /
b1000 3
b1000 4
b1011 .
b1011 7
b1011 <
0?
b11 -
b11 6
b11 c
1J
0A
1Q
0O
0@
0X
0V
0_
0]
1`
0[
1G
0I
1N
0P
0U
0\
1^
0D
0L
0S
1Z
b11 $
b1000 #
b1000 *
b1000 2
b1000 ;
b1000 >
b1000 b
b10111000 '
b1110111000 (
#19060000
1X
b10100 0
b10100 8
b10100 B
1@
b10 !
b10 ,
b10 9
b1001 /
b1001 3
b1001 4
0Q
1O
b10 -
b10 6
b10 c
0J
1A
0G
1I
1D
b10 $
b1001 #
b1001 *
b1001 2
b1001 ;
b1001 >
b1001 b
b10111001 '
b1110111001 (
#19080000
b10101 0
b10101 8
b10101 B
b1 !
b1 ,
b1 9
b1010 /
b1010 3
b1010 4
1X
b1 -
b1 6
b1 c
1J
0A
0Q
0O
1@
0M
1G
0I
0N
1P
0D
1L
b1 $
b1010 #
b1010 *
b1010 2
b1010 ;
b1010 >
b1010 b
b10111010 '
b1110111010 (
#19100000
b10110 0
b10110 8
b10110 B
b0 !
b0 ,
b0 9
b1011 /
b1011 3
b1011 4
1Q
b0 -
b0 6
b0 c
0J
1A
0G
1I
1D
b0 $
b1011 #
b1011 *
b1011 2
b1011 ;
b1011 >
b1011 b
b10111011 '
b1110111011 (
#19120000
b10111 0
b10111 8
b10111 B
0_
b111 !
b111 ,
b111 9
b1000 /
b1000 3
b1000 4
b1111 .
b1111 7
b1111 <
0?
b111 -
b111 6
b111 c
1J
0A
1Q
0O
0@
1X
0V
1G
0I
1N
0P
1U
0D
0L
1S
b111 $
b1100 #
b1100 *
b1100 2
b1100 ;
b1100 >
b1100 b
b10111100 '
b1110111100 (
#19140000
1_
1?
0X
1V
b11000 0
b11000 8
b11000 B
1@
b110 !
b110 ,
b110 9
b1001 /
b1001 3
b1001 4
0Q
1O
b110 -
b110 6
b110 c
0J
1A
0G
1I
1D
b110 $
b1101 #
b1101 *
b1101 2
b1101 ;
b1101 >
b1101 b
b10111101 '
b1110111101 (
#19160000
1_
b11001 0
b11001 8
b11001 B
1?
b101 !
b101 ,
b101 9
b1010 /
b1010 3
b1010 4
0X
1V
b101 -
b101 6
b101 c
1J
0A
0Q
0O
1@
0M
1G
0I
0N
1P
0D
1L
b101 $
b1110 #
b1110 *
b1110 2
b1110 ;
b1110 >
b1110 b
b10111110 '
b1110111110 (
#19180000
b11010 0
b11010 8
b11010 B
b100 !
b100 ,
b100 9
b1011 /
b1011 3
b1011 4
1Q
b100 -
b100 6
b100 c
0J
1A
0G
1I
1D
b100 $
b1111 #
b1111 *
b1111 2
b1111 ;
b1111 >
b1111 b
b10111111 '
b1110111111 (
#19200000
0?
b1100 0
b1100 8
b1100 B
b1100 !
b1100 ,
b1100 9
b0 /
b0 3
b0 4
b1100 .
b1100 7
b1100 <
0Q
1X
0V
b1100 -
b1100 6
b1100 c
0A
0@
1_
0]
0`
0I
0P
1\
0^
0C
0K
1R
0D
0L
0S
0Z
b1100 $
b1100 "
b1100 )
b1100 1
b1100 :
b1100 =
b1100 a
b0 #
b0 *
b0 2
b0 ;
b0 >
b0 b
b11000000 '
b1111000000 (
#19220000
b1101 0
b1101 8
b1101 B
b1101 !
b1101 ,
b1101 9
b1101 .
b1101 7
b1101 <
b1101 -
b1101 6
b1101 c
1J
1G
1D
b1101 $
b1 #
b1 *
b1 2
b1 ;
b1 >
b1 b
b11000001 '
b1111000001 (
#19240000
b1110 0
b1110 8
b1110 B
b1110 !
b1110 ,
b1110 9
b1110 .
b1110 7
b1110 <
b1110 -
b1110 6
b1110 c
0J
1Q
0G
1N
0D
1L
b1110 $
b10 #
b10 *
b10 2
b10 ;
b10 >
b10 b
b11000010 '
b1111000010 (
#19260000
b1111 0
b1111 8
b1111 B
b1111 !
b1111 ,
b1111 9
b1111 .
b1111 7
b1111 <
b1111 -
b1111 6
b1111 c
1J
1G
1D
b1111 $
b11 #
b11 *
b11 2
b11 ;
b11 >
b11 b
b11000011 '
b1111000011 (
#19280000
b10000 0
b10000 8
b10000 B
1`
b1000 !
b1000 ,
b1000 9
b100 /
b100 3
b100 4
b1100 .
b1100 7
b1100 <
0_
1]
b1000 -
b1000 6
b1000 c
0J
0Q
0X
1?
0G
0N
0U
1W
0D
0L
1S
b1000 $
b100 #
b100 *
b100 2
b100 ;
b100 >
b100 b
b11000100 '
b1111000100 (
#19300000
b10001 0
b10001 8
b10001 B
b1001 !
b1001 ,
b1001 9
b1101 .
b1101 7
b1101 <
b1001 -
b1001 6
b1001 c
1J
1G
1D
b1001 $
b101 #
b101 *
b101 2
b101 ;
b101 >
b101 b
b11000101 '
b1111000101 (
#19320000
b10010 0
b10010 8
b10010 B
b1010 !
b1010 ,
b1010 9
b1110 .
b1110 7
b1110 <
b1010 -
b1010 6
b1010 c
0J
1Q
0G
1N
0D
1L
b1010 $
b110 #
b110 *
b110 2
b110 ;
b110 >
b110 b
b11000110 '
b1111000110 (
#19340000
b10011 0
b10011 8
b10011 B
b1011 !
b1011 ,
b1011 9
b1111 .
b1111 7
b1111 <
b1011 -
b1011 6
b1011 c
1J
1G
1D
b1011 $
b111 #
b111 *
b111 2
b111 ;
b111 >
b111 b
b11000111 '
b1111000111 (
#19360000
b10100 0
b10100 8
b10100 B
b100 !
b100 ,
b100 9
b1000 /
b1000 3
b1000 4
b1100 .
b1100 7
b1100 <
b100 -
b100 6
b100 c
0J
0Q
1X
0?
0_
0]
1`
0[
0G
0N
1U
0W
0\
1^
0D
0L
0S
1Z
b100 $
b1000 #
b1000 *
b1000 2
b1000 ;
b1000 >
b1000 b
b11001000 '
b1111001000 (
#19380000
b10101 0
b10101 8
b10101 B
b101 !
b101 ,
b101 9
b1101 .
b1101 7
b1101 <
b101 -
b101 6
b101 c
1J
1G
1D
b101 $
b1001 #
b1001 *
b1001 2
b1001 ;
b1001 >
b1001 b
b11001001 '
b1111001001 (
#19400000
b10110 0
b10110 8
b10110 B
b110 !
b110 ,
b110 9
b1110 .
b1110 7
b1110 <
b110 -
b110 6
b110 c
0J
1Q
0G
1N
0D
1L
b110 $
b1010 #
b1010 *
b1010 2
b1010 ;
b1010 >
b1010 b
b11001010 '
b1111001010 (
#19420000
b10111 0
b10111 8
b10111 B
b111 !
b111 ,
b111 9
b1111 .
b1111 7
b1111 <
b111 -
b111 6
b111 c
1J
1G
1D
b111 $
b1011 #
b1011 *
b1011 2
b1011 ;
b1011 >
b1011 b
b11001011 '
b1111001011 (
#19440000
b11000 0
b11000 8
b11000 B
b0 !
b0 ,
b0 9
b1100 /
b1100 3
b1100 4
b1100 .
b1100 7
b1100 <
1_
b0 -
b0 6
b0 c
0J
0Q
0X
1?
0G
0N
0U
1W
0D
0L
1S
b0 $
b1100 #
b1100 *
b1100 2
b1100 ;
b1100 >
b1100 b
b11001100 '
b1111001100 (
#19460000
b11001 0
b11001 8
b11001 B
b1 !
b1 ,
b1 9
b1101 .
b1101 7
b1101 <
b1 -
b1 6
b1 c
1J
1G
1D
b1 $
b1101 #
b1101 *
b1101 2
b1101 ;
b1101 >
b1101 b
b11001101 '
b1111001101 (
#19480000
b11010 0
b11010 8
b11010 B
b10 !
b10 ,
b10 9
b1110 .
b1110 7
b1110 <
b10 -
b10 6
b10 c
0J
1Q
0G
1N
0D
1L
b10 $
b1110 #
b1110 *
b1110 2
b1110 ;
b1110 >
b1110 b
b11001110 '
b1111001110 (
#19500000
b11011 0
b11011 8
b11011 B
b11 !
b11 ,
b11 9
b1111 .
b1111 7
b1111 <
b11 -
b11 6
b11 c
1J
1G
1D
b11 $
b1111 #
b1111 *
b1111 2
b1111 ;
b1111 >
b1111 b
b11001111 '
b1111001111 (
#19520000
b1101 0
b1101 8
b1101 B
b1101 !
b1101 ,
b1101 9
b0 /
b0 3
b0 4
b1101 .
b1101 7
b1101 <
b1101 -
b1101 6
b1101 c
0Q
1X
0?
1_
0]
0`
0N
1U
0W
1\
0^
1C
0D
0L
0S
0Z
b1101 $
b1101 "
b1101 )
b1101 1
b1101 :
b1101 =
b1101 a
b0 #
b0 *
b0 2
b0 ;
b0 >
b0 b
b11010000 '
b1111010000 (
#19540000
b1110 0
b1110 8
b1110 B
b1100 !
b1100 ,
b1100 9
b1 /
b1 3
b1 4
1Q
b1100 -
b1100 6
b1100 c
0J
1A
0G
1I
1D
b1100 $
b1 #
b1 *
b1 2
b1 ;
b1 >
b1 b
b11010001 '
b1111010001 (
#19560000
0`
1_
0]
0?
b1111 0
b1111 8
b1111 B
1X
0V
b1111 !
b1111 ,
b1111 9
b0 /
b0 3
b0 4
b1111 .
b1111 7
b1111 <
0@
b1111 -
b1111 6
b1111 c
1J
0A
1Q
0O
1G
0I
1N
0D
1L
b1111 $
b10 #
b10 *
b10 2
b10 ;
b10 >
b10 b
b11010010 '
b1111010010 (
#19580000
1`
0_
1]
1?
0X
1V
b10000 0
b10000 8
b10000 B
1@
b1110 !
b1110 ,
b1110 9
b1 /
b1 3
b1 4
0Q
1O
b1110 -
b1110 6
b1110 c
0J
1A
0G
1I
1D
b1110 $
b11 #
b11 *
b11 2
b11 ;
b11 >
b11 b
b11010011 '
b1111010011 (
#19600000
b10001 0
b10001 8
b10001 B
1`
b1001 !
b1001 ,
b1001 9
b100 /
b100 3
b100 4
b1101 .
b1101 7
b1101 <
0@
0_
1]
b1001 -
b1001 6
b1001 c
1J
0A
0Q
0O
0X
0V
1?
0T
1G
0I
0N
0U
1W
0D
0L
1S
b1001 $
b100 #
b100 *
b100 2
b100 ;
b100 >
b100 b
b11010100 '
b1111010100 (
#19620000
b10010 0
b10010 8
b10010 B
b1000 !
b1000 ,
b1000 9
b101 /
b101 3
b101 4
1Q
b1000 -
b1000 6
b1000 c
0J
1A
0G
1I
1D
b1000 $
b101 #
b101 *
b101 2
b101 ;
b101 >
b101 b
b11010101 '
b1111010101 (
#19640000
b10011 0
b10011 8
b10011 B
0X
b1011 !
b1011 ,
b1011 9
b100 /
b100 3
b100 4
b1111 .
b1111 7
b1111 <
0@
b1011 -
b1011 6
b1011 c
1J
0A
1Q
0O
1G
0I
1N
0D
1L
b1011 $
b110 #
b110 *
b110 2
b110 ;
b110 >
b110 b
b11010110 '
b1111010110 (
#19660000
1X
b10100 0
b10100 8
b10100 B
1@
b1010 !
b1010 ,
b1010 9
b101 /
b101 3
b101 4
0Q
1O
b1010 -
b1010 6
b1010 c
0J
1A
0G
1I
1D
b1010 $
b111 #
b111 *
b111 2
b111 ;
b111 >
b111 b
b11010111 '
b1111010111 (
#19680000
b10101 0
b10101 8
b10101 B
b101 !
b101 ,
b101 9
b1000 /
b1000 3
b1000 4
b1101 .
b1101 7
b1101 <
0@
b101 -
b101 6
b101 c
1J
0A
0Q
0O
1X
0V
0?
0_
0]
1`
0[
1G
0I
0N
1U
0W
0\
1^
0D
0L
0S
1Z
b101 $
b1000 #
b1000 *
b1000 2
b1000 ;
b1000 >
b1000 b
b11011000 '
b1111011000 (
#19700000
b10110 0
b10110 8
b10110 B
b100 !
b100 ,
b100 9
b1001 /
b1001 3
b1001 4
1Q
b100 -
b100 6
b100 c
0J
1A
0G
1I
1D
b100 $
b1001 #
b1001 *
b1001 2
b1001 ;
b1001 >
b1001 b
b11011001 '
b1111011001 (
#19720000
0_
0?
b10111 0
b10111 8
b10111 B
1X
0V
b111 !
b111 ,
b111 9
b1000 /
b1000 3
b1000 4
b1111 .
b1111 7
b1111 <
0@
b111 -
b111 6
b111 c
1J
0A
1Q
0O
1G
0I
1N
0D
1L
b111 $
b1010 #
b1010 *
b1010 2
b1010 ;
b1010 >
b1010 b
b11011010 '
b1111011010 (
#19740000
1_
1?
0X
1V
b11000 0
b11000 8
b11000 B
1@
b110 !
b110 ,
b110 9
b1001 /
b1001 3
b1001 4
0Q
1O
b110 -
b110 6
b110 c
0J
1A
0G
1I
1D
b110 $
b1011 #
b1011 *
b1011 2
b1011 ;
b1011 >
b1011 b
b11011011 '
b1111011011 (
#19760000
b11001 0
b11001 8
b11001 B
b1 !
b1 ,
b1 9
b1100 /
b1100 3
b1100 4
b1101 .
b1101 7
b1101 <
0@
1_
b1 -
b1 6
b1 c
1J
0A
0Q
0O
0X
0V
1?
0T
1G
0I
0N
0U
1W
0D
0L
1S
b1 $
b1100 #
b1100 *
b1100 2
b1100 ;
b1100 >
b1100 b
b11011100 '
b1111011100 (
#19780000
b11010 0
b11010 8
b11010 B
b0 !
b0 ,
b0 9
b1101 /
b1101 3
b1101 4
1Q
b0 -
b0 6
b0 c
0J
1A
0G
1I
1D
b0 $
b1101 #
b1101 *
b1101 2
b1101 ;
b1101 >
b1101 b
b11011101 '
b1111011101 (
#19800000
b11011 0
b11011 8
b11011 B
0X
b11 !
b11 ,
b11 9
b1100 /
b1100 3
b1100 4
b1111 .
b1111 7
b1111 <
0@
b11 -
b11 6
b11 c
1J
0A
1Q
0O
1G
0I
1N
0D
1L
b11 $
b1110 #
b1110 *
b1110 2
b1110 ;
b1110 >
b1110 b
b11011110 '
b1111011110 (
#19820000
1X
b11100 0
b11100 8
b11100 B
1@
b10 !
b10 ,
b10 9
b1101 /
b1101 3
b1101 4
0Q
1O
b10 -
b10 6
b10 c
0J
1A
0G
1I
1D
b10 $
b1111 #
b1111 *
b1111 2
b1111 ;
b1111 >
b1111 b
b11011111 '
b1111011111 (
#19840000
0@
b1110 0
b1110 8
b1110 B
b1110 !
b1110 ,
b1110 9
b0 /
b0 3
b0 4
b1110 .
b1110 7
b1110 <
1Q
0O
b1110 -
b1110 6
b1110 c
0A
1X
0V
0?
1_
0]
0`
0I
1U
0W
1\
0^
0C
1K
0D
0L
0S
0Z
b1110 $
b1110 "
b1110 )
b1110 1
b1110 :
b1110 =
b1110 a
b0 #
b0 *
b0 2
b0 ;
b0 >
b0 b
b11100000 '
b1111100000 (
#19860000
b1111 0
b1111 8
b1111 B
b1111 !
b1111 ,
b1111 9
b1111 .
b1111 7
b1111 <
b1111 -
b1111 6
b1111 c
1J
1G
1D
b1111 $
b1 #
b1 *
b1 2
b1 ;
b1 >
b1 b
b11100001 '
b1111100001 (
#19880000
1`
0_
1]
b10000 0
b10000 8
b10000 B
1?
b1100 !
b1100 ,
b1100 9
b10 /
b10 3
b10 4
b1110 .
b1110 7
b1110 <
0X
1V
b1100 -
b1100 6
b1100 c
0J
0Q
1@
0G
0N
1P
0D
1L
b1100 $
b10 #
b10 *
b10 2
b10 ;
b10 >
b10 b
b11100010 '
b1111100010 (
#19900000
b10001 0
b10001 8
b10001 B
b1101 !
b1101 ,
b1101 9
b1111 .
b1111 7
b1111 <
b1101 -
b1101 6
b1101 c
1J
1G
1D
b1101 $
b11 #
b11 *
b11 2
b11 ;
b11 >
b11 b
b11100011 '
b1111100011 (
#19920000
b10010 0
b10010 8
b10010 B
1`
b1010 !
b1010 ,
b1010 9
b100 /
b100 3
b100 4
b1110 .
b1110 7
b1110 <
0_
1]
b1010 -
b1010 6
b1010 c
0J
1Q
0@
0X
0V
1?
0T
0G
1N
0P
0U
1W
0D
0L
1S
b1010 $
b100 #
b100 *
b100 2
b100 ;
b100 >
b100 b
b11100100 '
b1111100100 (
#19940000
b10011 0
b10011 8
b10011 B
b1011 !
b1011 ,
b1011 9
b1111 .
b1111 7
b1111 <
b1011 -
b1011 6
b1011 c
1J
1G
1D
b1011 $
b101 #
b101 *
b101 2
b101 ;
b101 >
b101 b
b11100101 '
b1111100101 (
#19960000
b10100 0
b10100 8
b10100 B
b1000 !
b1000 ,
b1000 9
b110 /
b110 3
b110 4
b1110 .
b1110 7
b1110 <
1X
b1000 -
b1000 6
b1000 c
0J
0Q
1@
0G
0N
1P
0D
1L
b1000 $
b110 #
b110 *
b110 2
b110 ;
b110 >
b110 b
b11100110 '
b1111100110 (
#19980000
b10101 0
b10101 8
b10101 B
b1001 !
b1001 ,
b1001 9
b1111 .
b1111 7
b1111 <
b1001 -
b1001 6
b1001 c
1J
1G
1D
b1001 $
b111 #
b111 *
b111 2
b111 ;
b111 >
b111 b
b11100111 '
b1111100111 (
#20000000
b10110 0
b10110 8
b10110 B
b110 !
b110 ,
b110 9
b1000 /
b1000 3
b1000 4
b1110 .
b1110 7
b1110 <
b110 -
b110 6
b110 c
0J
1Q
0@
1X
0V
0?
0_
0]
1`
0[
0G
1N
0P
1U
0W
0\
1^
0D
0L
0S
1Z
b110 $
b1000 #
b1000 *
b1000 2
b1000 ;
b1000 >
b1000 b
b11101000 '
b1111101000 (
#20020000
b10111 0
b10111 8
b10111 B
b111 !
b111 ,
b111 9
b1111 .
b1111 7
b1111 <
b111 -
b111 6
b111 c
1J
1G
1D
b111 $
b1001 #
b1001 *
b1001 2
b1001 ;
b1001 >
b1001 b
b11101001 '
b1111101001 (
#20040000
1_
b11000 0
b11000 8
b11000 B
1?
b100 !
b100 ,
b100 9
b1010 /
b1010 3
b1010 4
b1110 .
b1110 7
b1110 <
0X
1V
b100 -
b100 6
b100 c
0J
0Q
1@
0G
0N
1P
0D
1L
b100 $
b1010 #
b1010 *
b1010 2
b1010 ;
b1010 >
b1010 b
b11101010 '
b1111101010 (
#20060000
b11001 0
b11001 8
b11001 B
b101 !
b101 ,
b101 9
b1111 .
b1111 7
b1111 <
b101 -
b101 6
b101 c
1J
1G
1D
b101 $
b1011 #
b1011 *
b1011 2
b1011 ;
b1011 >
b1011 b
b11101011 '
b1111101011 (
#20080000
b11010 0
b11010 8
b11010 B
b10 !
b10 ,
b10 9
b1100 /
b1100 3
b1100 4
b1110 .
b1110 7
b1110 <
1_
b10 -
b10 6
b10 c
0J
1Q
0@
0X
0V
1?
0T
0G
1N
0P
0U
1W
0D
0L
1S
b10 $
b1100 #
b1100 *
b1100 2
b1100 ;
b1100 >
b1100 b
b11101100 '
b1111101100 (
#20100000
b11011 0
b11011 8
b11011 B
b11 !
b11 ,
b11 9
b1111 .
b1111 7
b1111 <
b11 -
b11 6
b11 c
1J
1G
1D
b11 $
b1101 #
b1101 *
b1101 2
b1101 ;
b1101 >
b1101 b
b11101101 '
b1111101101 (
#20120000
b11100 0
b11100 8
b11100 B
b0 !
b0 ,
b0 9
b1110 /
b1110 3
b1110 4
b1110 .
b1110 7
b1110 <
1X
b0 -
b0 6
b0 c
0J
0Q
1@
0G
0N
1P
0D
1L
b0 $
b1110 #
b1110 *
b1110 2
b1110 ;
b1110 >
b1110 b
b11101110 '
b1111101110 (
#20140000
b11101 0
b11101 8
b11101 B
b1 !
b1 ,
b1 9
b1111 .
b1111 7
b1111 <
b1 -
b1 6
b1 c
1J
1G
1D
b1 $
b1111 #
b1111 *
b1111 2
b1111 ;
b1111 >
b1111 b
b11101111 '
b1111101111 (
#20160000
b1111 0
b1111 8
b1111 B
b1111 !
b1111 ,
b1111 9
b0 /
b0 3
b0 4
b1111 -
b1111 6
b1111 c
1Q
0@
1X
0V
0?
1_
0]
0`
1N
0P
1U
0W
1\
0^
1C
0D
0L
0S
0Z
b1111 $
b1111 "
b1111 )
b1111 1
b1111 :
b1111 =
b1111 a
b0 #
b0 *
b0 2
b0 ;
b0 >
b0 b
b11110000 '
b1111110000 (
#20180000
1`
0_
1]
1?
0X
1V
b10000 0
b10000 8
b10000 B
1@
b1110 !
b1110 ,
b1110 9
b1 /
b1 3
b1 4
0Q
1O
b1110 -
b1110 6
b1110 c
0J
1A
0G
1I
1D
b1110 $
b1 #
b1 *
b1 2
b1 ;
b1 >
b1 b
b11110001 '
b1111110001 (
#20200000
1`
0_
1]
b10001 0
b10001 8
b10001 B
1?
b1101 !
b1101 ,
b1101 9
b10 /
b10 3
b10 4
0X
1V
b1101 -
b1101 6
b1101 c
1J
0A
0Q
0O
1@
0M
1G
0I
0N
1P
0D
1L
b1101 $
b10 #
b10 *
b10 2
b10 ;
b10 >
b10 b
b11110010 '
b1111110010 (
#20220000
b10010 0
b10010 8
b10010 B
b1100 !
b1100 ,
b1100 9
b11 /
b11 3
b11 4
1Q
b1100 -
b1100 6
b1100 c
0J
1A
0G
1I
1D
b1100 $
b11 #
b11 *
b11 2
b11 ;
b11 >
b11 b
b11110011 '
b1111110011 (
#20240000
b10011 0
b10011 8
b10011 B
1`
b1011 !
b1011 ,
b1011 9
b100 /
b100 3
b100 4
0_
1]
b1011 -
b1011 6
b1011 c
1J
0A
1Q
0O
0@
0X
0V
1?
0T
1G
0I
1N
0P
0U
1W
0D
0L
1S
b1011 $
b100 #
b100 *
b100 2
b100 ;
b100 >
b100 b
b11110100 '
b1111110100 (
#20260000
1X
b10100 0
b10100 8
b10100 B
1@
b1010 !
b1010 ,
b1010 9
b101 /
b101 3
b101 4
0Q
1O
b1010 -
b1010 6
b1010 c
0J
1A
0G
1I
1D
b1010 $
b101 #
b101 *
b101 2
b101 ;
b101 >
b101 b
b11110101 '
b1111110101 (
#20280000
b10101 0
b10101 8
b10101 B
b1001 !
b1001 ,
b1001 9
b110 /
b110 3
b110 4
1X
b1001 -
b1001 6
b1001 c
1J
0A
0Q
0O
1@
0M
1G
0I
0N
1P
0D
1L
b1001 $
b110 #
b110 *
b110 2
b110 ;
b110 >
b110 b
b11110110 '
b1111110110 (
#20300000
b10110 0
b10110 8
b10110 B
b1000 !
b1000 ,
b1000 9
b111 /
b111 3
b111 4
1Q
b1000 -
b1000 6
b1000 c
0J
1A
0G
1I
1D
b1000 $
b111 #
b111 *
b111 2
b111 ;
b111 >
b111 b
b11110111 '
b1111110111 (
#20320000
b10111 0
b10111 8
b10111 B
b111 !
b111 ,
b111 9
b1000 /
b1000 3
b1000 4
b111 -
b111 6
b111 c
1J
0A
1Q
0O
0@
1X
0V
0?
0_
0]
1`
0[
1G
0I
1N
0P
1U
0W
0\
1^
0D
0L
0S
1Z
b111 $
b1000 #
b1000 *
b1000 2
b1000 ;
b1000 >
b1000 b
b11111000 '
b1111111000 (
#20340000
1_
1?
0X
1V
b11000 0
b11000 8
b11000 B
1@
b110 !
b110 ,
b110 9
b1001 /
b1001 3
b1001 4
0Q
1O
b110 -
b110 6
b110 c
0J
1A
0G
1I
1D
b110 $
b1001 #
b1001 *
b1001 2
b1001 ;
b1001 >
b1001 b
b11111001 '
b1111111001 (
#20360000
1_
b11001 0
b11001 8
b11001 B
1?
b101 !
b101 ,
b101 9
b1010 /
b1010 3
b1010 4
0X
1V
b101 -
b101 6
b101 c
1J
0A
0Q
0O
1@
0M
1G
0I
0N
1P
0D
1L
b101 $
b1010 #
b1010 *
b1010 2
b1010 ;
b1010 >
b1010 b
b11111010 '
b1111111010 (
#20380000
b11010 0
b11010 8
b11010 B
b100 !
b100 ,
b100 9
b1011 /
b1011 3
b1011 4
1Q
b100 -
b100 6
b100 c
0J
1A
0G
1I
1D
b100 $
b1011 #
b1011 *
b1011 2
b1011 ;
b1011 >
b1011 b
b11111011 '
b1111111011 (
#20400000
b11011 0
b11011 8
b11011 B
b11 !
b11 ,
b11 9
b1100 /
b1100 3
b1100 4
1_
b11 -
b11 6
b11 c
1J
0A
1Q
0O
0@
0X
0V
1?
0T
1G
0I
1N
0P
0U
1W
0D
0L
1S
b11 $
b1100 #
b1100 *
b1100 2
b1100 ;
b1100 >
b1100 b
b11111100 '
b1111111100 (
#20420000
1X
b11100 0
b11100 8
b11100 B
1@
b10 !
b10 ,
b10 9
b1101 /
b1101 3
b1101 4
0Q
1O
b10 -
b10 6
b10 c
0J
1A
0G
1I
1D
b10 $
b1101 #
b1101 *
b1101 2
b1101 ;
b1101 >
b1101 b
b11111101 '
b1111111101 (
#20440000
b11101 0
b11101 8
b11101 B
b1 !
b1 ,
b1 9
b1110 /
b1110 3
b1110 4
1X
b1 -
b1 6
b1 c
1J
0A
0Q
0O
1@
0M
1G
0I
0N
1P
0D
1L
b1 $
b1110 #
b1110 *
b1110 2
b1110 ;
b1110 >
b1110 b
b11111110 '
b1111111110 (
#20460000
b11110 0
b11110 8
b11110 B
b0 !
b0 ,
b0 9
b1111 /
b1111 3
b1111 4
1Q
b0 -
b0 6
b0 c
0J
1A
0G
1I
1D
b0 $
b1111 #
b1111 *
b1111 2
b1111 ;
b1111 >
b1111 b
b11111111 '
b1111111111 (
#20480000
b100000000 '
b10000000000 (
